ticket_id,type,organization,organization_action,comment,coords,photo,photo_after,address,subdistrict,district,province,timestamp,state,star,count_reopen,last_activity,duration_minutes_inprogress,duration_minutes_finished,duration_minutes_total,timestamp_inprogress,timestamp_finished,message_id,problemtype_tag,latitude,longitude,duration_hours,dispatch_hours,work_hours,drain_category
2022-P8RT3W,น้ำท่วม,"การประปานครหลวง กปน. (Metropolitan Waterworks Authority - MWA), สำนักงานประปาสาขาลาดพร้าว สสล., เขตวังทองหลาง, กรุงเทพมหานคร, ผอ.เขตวังทองหลาง (นายโครงการ), กลุ่มกรุงเทพกลาง (นายสุขสันต์ กิตติศุภกร), เพื่อนชัชชาติ","สำนักงานประปาสาขาลาดพร้าว สสล., เพื่อนชัชชาติ, กลุ่มกรุงเทพกลาง (นายสุขสันต์ กิตติศุภกร), ผอ.เขตวังทองหลาง (นายโครงการ), กรุงเทพมหานคร, เขตวังทองหลาง, การประปานครหลวง กปน. (Metropolitan Waterworks Authority - MWA)",ซอยเครือคล้าย 2 แยก3 มีน้ำท่วมขัง ทำให้น้ำไหลออกมาตรงถนนกลางซอย จากการดูเบื้องต้นพบว่าท่อระบายน้ำตรงแยก3 และ 2 ทำงานได้ไม่เต็มที่ คาดว่าท่ออาจจะตัน รบกวนมาดูท่อน้ำค่ะ ความสูงระดับข้อเท้า น้ำท่วมน้อยกว่า 1 ชั่วโมง,"100.59308,13.78309",https://storage.googleapis.com/traffy_public_bucket/attachment/2022-09/cbe30eb56d186eb62d6f309fca344751de1b8428.jpg,,66/105 ลาดพร้าว( ซอย .64 ) แขวง วังทองหลาง เขตวังทองหลาง กรุงเทพมหานคร 10310 ประเทศไทย,วังทองหลาง,วังทองหลาง,กรุงเทพมหานคร,2022-09-29 14:54:26.496317,เสร็จสิ้น,,0,2022-10-01 00:32:44.765171,,305.0,305.0,,2022-09-29 19:58:52.320042,242162,{น้ำท่วม},13.78309,100.59308,5.083333333333333,,5.083333333333333,Transient Surcharge Candidate
2022-BFK9RT,ถนน,"กรุงเทพมหานคร, เขตราษฎร์บูรณะ, เพื่อนชัชชาติ, ผอ.เขตราษฎร์บูรณะ (นายดลจิตร์), กลุ่มกรุงธนใต้ (นายเฉลิมพล โชตินุชิต)","เขตราษฎร์บูรณะ, กลุ่มกรุงธนใต้ (นายเฉลิมพล โชตินุชิต), ผอ.เขตราษฎร์บูรณะ (นายดลจิตร์), เพื่อนชัชชาติ, กรุงเทพมหานคร",ต้องการให้ทำถนน เพราะตอนนี้ถนนยังเป็นหินคลุก ฝนตกน้ำท่วมขัง เดือดร้อนมาก,"100.49945,13.66139",https://storage.googleapis.com/traffy_public_bucket/attachment/2022-09/264ca2bc5a460dd6f22f9f4ebc17823b0c0c62a2.jpg,https://storage.googleapis.com/traffy_public_bucket/attachment/2022-09/7b1fef85f80d553c7b977bc3b83342329988a1e3.jpg,518/3 ถ. ประชาอุทิศ แขวง ราษฎร์บูรณะ เขตราษฎร์บูรณะ กรุงเทพมหานคร 10140 ประเทศไทย,ราษฎร์บูรณะ,ราษฎร์บูรณะ,กรุงเทพมหานคร,2022-09-29 14:15:11.695722,เสร็จสิ้น,,1,2022-09-29 15:36:36.040737,33.0,82.0,82.0,2022-09-29 14:47:49.676099,2022-09-29 15:36:37.198331,242122,{ถนน},13.66139,100.49945,1.3666666666666667,0.55,1.3666666666666667,Hydraulic Capacity Surcharge
2022-FTP6XU,น้ำท่วม,"กรุงเทพมหานคร, เขตประเวศ, เพื่อนชัชชาติ, ฝ่ายโยธา เขตประเวศ, ผอ.เขตประเวศ (นายดิชา), กลุ่มกรุงเทพตะวันออก (นายณรงค์ เรืองศรี)","เขตประเวศ, กลุ่มกรุงเทพตะวันออก (นายณรงค์ เรืองศรี), ผอ.เขตประเวศ (นายดิชา), ฝ่ายโยธา เขตประเวศ, เพื่อนชัชชาติ, กรุงเทพมหานคร",น้ำท่วม ความสูงระดับข้อเท้า น้ำท่วมน้อยกว่า 3 ชั่วโมง,"100.66519,13.72545",https://storage.googleapis.com/traffy_public_bucket/attachment/2022-09/a98a923ce413c4f6f17bd7ee5c46035321f68ffa.jpg,https://storage.googleapis.com/traffy_public_bucket/attachment/2022-10/1ce08e4398ce800ffb95dc6ff5729e0214f7839a.jpg,65 ซอย พัฒนาการ 65 แยก 2-2 แขวง ประเวศ เขต ประเวศ กรุงเทพมหานคร 10250 ประเทศไทย,ประเวศ,ประเวศ,กรุงเทพมหานคร,2022-09-29 09:55:27.571019,เสร็จสิ้น,5.0,0,2022-10-15 11:49:06.909345,42.0,,42.0,2022-09-29 10:37:00.023650,,241871,{น้ำท่วม},13.72545,100.66519,0.7,0.7,,Transient Surcharge Candidate
2022-3RU73K,น้ำท่วม,"กรุงเทพมหานคร, เขตพระโขนง, เพื่อนชัชชาติ, ผอ.เขตพระโขนง (น.ส.วรุณลักษม์), กลุ่มกรุงเทพใต้ (นายชาตรี วัฒนเขจร)","เขตพระโขนง, กลุ่มกรุงเทพใต้ (นายชาตรี วัฒนเขจร), ผอ.เขตพระโขนง (น.ส.วรุณลักษม์), เพื่อนชัชชาติ, กรุงเทพมหานคร",ระดับน้ำในคลองและพื้นถนนเริ่มท่วมสูง  ความสูงระดับข้อเท้า น้ำท่วมน้อยกว่า 3 ชั่วโมง,"100.62614,13.69934",https://storage.googleapis.com/traffy_public_bucket/attachment/2022-09/3605fad279403fb569fc6504d3418596f18d0aa4.jpg,https://storage.googleapis.com/traffy_public_bucket/attachment/2022-09/d275d2215963e891d05af4e0b859916588725171.jpg,86/288 ซอย พึ่งมี 50 แขวง บางจาก เขตพระโขนง กรุงเทพมหานคร 10260 ประเทศไทย,บางจาก,พระโขนง,กรุงเทพมหานคร,2022-09-27 18:25:32.437958,เสร็จสิ้น,,0,2022-09-27 19:51:11.216098,14.0,86.0,86.0,2022-09-27 18:39:20.109865,2022-09-27 19:51:11.222441,240588,{น้ำท่วม},13.69934,100.62614,1.4333333333333333,0.23333333333333334,1.4333333333333333,Transient Surcharge Candidate
2022-LKN46D,น้ำท่วม,"กรุงเทพมหานคร, เขตสายไหม, เพื่อนชัชชาติ, ฝ่ายโยธา เขตสายไหม, กลุ่มงานระบายน้ำ V.2 เขตสายไหม, ผอ.เขตสายไหม (นายสมบัติ), กลุ่มกรุงเทพเหนือ (นางวันทนีย์ วัฒนะ)","ฝ่ายโยธา เขตสายไหม, เขตสายไหม, กลุ่มกรุงเทพเหนือ (นางวันทนีย์ วัฒนะ), ผอ.เขตสายไหม (นายสมบัติ), เพื่อนชัชชาติ, กรุงเทพมหานคร",น้ำกำลังท่วมสูงขึ้นเรื่อยๆนะคะ เพิ่มจากเมื่อคืนประมาน10-15cm. ยังไม่เห็นว่าน้ำระบายออกตรงไหนได้บ้างเลย ท่วมทุกครั้งที่ฝนตก ดูแต่ถนนใหญ่ถนนหลัก เข้ามาดูในซอยด้วยค่ะ ซอยจตุโชติ10 พูลสวัสดิ์2 ความสูงระดับหัวเข่า น้ำท่วมน้อยกว่า 1 วัน,"100.67389,13.89194",https://storage.googleapis.com/traffy_public_bucket/attachment/2022-09/df3041d4826c4b1f6688f6cb6312a0f389e37f37.jpg,https://storage.googleapis.com/traffy_public_bucket/attachment/2022-09/36f6411f7d940e82e66483df14a4366317481c54.jpg,41/9 พูลสวัสดิ 2 แขวง ออเงิน เขตสายไหม กรุงเทพมหานคร 10220 ประเทศไทย,ออเงิน,สายไหม,กรุงเทพมหานคร,2022-09-26 16:52:30.739786,เสร็จสิ้น,3.0,0,2022-09-26 19:23:28.821705,103.0,151.0,151.0,2022-09-26 18:35:28.830474,2022-09-26 19:23:28.824861,239597,{น้ำท่วม},13.89194,100.67389,2.5166666666666666,1.7166666666666666,2.5166666666666666,Transient Surcharge Candidate
2022-4UEU6R,น้ำท่วม,"เพื่อนชัชชาติ, เขตลาดกระบัง, กรุงเทพมหานคร, ผอ.เขตลาดกระบัง (นายธนะสิทธิ์), กลุ่มกรุงเทพตะวันออก (นายณรงค์ เรืองศรี)","เขตลาดกระบัง, กลุ่มกรุงเทพตะวันออก (นายณรงค์ เรืองศรี), ผอ.เขตลาดกระบัง (นายธนะสิทธิ์), กรุงเทพมหานคร, เพื่อนชัชชาติ",ฝนตกหนักน้ำจะท่วมสูงค่ะ และถ้าฝนหยุดยังคงมีน้ำท่วมขังอยู่ค่ะ ความสูงระดับหน้าแข้ง น้ำท่วมน้อยกว่า 1 ชั่วโมง,"100.73525,13.77286",https://storage.googleapis.com/traffy_public_bucket/attachment/2022-09/f889dafa3add16eb054ea7a4bf161f21cb999a47.jpg,https://storage.googleapis.com/traffy_public_bucket/attachment/2022-09/984497d38a8bb9b2378b0e346bf0560d242751c6.jpg,เลขที่ ถนน เคหะร่มเกล้า แขวง คลองสองต้นนุ่น เขตลาดกระบัง กรุงเทพมหานคร 10520 ประเทศไทย,คลองสองต้นนุ่น,ลาดกระบัง,กรุงเทพมหานคร,2022-09-26 08:42:33.883754,เสร็จสิ้น,5.0,0,2022-09-27 09:43:57.298095,76.0,403.0,403.0,2022-09-26 09:57:42.185904,2022-09-26 15:25:13.582710,239202,{น้ำท่วม},13.77286,100.73525,6.716666666666667,1.2666666666666666,6.716666666666667,Hydraulic Capacity Surcharge
2022-LR9GN8,ทางเท้า,"เพื่อนชัชชาติ, เขตราชเทวี, กรุงเทพมหานคร, สำนักการระบายน้ำ กทม., กองระบบคลอง สำนักการระบายน้ำ, ผอ.เขตราชเทวี (นายกรณิศ), กลุ่มกรุงเทพกลาง (นายสุขสันต์ กิตติศุภกร)","สำนักการระบายน้ำ กทม., เขตราชเทวี, กลุ่มกรุงเทพกลาง (นายสุขสันต์ กิตติศุภกร), ผอ.เขตราชเทวี (นายกรณิศ), กองระบบคลอง สำนักการระบายน้ำ, กรุงเทพมหานคร, เพื่อนชัชชาติ",น้ำท่วมขังทางเข้าท่าเรือคลองแสนแสบท่าอโศก เคยแจ้งแล้วไม่มาปรับปรุงซักที,"100.56303,13.74798",https://storage.googleapis.com/traffy_public_bucket/attachment/2022-09/dae8e4b4fa3d0221cd380177731a2be39c606e92.jpg,https://storage.googleapis.com/traffy_public_bucket/attachment/2022-09/2985ea7964ad109bda59ef2bca2b7609bcf15ffb.jpg,PHX7+47C แขวง มักกะสัน เขตราชเทวี กรุงเทพมหานคร 10110 ประเทศไทย,มักกะสัน,ราชเทวี,กรุงเทพมหานคร,2022-09-26 08:25:03.617626,เสร็จสิ้น,4.0,0,2022-09-26 13:10:39.384119,,286.0,286.0,,2022-09-26 13:10:40.505077,239187,{ทางเท้า},13.74798,100.56303,4.766666666666667,,4.766666666666667,Transient Surcharge Candidate
2022-F66TR2,น้ำท่วม,"กรุงเทพมหานคร, เขตลาดกระบัง, เพื่อนชัชชาติ, ผอ.เขตลาดกระบัง (นายธนะสิทธิ์), กลุ่มกรุงเทพตะวันออก (นายณรงค์ เรืองศรี)","เขตลาดกระบัง, กลุ่มกรุงเทพตะวันออก (นายณรงค์ เรืองศรี), ผอ.เขตลาดกระบัง (นายธนะสิทธิ์), เพื่อนชัชชาติ, กรุงเทพมหานคร",น้ำท่วมหน้าวัดปากบึง ตลาดบวรร่มเกล้า ถนนร่มเกล้า 24 ค่ะ ความสูงระดับหน้าแข้ง น้ำท่วมน้อยกว่า 1 วัน,"100.73769,13.77644",https://storage.googleapis.com/traffy_public_bucket/attachment/2022-09/cb621c2ab2d954d5478c9ffa4183ac3305a7d66a.jpg,https://storage.googleapis.com/traffy_public_bucket/attachment/2022-09/debddd2c394772efa76db44572f507024fc7b3b7.jpg,253/1045 หมู่ที่ 3 ถนนราษฎร์พัฒนา แขวงคลองสองต้นนุ่น เขตลาดกระบัง กรุงเทพมหานคร 10520 แขวง คลองสองต้นนุ่น เขตลาดกระบัง กรุงเทพมหานคร 10520 ประเทศไทย,คลองสองต้นนุ่น,ลาดกระบัง,กรุงเทพมหานคร,2022-09-26 06:58:15.174791,เสร็จสิ้น,,0,2022-09-27 09:33:53.592186,180.0,508.0,508.0,2022-09-26 09:58:06.971059,2022-09-26 15:25:46.635635,239130,{น้ำท่วม},13.77644,100.73769,8.466666666666667,3.0,8.466666666666667,Transient Surcharge Candidate
2022-99R7M4,น้ำท่วม,"เพื่อนชัชชาติ, เขตบางเขน, กรุงเทพมหานคร, ผอ.เขตบางเขน (น.ส.อัญชนา), กลุ่มกรุงเทพเหนือ (นางวันทนีย์ วัฒนะ)","เขตบางเขน, กลุ่มกรุงเทพเหนือ (นางวันทนีย์ วัฒนะ), ผอ.เขตบางเขน (น.ส.อัญชนา), กรุงเทพมหานคร, เพื่อนชัชชาติ",ปากซอยรามอินทรา21 เครื่องสูบน้ำไม่ทำงาน บ้านประชาชนที่อยู่ต่ำกว่าถนนซอยจึงได้มีน้ำท่วมขังอยู่ ความสูงระดับหัวเข่า น้ำท่วมน้อยกว่า 1 วัน,"100.61803,13.86527",https://storage.googleapis.com/traffy_public_bucket/attachment/2022-09/c9edf7cc2d99ec25e41d57a1a265a824963644fd.jpg,https://storage.googleapis.com/traffy_public_bucket/attachment/2022-09/e83165ed29a8f55968f4f803d11aca491da68e87.jpg,16 ซอย รามอินทรา 21 แขวง อนุสาวรีย์ เขตบางเขน กรุงเทพมหานคร 10220 ประเทศไทย,อนุสาวรีย์,บางเขน,กรุงเทพมหานคร,2022-09-25 14:41:19.235182,เสร็จสิ้น,3.0,0,2022-09-27 08:44:45.554161,9.0,492.0,492.0,2022-09-25 14:49:31.106122,2022-09-25 22:52:35.998518,238736,{น้ำท่วม},13.86527,100.61803,8.2,0.15,8.2,Transient Surcharge Candidate
2022-44CNGD,น้ำท่วม,"เพื่อนชัชชาติ, เขตลาดกระบัง, กรุงเทพมหานคร, ผอ.เขตลาดกระบัง (นายธนะสิทธิ์), กลุ่มกรุงเทพตะวันออก (นายณรงค์ เรืองศรี)","เขตลาดกระบัง, กลุ่มกรุงเทพตะวันออก (นายณรงค์ เรืองศรี), ผอ.เขตลาดกระบัง (นายธนะสิทธิ์), กรุงเทพมหานคร, เพื่อนชัชชาติ","เรื่องขอความอนุเคราะห์รถโมบายสูบน้ำ(ต่อเนื่องอีกหนึ่งวัน)  
เนื่องจากเครื่องสูบน้ำหมู่บ้านเลคการ์เด้น ทำงานต่อเนื่องเป็นเวลา 1เดือนทำให้เครื่อบสูบน้ำมีปัญหาซีลรั่ว น้ำมันเครื่องไหลออกต่อเนื่อง จึงจำเป็นจะต้องซ่อม เปลี่ยนซีลซึ่งใช้เวลา 1 วัน วันนี้ทางหมู่บ้านเลคการ์เด้นจึงขอความอนุเคราะห์รถโมบายสูบน้ำต่อเนื่องอีกวันครับ 
ศานิต ถิระวัฒน์
ประธานหมู่บ้านเลคการ์เด้น
0989843108 ความสูงระดับหน้าแข้ง น้ำท่วมน้อยกว่า 1 วัน","100.85794,13.72056",https://storage.googleapis.com/traffy_public_bucket/attachment/2022-09/d204b7375d95c4f24d1760f75ca12dfea1f4689b.jpg,https://storage.googleapis.com/traffy_public_bucket/attachment/2022-09/70fb7493d8bce2ddb212fc72d0092dbbfd1b4e05.jpg,162/3 ซอย ขุมทอง-ลำต้อยติ่ง2 แขวง ขุมทอง เขตลาดกระบัง กรุงเทพมหานคร 10520 ประเทศไทย,ขุมทอง,ลาดกระบัง,กรุงเทพมหานคร,2022-09-25 08:22:44.482527,เสร็จสิ้น,,0,2023-09-01 10:04:26.176699,115.0,137.0,137.0,2022-09-25 10:17:04.707835,2022-09-25 10:39:20.463655,238458,{น้ำท่วม},13.72056,100.85794,2.283333333333333,1.9166666666666667,2.283333333333333,Transient Surcharge Candidate
2022-HF3TG2,น้ำท่วม,"เพื่อนชัชชาติ, กรุงเทพมหานคร, เขตบางขุนเทียน, ผอ.เขตบางขุนเทียน (นางภัสรา), กลุ่มกรุงธนใต้ (นายเฉลิมพล โชตินุชิต)","เขตบางขุนเทียน, กลุ่มกรุงธนใต้ (นายเฉลิมพล โชตินุชิต), ผอ.เขตบางขุนเทียน (นางภัสรา), กรุงเทพมหานคร, เพื่อนชัชชาติ","ปัญหา : น้ำท่วม
เหตุการณ์ : วันที่ 25 กันยายน 2022 ซอยเทียนทะเล 26 โครงการ 2 ฝนตกหนักและมีน้ำท่วมขัง อยากขอทางหน่วยงานช่วยประสานกับประธานหมู่บ้านเร่งสูบน้ำระบายออกครับ ทั้งนี้จะมีอุปสรรคคือถังขยะลอยด้วย ความสูงระดับข้อเท้า น้ำท่วมน้อยกว่า 3 ชั่วโมง","100.42960,13.60738",https://storage.googleapis.com/traffy_public_bucket/attachment/2022-09/83df4b87ba3dc76979f4bed5445a66ebc78209e3.jpg,https://storage.googleapis.com/traffy_public_bucket/attachment/2022-09/6c1a133c2b8e742c8cd1179ca6640d3712aa2eb0.jpg,17/289 เทียนทะเล แขวง แสมดำ เขตบางขุนเทียน กรุงเทพมหานคร 10150 ประเทศไทย,แสมดำ,บางขุนเทียน,กรุงเทพมหานคร,2022-09-25 07:25:27.709000,เสร็จสิ้น,4.0,0,2022-09-25 13:44:26.35889,104.0,379.0,379.0,2022-09-25 09:08:56.298811,2022-09-25 13:44:26.362721,238434,{น้ำท่วม},13.60738,100.4296,6.316666666666666,1.7333333333333334,6.316666666666666,Hydraulic Capacity Surcharge
2022-6YGLNQ,น้ำท่วม,"เพื่อนชัชชาติ, เขตราชเทวี, กรุงเทพมหานคร, ฝ่ายโยธา เขตราชเทวี, ผอ.เขตราชเทวี (นายกรณิศ), กลุ่มกรุงเทพกลาง (นายสุขสันต์ กิตติศุภกร)","ฝ่ายโยธา เขตราชเทวี, เขตราชเทวี, กลุ่มกรุงเทพกลาง (นายสุขสันต์ กิตติศุภกร), ผอ.เขตราชเทวี (นายกรณิศ), กรุงเทพมหานคร, เพื่อนชัชชาติ",น้ำในท่อยังไม่ลงเลยคับ ช่วยระบายน้ำให้หน่อยคับ บ้านยังน้ำท่วมอยู่คับ ความสูงระดับข้อเท้า น้ำท่วมน้อยกว่า 3 ชั่วโมง,"100.54758,13.75791",https://storage.googleapis.com/traffy_public_bucket/attachment/2022-09/3ccd8eb08167875edb3e8041883033e0ca037b83.jpg,https://storage.googleapis.com/traffy_public_bucket/attachment/2022-09/94bc10be20701f216f009e27626d447ea06faef0.jpg,108 ซอย รัชฎภัณฑ์ แขวง มักกะสัน เขตราชเทวี กรุงเทพมหานคร 10400 ประเทศไทย,มักกะสัน,ราชเทวี,กรุงเทพมหานคร,2022-09-25 06:38:36.838290,เสร็จสิ้น,,0,2022-09-25 12:53:17.164979,226.0,375.0,375.0,2022-09-25 10:24:02.263930,2022-09-25 12:53:17.169340,238425,{น้ำท่วม},13.75791,100.54758,6.25,3.7666666666666666,6.25,Transient Surcharge Candidate
2022-BZRNPN,น้ำท่วม,"เพื่อนชัชชาติ, เขตราชเทวี, กรุงเทพมหานคร, ผอ.เขตราชเทวี (นายกรณิศ), กลุ่มกรุงเทพกลาง (นายสุขสันต์ กิตติศุภกร)","เขตราชเทวี, กลุ่มกรุงเทพกลาง (นายสุขสันต์ กิตติศุภกร), ผอ.เขตราชเทวี (นายกรณิศ), กรุงเทพมหานคร, เพื่อนชัชชาติ",น้ำท่วมครับ ความสูงระดับหน้าแข้ง น้ำท่วมน้อยกว่า 1 ชั่วโมง,"100.53351,13.75628",https://storage.googleapis.com/traffy_public_bucket/attachment/2022-09/87541bf011d683b5fdbb98b6c383bab7438b695c.jpg,https://storage.googleapis.com/traffy_public_bucket/attachment/2022-09/571804b7371ba79dc38faee7d22807386ebbab26.jpg,128/99 อาคารพญาไทพลาซ่า ชั้น 9 ถนนพญาไท แขวงทุ่งพญาไท เขตราชเทวี กรุงเทพมหานคร 10400 แขวง ถนนพญาไท เขตราชเทวี กรุงเทพมหานคร 10400 ประเทศไทย,ถนนพญาไท,ราชเทวี,กรุงเทพมหานคร,2022-09-24 23:47:07.271592,เสร็จสิ้น,5.0,0,2022-09-25 10:31:27.518743,,645.0,645.0,,2022-09-25 10:31:27.521952,238395,{น้ำท่วม},13.75628,100.53351,10.75,,10.75,Transient Surcharge Candidate
2022-NEQFNP,น้ำท่วม,"เพื่อนชัชชาติ, เขตวัฒนา, กรุงเทพมหานคร, ฝ่ายโยธา เขตวัฒนา, ผอ.เขตวัฒนา (น.ส.สุชิรา), กลุ่มกรุงเทพใต้ (นายชาตรี วัฒนเขจร)","ฝ่ายโยธา เขตวัฒนา, เขตวัฒนา, กลุ่มกรุงเทพใต้ (นายชาตรี วัฒนเขจร), ผอ.เขตวัฒนา (น.ส.สุชิรา), กรุงเทพมหานคร, เพื่อนชัชชาติ",ซอยย่อยในสุขุมวิท39 น้ำขัง ความสูงระดับข้อเท้า น้ำท่วมน้อยกว่า 1 วัน,"100.57316,13.73357",https://storage.googleapis.com/traffy_public_bucket/attachment/2022-09/97d778d6b8ae7438d681b51b2ff7dd53de844ff0.jpg,https://storage.googleapis.com/traffy_public_bucket/attachment/2022-09/bf4f43ba2eac221937d02d67f46ace573db39981.jpg,8/1 ถนน สุขุมวิท แขวง คลองตันเหนือ เขตวัฒนา กรุงเทพมหานคร 10110 ประเทศไทย,คลองตันเหนือ,วัฒนา,กรุงเทพมหานคร,2022-09-24 14:11:01.153005,เสร็จสิ้น,5.0,0,2022-09-24 15:49:56.395758,,99.0,99.0,,2022-09-24 15:49:56.400229,237991,{น้ำท่วม},13.73357,100.57316,1.65,,1.65,Transient Surcharge Candidate
2022-9PAE6H,น้ำท่วม,"เพื่อนชัชชาติ, เขตจตุจักร, กรุงเทพมหานคร, ผอ.เขตจตุจักร (นางสาวภัทร์กร), กลุ่มกรุงเทพเหนือ (นางวันทนีย์ วัฒนะ)","เขตจตุจักร, กลุ่มกรุงเทพเหนือ (นางวันทนีย์ วัฒนะ), ผอ.เขตจตุจักร (นางสาวภัทร์กร), กรุงเทพมหานคร, เพื่อนชัชชาติ",น้ำท่วม ความสูงระดับหน้าแข้ง น้ำท่วมน้อยกว่า 3 ชั่วโมง,"100.58301,13.82236",https://storage.googleapis.com/traffy_public_bucket/attachment/2022-09/77386b6da02bd94d94c00b5c911838e90a613f72.jpg,https://storage.googleapis.com/traffy_public_bucket/attachment/2022-09/397b8da7e3ba4eee1e9a0757c19c676ce9780274.jpg,357 ซอย รัชดาภิเษก 36 แยก9-7 ซอย เสือใหญ่อุทิศ แขวง จันทรเกษม เขตจตุจักร กรุงเทพมหานคร 10900 ประเทศไทย,จันทรเกษม,จตุจักร,กรุงเทพมหานคร,2022-09-24 13:49:43.693760,เสร็จสิ้น,,0,2023-02-12 12:46:37.607604,,101.0,101.0,,2022-09-24 15:30:23.791118,237979,{น้ำท่วม},13.82236,100.58301,1.6833333333333333,,1.6833333333333333,Transient Surcharge Candidate
2022-B6TF7T,น้ำท่วม,"กรุงเทพมหานคร, เขตวัฒนา, เพื่อนชัชชาติ, ฝ่ายโยธา เขตวัฒนา, ผอ.เขตวัฒนา (น.ส.สุชิรา), กลุ่มกรุงเทพใต้ (นายชาตรี วัฒนเขจร)","ฝ่ายโยธา เขตวัฒนา, เขตวัฒนา, กลุ่มกรุงเทพใต้ (นายชาตรี วัฒนเขจร), ผอ.เขตวัฒนา (น.ส.สุชิรา), เพื่อนชัชชาติ, กรุงเทพมหานคร",ท่อระบายน้ำตัน ความสูงระดับข้อเท้า น้ำท่วมน้อยกว่า 3 ชั่วโมง,"100.57812,13.74218",https://storage.googleapis.com/traffy_public_bucket/attachment/2022-09/77a231809c42c68e93215e9e8bb5f3fded392f4d.jpg,https://storage.googleapis.com/traffy_public_bucket/attachment/2022-09/61450f55f0289c8741c8f4ca6f4e818c207dbf72.jpg,287 ซอย สุขุมวิท 49/14 แขวง คลองตันเหนือ เขตวัฒนา กรุงเทพมหานคร 10110 ประเทศไทย,คลองตันเหนือ,วัฒนา,กรุงเทพมหานคร,2022-09-24 12:52:05.129716,เสร็จสิ้น,5.0,0,2022-09-24 15:52:05.80599,,181.0,181.0,,2022-09-24 15:52:06.857428,237940,{น้ำท่วม},13.74218,100.57812,3.0166666666666666,,3.0166666666666666,Transient Surcharge Candidate
2022-MVPG68,น้ำท่วม,"เพื่อนชัชชาติ, กรุงเทพมหานคร, เขตหนองแขม, ฝ่ายโยธา เขตหนองแขม, ผอ.เขตหนองแขม (นางมณีวรรณ), กลุ่มกรุงธนใต้ (นายเฉลิมพล โชตินุชิต)","ฝ่ายโยธา เขตหนองแขม, เขตหนองแขม, กลุ่มกรุงธนใต้ (นายเฉลิมพล โชตินุชิต), ผอ.เขตหนองแขม (นางมณีวรรณ), กรุงเทพมหานคร, เพื่อนชัชชาติ","-  ปัญหาน้ำท่วมขัง  จากการระบายน้ำไม่ทัน ฝนตกหนักไม่นานน้ำก็ขัง และจะกลับเป็นปกติให้เวลามากกว่าครึ่งวัน

(น้ำท่วมขังระดับเหนือตาตุ่ม)
- สถานที่
หมู่บ้านพร้อมชัย เขตหนองแขม ถนนเลียบคลองภาษีเจริญฝั่งเหนือ จังหวัดกรุงเทพมหานคร ความสูงระดับข้อเท้า น้ำท่วมน้อยกว่า 3 ชั่วโมง","100.35046,13.68348",https://storage.googleapis.com/traffy_public_bucket/attachment/2022-09/902810af8d397dd757a8dd13d974e26a1266916e.jpg,https://storage.googleapis.com/traffy_public_bucket/attachment/2022-09/d4b867a32695532511c4f51a3b1841bfe9e3da96.jpg,10/73 ซอย พร้อมชัย 2 แขวง หนองแขม เขตหนองแขม กรุงเทพมหานคร 10160 ประเทศไทย,หนองแขม,หนองแขม,กรุงเทพมหานคร,2022-09-24 10:38:11.037614,เสร็จสิ้น,4.0,0,2022-09-24 13:55:07.94789,13.0,197.0,197.0,2022-09-24 10:50:21.745238,2022-09-24 13:55:09.050711,237855,{น้ำท่วม},13.68348,100.35046,3.283333333333333,0.21666666666666667,3.283333333333333,Hydraulic Capacity Surcharge
2022-4PQTGV,น้ำท่วม,"เพื่อนชัชชาติ, เขตพระโขนง, กรุงเทพมหานคร, ฝ่ายโยธา เขตพระโขนง, ผอ.เขตพระโขนง (น.ส.วรุณลักษม์), กลุ่มกรุงเทพใต้ (นายชาตรี วัฒนเขจร)","ฝ่ายโยธา เขตพระโขนง, เขตพระโขนง, กลุ่มกรุงเทพใต้ (นายชาตรี วัฒนเขจร), ผอ.เขตพระโขนง (น.ส.วรุณลักษม์), กรุงเทพมหานคร, เพื่อนชัชชาติ",น้ำท่วมขัง ความสูงระดับหน้าแข้ง น้ำท่วมน้อยกว่า 1 วัน,"100.60515,13.69105",https://storage.googleapis.com/traffy_public_bucket/attachment/2022-09/ea9f671dbb90d03663037fb3eb8bf0e7d2b4e297.jpg,https://storage.googleapis.com/traffy_public_bucket/attachment/2022-09/0bf1f0354ef5b03f5811c544b368cd927cf5c923.jpg,280 ซอย โรงเรียนพงษ์เวชอนุสรณ์ 1 แขวง บางจาก เขตพระโขนง กรุงเทพมหานคร 10260 ประเทศไทย,บางจาก,พระโขนง,กรุงเทพมหานคร,2022-09-24 08:04:45.372452,เสร็จสิ้น,,1,2022-10-11 12:58:20.557834,199.0,247.0,247.0,2022-09-24 11:23:20.622219,2022-09-24 12:11:10.782312,237633,{น้ำท่วม},13.69105,100.60515,4.116666666666666,3.316666666666667,4.116666666666666,Transient Surcharge Candidate
2022-PBGQNN,น้ำท่วม,"เพื่อนชัชชาติ, เขตบางคอแหลม, กรุงเทพมหานคร, ฝ่ายโยธา เขตบางคอแหลม, ผอ.เขตบางคอแหลม (นางวาสนา), กลุ่มกรุงเทพใต้ (นายชาตรี วัฒนเขจร)","ฝ่ายโยธา เขตบางคอแหลม, เขตบางคอแหลม, กลุ่มกรุงเทพใต้ (นายชาตรี วัฒนเขจร), ผอ.เขตบางคอแหลม (นางวาสนา), กรุงเทพมหานคร, เพื่อนชัชชาติ",น้ำท่วมบ้าน ความสูงระดับหัวเข่า น้ำท่วมน้อยกว่า 1 วัน,"100.52888,13.69703",https://storage.googleapis.com/traffy_public_bucket/attachment/2022-09/c20e28fec228a966a1fba52dcdc4a6e4cb7d29d6.jpg,https://storage.googleapis.com/traffy_public_bucket/attachment/2022-09/458de2fae2c9699db705a7162dd7fa522bb36757.jpg,1220/7 ซอย จันทน์ 43 แยก 30 แขวง บางโคล่ เขตบางคอแหลม กรุงเทพมหานคร 10120 ประเทศไทย,บางโคล่,บางคอแหลม,กรุงเทพมหานคร,2022-09-24 07:18:36.699646,เสร็จสิ้น,,0,2022-09-24 10:34:47.407054,,197.0,197.0,,2022-09-24 10:34:47.410370,237623,{น้ำท่วม},13.69703,100.52888,3.283333333333333,,3.283333333333333,Transient Surcharge Candidate
2022-MX2EWH,น้ำท่วม,"เพื่อนชัชชาติ, เขตราชเทวี, กรุงเทพมหานคร, ฝ่ายโยธา เขตราชเทวี, ผอ.เขตราชเทวี (นายกรณิศ), กลุ่มกรุงเทพกลาง (นายสุขสันต์ กิตติศุภกร)","ฝ่ายโยธา เขตราชเทวี, เขตราชเทวี, กลุ่มกรุงเทพกลาง (นายสุขสันต์ กิตติศุภกร), ผอ.เขตราชเทวี (นายกรณิศ), กรุงเทพมหานคร, เพื่อนชัชชาติ",ทุกวันนี้ ฝนตกทีไร น้ำรอการระบายทุกที แต่ระบายช้ามาก ตกกลางคืน ต้องรอสายๆอีกวันน้ำถึงจะลง น้ำท่วมเข้าบ้านตลอด ความสูงระดับหน้าแข้ง น้ำท่วมน้อยกว่า 3 ชั่วโมง,"100.54751,13.75791",https://storage.googleapis.com/traffy_public_bucket/attachment/2022-09/cd00cbccd7a047e0ef394aa72610ff167bb3a639.jpg,https://storage.googleapis.com/traffy_public_bucket/attachment/2022-09/d9a2837e41a124abdb341633d8b4cc61130cb693.jpg,108 ซอย รัชฎภัณฑ์ แขวง มักกะสัน เขตราชเทวี กรุงเทพมหานคร 10400 ประเทศไทย,มักกะสัน,ราชเทวี,กรุงเทพมหานคร,2022-09-24 02:49:59.692342,เสร็จสิ้น,5.0,0,2022-09-24 04:22:13.614724,12.0,93.0,93.0,2022-09-24 03:01:47.619258,2022-09-24 04:22:13.617801,237571,{น้ำท่วม},13.75791,100.54751,1.55,0.2,1.55,Hydraulic Capacity Surcharge
2022-KTPK39,น้ำท่วม,"เพื่อนชัชชาติ, เขตคลองสาน, กรุงเทพมหานคร, ฝ่ายโยธา เขตคลองสาน, ผอ.เขตคลองสาน (ว่าที่ ร.ต.สรวุฒิ), กลุ่มกรุงธนเหนือ (นายเฉลิมพล โชตินุชิต)","ฝ่ายโยธา เขตคลองสาน, เขตคลองสาน, กลุ่มกรุงธนเหนือ (นายเฉลิมพล โชตินุชิต), ผอ.เขตคลองสาน (ว่าที่ ร.ต.สรวุฒิ), กรุงเทพมหานคร, เพื่อนชัชชาติ",น้ำขึ้นเยอะกว่าเดิมอีกฝนก็ไม่ตกแล้วครับ ความสูงระดับหน้าแข้ง น้ำท่วมน้อยกว่า 3 ชั่วโมง,"100.50683,13.73211",https://storage.googleapis.com/traffy_public_bucket/attachment/2022-09/524fe0b1cd02359b01479cf101ed07f5d0f8e5e6.jpg,https://storage.googleapis.com/traffy_public_bucket/attachment/2022-09/7f95fd67461d01e566720feec51c0eb5c80d9c15.jpg,21 ถนน เชียงใหม่ แขวง คลองสาน เขตคลองสาน กรุงเทพมหานคร 10600 ประเทศไทย,คลองสาน,คลองสาน,กรุงเทพมหานคร,2022-09-24 02:10:25.983721,เสร็จสิ้น,,0,2022-09-24 11:23:19.844818,489.0,553.0,553.0,2022-09-24 10:18:26.389673,2022-09-24 11:23:19.848329,237566,{น้ำท่วม},13.73211,100.50683,9.216666666666667,8.15,9.216666666666667,Transient Surcharge Candidate
2022-4VHQDT,น้ำท่วม,"เพื่อนชัชชาติ, เขตพระโขนง, กรุงเทพมหานคร, ฝ่ายโยธา เขตพระโขนง, ผอ.เขตพระโขนง (น.ส.วรุณลักษม์), กลุ่มกรุงเทพใต้ (นายชาตรี วัฒนเขจร)","เขตพระโขนง, ฝ่ายโยธา เขตพระโขนง, กลุ่มกรุงเทพใต้ (นายชาตรี วัฒนเขจร), ผอ.เขตพระโขนง (น.ส.วรุณลักษม์), กรุงเทพมหานคร, เพื่อนชัชชาติ",ตอนนี้ฝนตกมาครึ่งชม ตกปุ๊บ ท่วมถนนในบ้านปั๊บ น้ำไหลไม่ออกท่อที่ถนน เพราะ น้ำในท่อระบายน้ำเต็มอยู่แล้ว ความสูงระดับหน้าแข้ง น้ำท่วมน้อยกว่า 1 ชั่วโมง,"100.60200,13.69985",https://storage.googleapis.com/traffy_public_bucket/attachment/2022-09/3cfee7af29b7551e75021daa2b239fa33c575862.jpg,https://storage.googleapis.com/traffy_public_bucket/attachment/2022-09/977b9034d487e07c0e45e71e2ed4c07f35b9227d.jpg,71 ซอย สุขุมวิท 58 แขวง บางจาก เขตพระโขนง กรุงเทพมหานคร 10260 ประเทศไทย,บางจาก,พระโขนง,กรุงเทพมหานคร,2022-09-24 00:30:57.908632,เสร็จสิ้น,3.0,0,2022-10-07 14:02:28.558103,5.0,644.0,644.0,2022-09-24 00:35:43.051994,2022-09-24 11:14:38.993099,237550,{น้ำท่วม},13.69985,100.602,10.733333333333333,0.08333333333333333,10.733333333333333,Transient Surcharge Candidate
2022-C3EGBC,น้ำท่วม,"เพื่อนชัชชาติ, เขตพระโขนง, กรุงเทพมหานคร, ฝ่ายโยธา เขตพระโขนง, ผอ.เขตพระโขนง (น.ส.วรุณลักษม์), กลุ่มกรุงเทพใต้ (นายชาตรี วัฒนเขจร)","ฝ่ายโยธา เขตพระโขนง, เขตพระโขนง, กลุ่มกรุงเทพใต้ (นายชาตรี วัฒนเขจร), ผอ.เขตพระโขนง (น.ส.วรุณลักษม์), กรุงเทพมหานคร, เพื่อนชัชชาติ",น้ำท่วม ความสูงระดับหน้าแข้ง น้ำท่วมน้อยกว่า 1 ชั่วโมง,"100.60630,13.69824",https://storage.googleapis.com/traffy_public_bucket/attachment/2022-09/3437f83bb8db6b3b8ca95d24605fc335ad19afd6.jpg,https://storage.googleapis.com/traffy_public_bucket/attachment/2022-09/fe86a4d7e716bf46fcb316adb46403831b0b57d9.jpg,65 ซอย สุขุมวิท 95/1 แขวง บางจาก เขตพระโขนง กรุงเทพมหานคร 10260 ประเทศไทย,บางจาก,พระโขนง,กรุงเทพมหานคร,2022-09-24 00:01:12.858759,เสร็จสิ้น,5.0,0,2022-09-24 09:54:18.225101,592.0,594.0,594.0,2022-09-24 09:52:47.159333,2022-09-24 09:54:19.686631,237538,{น้ำท่วม},13.69824,100.6063,9.9,9.866666666666667,9.9,Transient Surcharge Candidate
2022-E9GPGX,ความสะอาด,"เพื่อนชัชชาติ, เขตสวนหลวง, กรุงเทพมหานคร, ฝ่ายรักษาความสะอาดฯ เขตสวนหลวง, ผอ.เขตสวนหลวง (นายบัญชา), กลุ่มกรุงเทพใต้ (นายชาตรี วัฒนเขจร)","ฝ่ายรักษาความสะอาดฯ เขตสวนหลวง, เขตสวนหลวง, กลุ่มกรุงเทพใต้ (นายชาตรี วัฒนเขจร), ผอ.เขตสวนหลวง (นายบัญชา), กรุงเทพมหานคร, เพื่อนชัชชาติ",น้ำท่วมหลังจากน้ำลดขยะลอยเกลื่อนเลยค่ะ,"100.61916,13.72682",https://storage.googleapis.com/traffy_public_bucket/attachment/2022-09/e0ca3e307cfa4595a164fc485ec17b74ffcfc44e.jpg,https://storage.googleapis.com/traffy_public_bucket/attachment/2022-09/8099bac9189f8a1be3735db96738e02ccc7d0b4e.jpg,22/215 ซอย พัฒนาการ แขวง สวนหลวง แขวงสวนหลวง กรุงเทพมหานคร 10250 ประเทศไทย,สวนหลวง,สวนหลวง,กรุงเทพมหานคร,2022-09-22 15:43:32.602322,เสร็จสิ้น,5.0,0,2023-02-09 15:51:42.1906,181.0,183.0,183.0,2022-09-22 18:44:24.368058,2022-09-22 18:45:41.156937,236441,{ขยะ},13.72682,100.61916,3.05,3.0166666666666666,3.05,Naturally Receded (Unobserved)
2022-B3TE9C,น้ำท่วม,"กรุงเทพมหานคร, เขตลาดพร้าว, เพื่อนชัชชาติ, ผอ.เขตลาดพร้าว (นางสุภาพร), กลุ่มกรุงเทพเหนือ (นางวันทนีย์ วัฒนะ)","เขตลาดพร้าว, กลุ่มกรุงเทพเหนือ (นางวันทนีย์ วัฒนะ), ผอ.เขตลาดพร้าว (นางสุภาพร), เพื่อนชัชชาติ, กรุงเทพมหานคร","แจ้งเรื่อง : ทางซอยสังคมสงเคราะห์ 16 แยก 10 ท่อไม่ได้รับการต่อเข้าถนนหลัก

เนื้อหา : โดยหลายปีก่อน ทางเขตมาทำถนนซอยสังคมสงเคราะห์ 16 แล้วไม่ต่อท่อระบายน้ำจากถนนหลักเข้ากับท่อระบายน้ำของแยก 10 ครับ ทุกวันนี้ฝนตกนิดเดียว น้ำท่วมตลอด

ณรงค์ศักดิ์ ผู้ประสานงาน : 080-446-7777 ความสูงระดับข้อเท้า น้ำท่วมน้อยกว่า 3 ชั่วโมงแล้ว","100.60397,13.79794",https://storage.googleapis.com/traffy_public_bucket/attachment/2022-09/43cc3a76074aab0e29e531b3147f932dc149dc61.jpg,https://storage.googleapis.com/traffy_public_bucket/attachment/2022-09/2c3bd8c9ddbe0304ecb678398266d1ab7cbc2b66.png,9 ซอย สังคมสังเคราะห์ 16 แยก 10 แขวงลาดพร้าว เขตลาดพร้าว กรุงเทพมหานคร 10230 ประเทศไทย,ลาดพร้าว,ลาดพร้าว,กรุงเทพมหานคร,2022-09-22 13:09:20.286725,เสร็จสิ้น,,0,2022-09-22 13:26:29.78046,,18.0,18.0,,2022-09-22 13:26:31.069162,236296,{น้ำท่วม},13.79794,100.60397,0.3,,0.3,Transient Surcharge Candidate
2022-KDT7LZ,น้ำท่วม,"เพื่อนชัชชาติ, กรุงเทพมหานคร, เขตจอมทอง, สำนักการระบายน้ำ กทม., สำนักงานระบบควบคุมน้ำ สำนักการระบายน้ำ, กองระบบท่อระบายน้ำ สำนักการระบายน้ำ, ผอ.เขตจอมทอง (นายณัฐพงษ์), กลุ่มกรุงธนเหนือ (นายเฉลิมพล โชตินุชิต)","สำนักงานระบบควบคุมน้ำ สำนักการระบายน้ำ, เขตจอมทอง, กลุ่มกรุงธนเหนือ (นายเฉลิมพล โชตินุชิต), ผอ.เขตจอมทอง (นายณัฐพงษ์), กองระบบท่อระบายน้ำ สำนักการระบายน้ำ, สำนักการระบายน้ำ กทม., กรุงเทพมหานคร, เพื่อนชัชชาติ",น้ำท่วม ความสูงระดับหน้าแข้ง น้ำท่วมน้อยกว่า 3 ชั่วโมงแล้ว,"100.46003,13.66281",https://storage.googleapis.com/traffy_public_bucket/attachment/2022-09/ed418d9a2b56e4942f9fec1813acbf2f8b002902.jpg,https://storage.googleapis.com/traffy_public_bucket/attachment/2022-09/72b2f1ee493a2abb4155659efc2f797cdcee9512.jpg,2607 ซอย แขวง บางมด เขตจอมทอง กรุงเทพมหานคร 10150 ประเทศไทย,บางมด,จอมทอง,กรุงเทพมหานคร,2022-09-22 10:48:51.196337,เสร็จสิ้น,,0,2022-09-30 08:35:50.688656,21.0,443.0,443.0,2022-09-22 11:08:56.763990,2022-09-22 18:11:11.498883,236180,{น้ำท่วม},13.66281,100.46003,7.383333333333334,0.35,7.383333333333334,Transient Surcharge Candidate
2022-6NYDXE,น้ำท่วม,"เพื่อนชัชชาติ, เขตทุ่งครุ, กรุงเทพมหานคร, ฝ่ายโยธา เขตทุ่งครุ, ผอ.เขตทุ่งครุ (นายพงค์ศักดิ์), กลุ่มกรุงธนใต้ (นายเฉลิมพล โชตินุชิต)","เขตทุ่งครุ, ฝ่ายโยธา เขตทุ่งครุ, กลุ่มกรุงธนใต้ (นายเฉลิมพล โชตินุชิต), ผอ.เขตทุ่งครุ (นายพงค์ศักดิ์), กรุงเทพมหานคร, เพื่อนชัชชาติ",น้ำท่วมขังตั้งแต่ต้นซอยพุทธบูชา36 ถึงอู่รถเมล์ ทั้งที่เพิ่งทำถนนใหม่ ความสูงระดับ น้ำท่วมแล้ว,"100.48121,13.64999",https://storage.googleapis.com/traffy_public_bucket/attachment/2022-09/632f93c6d89a04dee14aad3e445323bf1e70d70f.jpg,https://storage.googleapis.com/traffy_public_bucket/attachment/2022-09/a8d8d97fbfa3619b64450f44205b518e4fead4ab.jpg,42 ถนน พุทธบูชา แขวง บางมด เขตทุ่งครุ กรุงเทพมหานคร 10140 ประเทศไทย,บางมด,ทุ่งครุ,กรุงเทพมหานคร,2022-09-22 08:40:54.686804,เสร็จสิ้น,5.0,0,2022-09-22 13:08:26.701412,17.0,268.0,268.0,2022-09-22 08:57:53.403294,2022-09-22 13:08:27.867577,236016,{น้ำท่วม},13.64999,100.48121,4.466666666666667,0.2833333333333333,4.466666666666667,Transient Surcharge Candidate
2022-FADCQW,ความปลอดภัย,"เพื่อนชัชชาติ, เขตบางเขน, กรุงเทพมหานคร, กรมทางหลวง, ผอ.เขตบางเขน (น.ส.อัญชนา), กลุ่มกรุงเทพเหนือ (นางวันทนีย์ วัฒนะ)","เขตบางเขน, กลุ่มกรุงเทพเหนือ (นางวันทนีย์ วัฒนะ), ผอ.เขตบางเขน (น.ส.อัญชนา), กรมทางหลวง, กรุงเทพมหานคร, เพื่อนชัชชาติ",มีน้ำท่วมขังบนสะพานลอยหน้ากองบินตำรวจ ถนนรามอินทรา,"100.63684,13.85084",https://storage.googleapis.com/traffy_public_bucket/attachment/2022-09/f26626ff4609c8c625d2b3e4ccfd6b1bd99bdcc6.jpg,https://storage.googleapis.com/traffy_public_bucket/attachment/2022-09/1049673935276895a784b04d9e23cd880f98acc2.jpg,416 ซอย รามอินทรา 32 แขวง ท่าแร้ง เขตบางเขน กรุงเทพมหานคร 10220 ประเทศไทย,ท่าแร้ง,บางเขน,กรุงเทพมหานคร,2022-09-22 08:05:09.560603,เสร็จสิ้น,5.0,0,2022-09-22 12:44:57.64215,,280.0,280.0,,2022-09-22 12:44:57.645096,235979,{ความปลอดภัย},13.85084,100.63684,4.666666666666667,,4.666666666666667,Transient Surcharge Candidate
2022-EC23EV,ถนน,"กรุงเทพมหานคร, เขตทุ่งครุ, เพื่อนชัชชาติ, ฝ่ายโยธา เขตทุ่งครุ, ผอ.เขตทุ่งครุ (นายพงค์ศักดิ์), กลุ่มกรุงธนใต้ (นายเฉลิมพล โชตินุชิต)","เขตทุ่งครุ, ฝ่ายโยธา เขตทุ่งครุ, กลุ่มกรุงธนใต้ (นายเฉลิมพล โชตินุชิต), ผอ.เขตทุ่งครุ (นายพงค์ศักดิ์), เพื่อนชัชชาติ, กรุงเทพมหานคร",ฝนตกทีไรน้ำท่วมขังบริเวณปากซอยพุทธบูชา36ทุกครั้ง ไม่ว่าตกน้อยหรือหนัก อยากให้มาตรวจสอบพื้นถนนหน่อยค่ะ ไม่ใช่โทษแต่น้ำหนุนสูง,"100.48121,13.64999",https://storage.googleapis.com/traffy_public_bucket/attachment/2022-09/fc7c2f70ede16484ec84cdd9b003939ca5f984d9.jpg,https://storage.googleapis.com/traffy_public_bucket/attachment/2022-09/159959c900177116ecc3fb6cd72b54f08f0464cc.jpg,42 ถนน พุทธบูชา แขวง บางมด เขตทุ่งครุ กรุงเทพมหานคร 10140 ประเทศไทย,บางมด,ทุ่งครุ,กรุงเทพมหานคร,2022-09-22 07:53:41.521833,เสร็จสิ้น,,0,2022-09-22 13:05:22.201165,14.0,312.0,312.0,2022-09-22 08:06:47.207917,2022-09-22 13:05:23.311593,235964,{ถนน},13.64999,100.48121,5.2,0.23333333333333334,5.2,Transient Surcharge Candidate
2022-7Y2E6V,น้ำท่วม,"เพื่อนชัชชาติ, เขตทวีวัฒนา, กรุงเทพมหานคร, ฝ่ายโยธา เขตทวีวัฒนา, ผอ.เขตทวีวัฒนา (นายดิชา), กลุ่มกรุงธนเหนือ (นายเฉลิมพล โชตินุชิต)","ฝ่ายโยธา เขตทวีวัฒนา, เขตทวีวัฒนา, กลุ่มกรุงธนเหนือ (นายเฉลิมพล โชตินุชิต), ผอ.เขตทวีวัฒนา (นายดิชา), กรุงเทพมหานคร, เพื่อนชัชชาติ","1 .น้ำท่วมภายในหมู่บ้านป.ผาสุก ซอย 10/1 และบริเวณรอบหมู่บ้าน แขวงศาลาธรรมสพน์ เขตทวีวัฒนา กรุงเทพมหานคร  (ตั้งแต่เวลาประมาณ 4.30น จนถึงปัจจุบัน  เวลา 7.42น. ) 
ณ .ตอนนี้ น้ำยังท่วมขังไม่ลดแต่อย่างใด และตอนนี้ยังมีฝนตกตลอด

เป็นปัญหามากไม่สามารถเข้าออกได้ ยังไม่มีหน่วยงานไหนเข้ามาแก้ไข รบกวนแจ้งหน่วยงานที่เกี่ยวข้องเข้ามาดูแลด้วยค่ะ
2 .ภาพนำ้ท่วมด้านล่างค่ะ","100.40312,13.77618",https://storage.googleapis.com/traffy_public_bucket/attachment/2022-09/47cb17e3f384e0fa360bd92f63377d6822a2ab8b.jpg,https://storage.googleapis.com/traffy_public_bucket/attachment/2022-09/e48122cb547a996749ba3532b373259528589c93.jpg,59/233 ถนน บรมราชชนนี แขวง ศาลาธรรมสพน์ เขตทวีวัฒนา กรุงเทพมหานคร 10170 ประเทศไทย,ศาลาธรรมสพน์,ทวีวัฒนา,กรุงเทพมหานคร,2022-09-22 07:43:51.085056,เสร็จสิ้น,5.0,0,2022-09-22 16:06:31.8559,94.0,503.0,503.0,2022-09-22 09:17:37.556947,2022-09-22 16:06:31.859335,235953,{น้ำท่วม},13.77618,100.40312,8.383333333333333,1.5666666666666667,8.383333333333333,Transient Surcharge Candidate
2022-HLWWXC,น้ำท่วม,"เพื่อนชัชชาติ, กรุงเทพมหานคร, เขตหลักสี่, ผอ.เขตหลักสี่ (นางสมฤดี), กลุ่มกรุงเทพเหนือ (นางวันทนีย์ วัฒนะ)","เขตหลักสี่, กลุ่มกรุงเทพเหนือ (นางวันทนีย์ วัฒนะ), ผอ.เขตหลักสี่ (นางสมฤดี), กรุงเทพมหานคร, เพื่อนชัชชาติ",น้ำท่วม,"100.56539,13.85902",https://storage.googleapis.com/traffy_public_bucket/attachment/2022-09/60b09c9c9fe1b3e9555c4a96fccbc53b8625b0ad.jpg,https://storage.googleapis.com/traffy_public_bucket/attachment/2022-09/743eea09d0f2d62aacc48917839baf5889354cdb.jpg,76/1 งามวงศ์วาน แขวง ทุ่งสองห้อง เขต หลักสี่ กรุงเทพมหานคร 10210 ประเทศไทย,ทุ่งสองห้อง,หลักสี่,กรุงเทพมหานคร,2022-09-22 07:32:55.538313,เสร็จสิ้น,3.0,0,2022-09-22 09:39:37.376536,80.0,127.0,127.0,2022-09-22 08:52:08.123168,2022-09-22 09:39:38.402486,235939,{น้ำท่วม},13.85902,100.56539,2.1166666666666667,1.3333333333333333,2.1166666666666667,Transient Surcharge Candidate
2022-8CXZXX,น้ำท่วม,"เพื่อนชัชชาติ, เขตลาดกระบัง, กรุงเทพมหานคร, ผอ.เขตลาดกระบัง (นายธนะสิทธิ์), กลุ่มกรุงเทพตะวันออก (นายณรงค์ เรืองศรี)","เขตลาดกระบัง, กลุ่มกรุงเทพตะวันออก (นายณรงค์ เรืองศรี), ผอ.เขตลาดกระบัง (นายธนะสิทธิ์), กรุงเทพมหานคร, เพื่อนชัชชาติ",น้ำท่วมสูงในซอยบ้าน เดินทางไปทำงานลำบากคะ,"100.78330,13.71743",https://storage.googleapis.com/traffy_public_bucket/attachment/2022-09/b0d2ff996ffd8c67aa551d2e76f38f9ed9631c2e.jpg,https://storage.googleapis.com/traffy_public_bucket/attachment/2022-09/3e23d479d162ac709e5ff18c6605d5d1228f3e8a.jpg,284 ซอยลาดกระบัง52 แยก 14 แขวง ลาดกระบัง เขตลาดกระบัง กรุงเทพมหานคร 10520 ประเทศไทย,ลาดกระบัง,ลาดกระบัง,กรุงเทพมหานคร,2022-09-22 06:56:17.810354,เสร็จสิ้น,,0,2022-09-27 11:08:52.698288,68.0,,68.0,2022-09-22 08:03:38.563789,,235904,{น้ำท่วม},13.71743,100.7833,1.1333333333333333,1.1333333333333333,,Transient Surcharge Candidate
2022-CCK9YA,น้ำท่วม,"เพื่อนชัชชาติ, กรุงเทพมหานคร, เขตห้วยขวาง, ฝ่ายโยธา เขตห้วยขวาง, ผอ.เขตห้วยขวาง (นายไพฑูรย์), กลุ่มกรุงเทพกลาง (นายสุขสันต์ กิตติศุภกร)","ฝ่ายโยธา เขตห้วยขวาง, เขตห้วยขวาง, กลุ่มกรุงเทพกลาง (นายสุขสันต์ กิตติศุภกร), ผอ.เขตห้วยขวาง (นายไพฑูรย์), กรุงเทพมหานคร, เพื่อนชัชชาติ",เวลาฝนตกหนักน้ำจะท่วมในซอยทั้งซอย รถยนต์ไม่สามารถสัญจรได้ หรืออาจจะรถเสียเลยระหว่างทาง เป็นหลานครั้งมากเมือ่ฝนตกหนักครับ,"100.58522,13.74620",https://storage.googleapis.com/traffy_public_bucket/attachment/2022-09/dc0f77da870ddb0d698154d2f46ff8dc7c9ac5e1.jpg,https://storage.googleapis.com/traffy_public_bucket/attachment/2022-09/4833373392e15d1bea379e5af3c2550021a85c23.jpg,5/4 ซอย เพชรบุรี 47 แขวง บางกะปิ เขตห้วยขวาง กรุงเทพมหานคร 10310 ประเทศไทย,บางกะปิ,ห้วยขวาง,กรุงเทพมหานคร,2022-09-22 06:48:10.716309,เสร็จสิ้น,,0,2022-09-22 11:05:05.784053,159.0,257.0,257.0,2022-09-22 09:27:06.191976,2022-09-22 11:05:05.787115,235898,{น้ำท่วม},13.7462,100.58522,4.283333333333333,2.65,4.283333333333333,Hydraulic Capacity Surcharge
2022-LFMP2X,น้ำท่วม,"เพื่อนชัชชาติ, กรุงเทพมหานคร, เขตห้วยขวาง, ฝ่ายโยธา เขตห้วยขวาง, ผอ.เขตห้วยขวาง (นายไพฑูรย์), กลุ่มกรุงเทพกลาง (นายสุขสันต์ กิตติศุภกร)","ฝ่ายโยธา เขตห้วยขวาง, เขตห้วยขวาง, กลุ่มกรุงเทพกลาง (นายสุขสันต์ กิตติศุภกร), ผอ.เขตห้วยขวาง (นายไพฑูรย์), กรุงเทพมหานคร, เพื่อนชัชชาติ",เวลาฝนตกหนักน้ำจะท่วมในซอยทั้งซอย รถยนต์ไม่สามารถสัญจรได้ หรืออาจจะรถเสียเลยระหว่างทาง เป็นหลานครั้งมากเมือ่ฝนตกหนักครับ,"100.58384,13.74816",https://storage.googleapis.com/traffy_public_bucket/attachment/2022-09/68fdb36f3878a2c561cb412e39ee026498dd9438.jpg,https://storage.googleapis.com/traffy_public_bucket/attachment/2022-09/d4bcab9c2c2fe34b913a16b599617816e584f46a.jpg,368 ซอย เพชรบุรี 47 แขวง บางกะปิ เขตห้วยขวาง กรุงเทพมหานคร 10310 ประเทศไทย,บางกะปิ,ห้วยขวาง,กรุงเทพมหานคร,2022-09-22 06:47:05.992729,เสร็จสิ้น,4.0,0,2022-09-22 11:07:53.097793,160.0,261.0,261.0,2022-09-22 09:26:52.571516,2022-09-22 11:07:53.101420,235897,{น้ำท่วม},13.74816,100.58384,4.35,2.6666666666666665,4.35,Hydraulic Capacity Surcharge
2022-4VXHFB,น้ำท่วม,"เพื่อนชัชชาติ, กรุงเทพมหานคร, เขตห้วยขวาง, ฝ่ายโยธา เขตห้วยขวาง, ผอ.เขตห้วยขวาง (นายไพฑูรย์), กลุ่มกรุงเทพกลาง (นายสุขสันต์ กิตติศุภกร)","ฝ่ายโยธา เขตห้วยขวาง, เขตห้วยขวาง, กลุ่มกรุงเทพกลาง (นายสุขสันต์ กิตติศุภกร), ผอ.เขตห้วยขวาง (นายไพฑูรย์), กรุงเทพมหานคร, เพื่อนชัชชาติ",เวลาฝนตกหนักน้ำจะท่วมในซอยทั้งซอย รถยนต์ไม่สามารถสัญจรได้ หรืออาจจะรถเสียเลยระหว่างทาง เป็นหลานครั้งมากเมือ่ฝนตกหนักครับ,"100.57008,13.75863",https://storage.googleapis.com/traffy_public_bucket/attachment/2022-09/f94592a5b8f6046e9b497facbd1a0b09d39bad26.jpg,https://storage.googleapis.com/traffy_public_bucket/attachment/2022-09/c0d72ba8d76da37cff8dc790b80ecff51d20034d.jpg,73 ซอย พระราม 9 ชอย 7 แขวง ห้วยขวาง เขตห้วยขวาง กรุงเทพมหานคร 10310 ประเทศไทย,ห้วยขวาง,ห้วยขวาง,กรุงเทพมหานคร,2022-09-22 06:44:56.657641,เสร็จสิ้น,,0,2022-09-22 11:00:56.701517,162.0,257.0,257.0,2022-09-22 09:26:27.919706,2022-09-22 11:00:57.799353,235896,{น้ำท่วม},13.75863,100.57008,4.283333333333333,2.7,4.283333333333333,Hydraulic Capacity Surcharge
2022-W7WQ8W,น้ำท่วม,"กรุงเทพมหานคร, เขตบางบอน, เพื่อนชัชชาติ, ฝ่ายโยธา เขตบางบอน, ผอ.เขตบางบอน (นางทวีพร), กลุ่มกรุงธนใต้ (นายเฉลิมพล โชตินุชิต)","ฝ่ายโยธา เขตบางบอน, เขตบางบอน, กลุ่มกรุงธนใต้ (นายเฉลิมพล โชตินุชิต), ผอ.เขตบางบอน (นางทวีพร), เพื่อนชัชชาติ, กรุงเทพมหานคร",ฝนตกหนักจนน้ำท่วมตั้งแต่ 6 โมงเย็นเมื่อวานแล้ว จนตอนนี้น้ำก็ยังท่วม ความสูงระดับข้อเท้า น้ำท่วมน้อยกว่า 3 ชั่วโมงแล้ว,"100.42564,13.67989",https://storage.googleapis.com/traffy_public_bucket/attachment/2022-09/4a49df219ae7d4b7b8892c4db67a6b3bd9d036e9.jpg,https://storage.googleapis.com/traffy_public_bucket/attachment/2022-09/2b0736469ba26507bc7cfad2db9d8a270534665c.jpg,26-27 บางบอน 1 ซอย 12 แยก 2 บางบอนเหนือ เขตบางบอน กรุงเทพมหานคร 10150 ประเทศไทย,คลองบางพราน,บางบอน,กรุงเทพมหานคร,2022-09-22 06:30:55.682919,เสร็จสิ้น,4.0,0,2022-09-22 10:40:42.402217,248.0,250.0,250.0,2022-09-22 10:38:20.667590,2022-09-22 10:40:42.405134,235891,{น้ำท่วม},13.67989,100.42564,4.166666666666667,4.133333333333334,4.166666666666667,Hydraulic Capacity Surcharge
2022-EHKCM2,น้ำท่วม,"เพื่อนชัชชาติ, เขตสวนหลวง, กรุงเทพมหานคร, ฝ่ายเทศกิจ เขตสวนหลวง, ผอ.เขตสวนหลวง (นายบัญชา), กลุ่มกรุงเทพใต้ (นายชาตรี วัฒนเขจร)","ฝ่ายเทศกิจ เขตสวนหลวง, เขตสวนหลวง, กลุ่มกรุงเทพใต้ (นายชาตรี วัฒนเขจร), ผอ.เขตสวนหลวง (นายบัญชา), กรุงเทพมหานคร, เพื่อนชัชชาติ",น้ำท่วมในซอย เข้าออกไม่ได้ ต้องการรถรับ-ส่ง,"100.63618,13.73591",https://storage.googleapis.com/traffy_public_bucket/attachment/2022-09/171da3c60b5bcaeec3f8acf3406b9f507f1f9b68.jpg,https://storage.googleapis.com/traffy_public_bucket/attachment/2022-09/aa904adf14ec9545397737b5b31d3454bc180322.jpg,1960 ซอย พัฒนาการ 54 แขวง สวนหลวง แขวงสวนหลวง กรุงเทพมหานคร 10250 ประเทศไทย,สวนหลวง,สวนหลวง,กรุงเทพมหานคร,2022-09-22 06:23:37.222711,เสร็จสิ้น,5.0,0,2023-02-09 15:52:17.143562,13.0,539.0,539.0,2022-09-22 06:35:49.370204,2022-09-22 15:22:13.813691,235884,{น้ำท่วม},13.73591,100.63618,8.983333333333333,0.21666666666666667,8.983333333333333,Transient Surcharge Candidate
2022-AHKC7Z,น้ำท่วม,"เพื่อนชัชชาติ, กรุงเทพมหานคร, เขตบางบอน, ฝ่ายโยธา เขตบางบอน, ผอ.เขตบางบอน (นางทวีพร), กลุ่มกรุงธนใต้ (นายเฉลิมพล โชตินุชิต)","ฝ่ายโยธา เขตบางบอน, เขตบางบอน, กลุ่มกรุงธนใต้ (นายเฉลิมพล โชตินุชิต), ผอ.เขตบางบอน (นางทวีพร), กรุงเทพมหานคร, เพื่อนชัชชาติ",น้ำท่วม,"100.42454,13.67332",https://storage.googleapis.com/traffy_public_bucket/attachment/2022-09/1df8fae9dd4855e75aba27b6d58b5bdbb3b4d652.jpg,https://storage.googleapis.com/traffy_public_bucket/attachment/2022-09/109d3ea48091432d4c70d6e8d0c8a3fa8f59e651.jpg,771 ถ. เอกชัย บางบอนเหนือ เขตบางบอน กรุงเทพมหานคร 10150 ประเทศไทย,คลองบางบอน,บางบอน,กรุงเทพมหานคร,2022-09-21 19:08:28.004871,เสร็จสิ้น,1.0,0,2022-09-21 19:49:04.588108,39.0,41.0,41.0,2022-09-21 19:46:42.669848,2022-09-21 19:49:06.286674,235662,{น้ำท่วม},13.67332,100.42454,0.6833333333333333,0.65,0.6833333333333333,Transient Surcharge Candidate
2022-D4YCHM,น้ำท่วม,"เพื่อนชัชชาติ, เขตลาดกระบัง, กรุงเทพมหานคร, ผอ.เขตลาดกระบัง (นายธนะสิทธิ์), กลุ่มกรุงเทพตะวันออก (นายณรงค์ เรืองศรี)","เขตลาดกระบัง, กลุ่มกรุงเทพตะวันออก (นายณรงค์ เรืองศรี), ผอ.เขตลาดกระบัง (นายธนะสิทธิ์), กรุงเทพมหานคร, เพื่อนชัชชาติ",ขอให้มีการช่วยแก้ไขปัญหาน้ำท่วมโดยเร่งด่วนที่ซอยพระยาเพชร ถนนหลวงแพ่ง แขวงขุมทอง เขตลาดกระบัง กทม. ไม่ใช่จะคอยอ้างเหตุผลต่างๆ การแก้ไขปัญหาควรทำงานร่วมกันทุกฝ่าย ด้วยเหตุผลและสรุปจนหาทางออกร่วมกันได้ ขอให้มีการติดตามการแก้ไขปัญหาอย่างจริงจังและใส่ใจเหมือนในพื้นที่ร่มเกล้า-ฉลองกรุงบ้าง,"100.84929,13.69578",https://storage.googleapis.com/traffy_public_bucket/attachment/2022-09/0dd815d71d8f9bd27b17d9bca1986f6b3c654be4.jpg,https://storage.googleapis.com/traffy_public_bucket/attachment/2022-09/c0c0efb2fa28ad1250ac1baa5935e1543673e789.jpg,555 ซอย หมู่บ้านพระยาเพชร แขวง ขุมทอง เขตลาดกระบัง กรุงเทพมหานคร 10520 ประเทศไทย,ขุมทอง,ลาดกระบัง,กรุงเทพมหานคร,2022-09-21 13:58:28.006325,เสร็จสิ้น,1.0,0,2023-09-01 09:01:41.016395,7.0,110.0,110.0,2022-09-21 14:05:09.436661,2022-09-21 15:47:30.172500,235405,{น้ำท่วม},13.69578,100.84929,1.8333333333333333,0.11666666666666667,1.8333333333333333,Transient Surcharge Candidate
2022-MMYXB6,น้ำท่วม,"เพื่อนชัชชาติ, เขตจตุจักร, กรุงเทพมหานคร, ฝ่ายรักษาความสะอาดฯ เขตจตุจักร, ผอ.เขตจตุจักร (นางสาวภัทร์กร), กลุ่มกรุงเทพเหนือ (นางวันทนีย์ วัฒนะ)","ฝ่ายรักษาความสะอาดฯ เขตจตุจักร, เขตจตุจักร, กลุ่มกรุงเทพเหนือ (นางวันทนีย์ วัฒนะ), ผอ.เขตจตุจักร (นางสาวภัทร์กร), กรุงเทพมหานคร, เพื่อนชัชชาติ",ต้นไม้รกร่วงหล่นปิดบังทางระบายน้ำ และทีอน้ำทิ้ง,"100.57288,13.80201",https://storage.googleapis.com/traffy_public_bucket/attachment/2022-09/ba11bcc6d51c27fb0d184e58521bc483163ce54f.jpg,https://storage.googleapis.com/traffy_public_bucket/attachment/2022-09/192269776b311ff0c33425552e428048a280ce28.jpg,191/2 ซอย ลาดพร้าว 26 แยก 4 แขวง จอมพล เขตจตุจักร กรุงเทพมหานคร 10900 ประเทศไทย,จอมพล,จตุจักร,กรุงเทพมหานคร,2022-09-20 16:59:16.367072,เสร็จสิ้น,5.0,0,2023-02-09 09:29:37.944348,3.0,102.0,102.0,2022-09-20 17:01:29.479509,2022-09-20 18:40:19.550699,234536,{น้ำท่วม},13.80201,100.57288,1.7,0.05,1.7,Transient Surcharge Candidate
2022-MBW8CH,น้ำท่วม,"เพื่อนชัชชาติ, เขตบางเขน, กรุงเทพมหานคร, ผอ.เขตบางเขน (น.ส.อัญชนา), กลุ่มกรุงเทพเหนือ (นางวันทนีย์ วัฒนะ)","เขตบางเขน, กลุ่มกรุงเทพเหนือ (นางวันทนีย์ วัฒนะ), ผอ.เขตบางเขน (น.ส.อัญชนา), กรุงเทพมหานคร, เพื่อนชัชชาติ",ผักตบเต็มเลย,"100.63997,13.88682",https://storage.googleapis.com/traffy_public_bucket/attachment/2022-09/f21c99f2147aa8dcda2b1398d0618a4e9e6fa3a9.jpg,https://storage.googleapis.com/traffy_public_bucket/attachment/2022-09/c2b2fbc6dd50314f6e9fcc1da146f3881450e765.jpg,256/1 ซอย วัชรพล 3 แขวง คลองถนน เขตสายไหม กรุงเทพมหานคร 10220 ประเทศไทย,ท่าแร้ง,บางเขน,กรุงเทพมหานคร,2022-09-19 14:39:01.704539,เสร็จสิ้น,5.0,0,2022-09-19 16:18:12.350088,57.0,100.0,100.0,2022-09-19 15:35:45.989428,2022-09-19 16:18:14.550900,233352,{น้ำท่วม},13.88682,100.63997,1.6666666666666667,0.95,1.6666666666666667,Transient Surcharge Candidate
2022-49778D,ความสะอาด,"เพื่อนชัชชาติ, กรุงเทพมหานคร, เขตห้วยขวาง, ฝ่ายรักษาความสะอาดฯ เขตห้วยขวาง, ผอ.เขตห้วยขวาง (นายไพฑูรย์), กลุ่มกรุงเทพกลาง (นายสุขสันต์ กิตติศุภกร)","ฝ่ายรักษาความสะอาดฯ เขตห้วยขวาง, เขตห้วยขวาง, กลุ่มกรุงเทพกลาง (นายสุขสันต์ กิตติศุภกร), ผอ.เขตห้วยขวาง (นายไพฑูรย์), กรุงเทพมหานคร, เพื่อนชัชชาติ",ขยะ จากน้ำท่วม,"100.57470,13.77576",https://storage.googleapis.com/traffy_public_bucket/attachment/2022-09/1a17d80072c0fdb0252486915c5d06782ae1b995.jpg,https://storage.googleapis.com/traffy_public_bucket/attachment/2022-09/79cede16ce3b3229d2d1b102b5c03ae59893f808.jpg,180 ซอย ประชาราษฎร์บำเพ็ญ 6 แยก 8-1 แขวง ห้วยขวาง เขตห้วยขวาง กรุงเทพมหานคร 10310 ประเทศไทย,ห้วยขวาง,ห้วยขวาง,กรุงเทพมหานคร,2022-09-19 11:04:08.090292,เสร็จสิ้น,5.0,0,2022-09-19 16:50:08.150983,344.0,347.0,347.0,2022-09-19 16:47:55.602725,2022-09-19 16:50:09.908798,233137,{ขยะ},13.77576,100.5747,5.783333333333333,5.733333333333333,5.783333333333333,Transient Surcharge Candidate
2022-FP2GNC,น้ำท่วม,"เพื่อนชัชชาติ, เขตสายไหม, กรุงเทพมหานคร, ฝ่ายโยธา เขตสายไหม, ผอ.เขตสายไหม (นายสมบัติ), กลุ่มกรุงเทพเหนือ (นางวันทนีย์ วัฒนะ)","เขตสายไหม, ฝ่ายโยธา เขตสายไหม, กลุ่มกรุงเทพเหนือ (นางวันทนีย์ วัฒนะ), ผอ.เขตสายไหม (นายสมบัติ), กรุงเทพมหานคร, เพื่อนชัชชาติ",น้ำท่วมขัง,"100.64008,13.89342",https://storage.googleapis.com/traffy_public_bucket/attachment/2022-09/bbbb4f75cc0dea76d02f45e12d35ec5e4b36b9be.jpg,https://storage.googleapis.com/traffy_public_bucket/attachment/2022-09/6e1d2d7bc750040e30969279d2b343d0fbb67f0d.jpg,99/84 ซอย วัชรพล 10 แขวง คลองถนน เขตสายไหม กรุงเทพมหานคร 10220 ประเทศไทย,คลองถนน,สายไหม,กรุงเทพมหานคร,2022-09-15 19:42:32.835868,เสร็จสิ้น,4.0,0,2022-09-15 22:53:23.592989,15.0,191.0,191.0,2022-09-15 19:56:49.551595,2022-09-15 22:53:24.611294,230316,{น้ำท่วม},13.89342,100.64008,3.183333333333333,0.25,3.183333333333333,Transient Surcharge Candidate
2022-PCM2YN,น้ำท่วม,"เพื่อนชัชชาติ, เขตสายไหม, กรุงเทพมหานคร, ฝ่ายโยธา เขตสายไหม, กลุ่มงานระบายน้ำ V.2 เขตสายไหม, ผอ.เขตสายไหม (นายสมบัติ), กลุ่มกรุงเทพเหนือ (นางวันทนีย์ วัฒนะ)","ฝ่ายโยธา เขตสายไหม, เขตสายไหม, กลุ่มกรุงเทพเหนือ (นางวันทนีย์ วัฒนะ), ผอ.เขตสายไหม (นายสมบัติ), กรุงเทพมหานคร, เพื่อนชัชชาติ",น้ำท่วมขังครับ เนื่องจากฝนตก,"100.64008,13.89342",https://storage.googleapis.com/traffy_public_bucket/attachment/2022-09/76b7d8205365c8d6e4090c6f71d39df663b2ca20.jpg,https://storage.googleapis.com/traffy_public_bucket/attachment/2022-09/0a4cd3ef916374fed34f6b413a058fe7c656372a.jpg,99/84 ซอย วัชรพล 10 แขวง คลองถนน เขตสายไหม กรุงเทพมหานคร 10220 ประเทศไทย,คลองถนน,สายไหม,กรุงเทพมหานคร,2022-09-15 19:40:11.557107,เสร็จสิ้น,4.0,0,2022-09-15 21:58:24.771525,70.0,139.0,139.0,2022-09-15 20:49:45.161958,2022-09-15 21:58:26.331787,230314,{น้ำท่วม},13.89342,100.64008,2.316666666666667,1.1666666666666667,2.316666666666667,Transient Surcharge Candidate
2022-7KNUEQ,เสนอแนะ,"เพื่อนชัชชาติ, กรุงเทพมหานคร, เขตบางกะปิ, ฝ่ายโยธา เขตบางกะปิ, ผอ.เขตบางกะปิ (นายไพรัตน์), กลุ่มกรุงเทพตะวันออก (นายณรงค์ เรืองศรี)","ฝ่ายโยธา เขตบางกะปิ, เขตบางกะปิ, กลุ่มกรุงเทพตะวันออก (นายณรงค์ เรืองศรี), ผอ.เขตบางกะปิ (นายไพรัตน์), กรุงเทพมหานคร, เพื่อนชัชชาติ",แนะนำเรื่องแก้ปัญหาน้ำท่วม,"100.65378,13.74563",https://storage.googleapis.com/traffy_public_bucket/attachment/2022-09/dd4e60b5ee22d3cfcb0d4f432a9fb49540bc3496.jpg,https://storage.googleapis.com/traffy_public_bucket/attachment/2022-09/b9d3892612d72bb5cb3aa30cc48e51c9bd1589cb.jpg,12 ซอย กรุงเทพกรีฑา 8 แยก 6 แขวง หัวหมาก เขตบางกะปิ กรุงเทพมหานคร 10240 ประเทศไทย,หัวหมาก,บางกะปิ,กรุงเทพมหานคร,2022-09-15 13:42:41.943224,เสร็จสิ้น,,0,2022-09-15 20:51:44.503784,173.0,430.0,430.0,2022-09-15 16:35:26.796049,2022-09-15 20:51:46.079607,229972,{เสนอแนะ},13.74563,100.65378,7.166666666666667,2.8833333333333333,7.166666666666667,Transient Surcharge Candidate
2022-UX9GKN,ความสะอาด,"เพื่อนชัชชาติ, เขตจตุจักร, กรุงเทพมหานคร, สำนักการโยธา กทม., ฝ่ายรักษาความสะอาดฯ เขตจตุจักร, ผอ.เขตจตุจักร (นางสาวภัทร์กร), กลุ่มกรุงเทพเหนือ (นางวันทนีย์ วัฒนะ)","เขตจตุจักร, สำนักการโยธา กทม., กลุ่มกรุงเทพเหนือ (นางวันทนีย์ วัฒนะ), ผอ.เขตจตุจักร (นางสาวภัทร์กร), ฝ่ายรักษาความสะอาดฯ เขตจตุจักร, กรุงเทพมหานคร, เพื่อนชัชชาติ","มีประชาชนนำขยะมาทิ้งริมถนน แม้ว่าจะมีป้าย
ห้ามทิ้งขยะ... ปรับ 2,000
จะทำอย่างไร กฎหมายจึงจะศักดิ์สิทธิ์ ถ้าน้ำท่วมมา ขยะก็ลอยเกลื่อนถนนอีก สุดท้ายก็อุดกั้นทางระบายน้ำ","100.57663,13.80422",https://storage.googleapis.com/traffy_public_bucket/attachment/2022-09/d1ad4fbc0e98ba3c8dd02352c13b87ae0e334e91.jpg,https://storage.googleapis.com/traffy_public_bucket/attachment/2022-09/c03859ce337b59ed5b398b642cdb6facef3a5d75.jpg,Opposite Baan Klang Muang Lat Phrao แขวง จันทรเกษม เขตจตุจักร กรุงเทพมหานคร 10900 ประเทศไทย,จันทรเกษม,จตุจักร,กรุงเทพมหานคร,2022-09-15 13:23:47.340382,เสร็จสิ้น,5.0,0,2023-02-09 09:36:30.339476,208.0,257.0,257.0,2022-09-15 16:51:06.605441,2022-09-15 17:39:52.943462,229950,{ขยะ},13.80422,100.57663,4.283333333333333,3.466666666666667,4.283333333333333,Transient Surcharge Candidate
2022-NGC3QL,น้ำท่วม,"เพื่อนชัชชาติ, เขตคลองสามวา, กรุงเทพมหานคร, ฝ่ายโยธา เขตคลองสามวา, ผอ.เขตคลองสามวา (นายสมหวัง), กลุ่มกรุงเทพตะวันออก (นายณรงค์ เรืองศรี)","เขตคลองสามวา, ฝ่ายโยธา เขตคลองสามวา, กลุ่มกรุงเทพตะวันออก (นายณรงค์ เรืองศรี), ผอ.เขตคลองสามวา (นายสมหวัง), กรุงเทพมหานคร, เพื่อนชัชชาติ",ระบบระบายน้ำไม่มีทำให้น้ำท่วมขัง รอการระบาย จนกลายเป็นน้ำเน่ารอการระเหย รบกวนมาดูระบบการระบายน้ำที่ท้ายซอยพระยาสุเรนทร์ 15 หน่อยนะครับ,"100.69630,13.82855",https://storage.googleapis.com/traffy_public_bucket/attachment/2022-09/fc379be7187d58da53f6abc442584516f277cf62.jpg,https://storage.googleapis.com/traffy_public_bucket/attachment/2022-09/b6c2d23e8392c38899d4e463497fbd36293c4220.jpg,80/144 ซอย พระยาสุเรนทร์ 11 แขวง บางชัน เขตคลองสามวา กรุงเทพมหานคร 10510 ประเทศไทย,บางชัน,คลองสามวา,กรุงเทพมหานคร,2022-09-15 11:25:32.319326,เสร็จสิ้น,,0,2022-09-15 16:56:17.861222,,331.0,331.0,,2022-09-15 16:56:19.326103,229852,{น้ำท่วม},13.82855,100.6963,5.516666666666667,,5.516666666666667,Transient Surcharge Candidate
2022-8B2YUE,น้ำท่วม,"เพื่อนชัชชาติ, เขตพระโขนง, กรุงเทพมหานคร, ฝ่ายโยธา เขตพระโขนง, ผอ.เขตพระโขนง (น.ส.วรุณลักษม์), กลุ่มกรุงเทพใต้ (นายชาตรี วัฒนเขจร)","ฝ่ายโยธา เขตพระโขนง, เขตพระโขนง, กลุ่มกรุงเทพใต้ (นายชาตรี วัฒนเขจร), ผอ.เขตพระโขนง (น.ส.วรุณลักษม์), กรุงเทพมหานคร, เพื่อนชัชชาติ",น้ำท่วมขัง ทุกครั้งที่ฝนตก,"100.60279,13.69072",https://storage.googleapis.com/traffy_public_bucket/attachment/2022-09/38aa56d849bfd1bbe9a74a8778347cd29f625eb5.jpg,https://storage.googleapis.com/traffy_public_bucket/attachment/2022-09/f617c2806efc70b2e3c099de43d9589b26dffb9b.jpg,146 ซอย โรงเรียนพงษ์เวชอนุสรณ์ 3 แขวง บางจาก เขตพระโขนง กรุงเทพมหานคร 10260 ประเทศไทย,บางจาก,พระโขนง,กรุงเทพมหานคร,2022-09-15 07:11:11.149217,เสร็จสิ้น,5.0,0,2022-10-07 14:02:40.525448,60.0,292.0,292.0,2022-09-15 08:10:59.644155,2022-09-15 12:02:14.072068,229664,{น้ำท่วม},13.69072,100.60279,4.866666666666666,1.0,4.866666666666666,Transient Surcharge Candidate
2022-G8FU8P,ถนน,"กรุงเทพมหานคร, เขตบางเขน, เพื่อนชัชชาติ, ผอ.เขตบางเขน (น.ส.อัญชนา), กลุ่มกรุงเทพเหนือ (นางวันทนีย์ วัฒนะ)","เขตบางเขน, กลุ่มกรุงเทพเหนือ (นางวันทนีย์ วัฒนะ), ผอ.เขตบางเขน (น.ส.อัญชนา), เพื่อนชัชชาติ, กรุงเทพมหานคร",ท่อระบายน้ำ ไม่มีฝาปิด น้ำท่วมมองไม่เห็นเสี่ยงคนตก,"100.60867,13.89498",https://storage.googleapis.com/traffy_public_bucket/attachment/2022-09/4e5e622c33f5bab5a634924d00cb142d270a907b.jpg,https://storage.googleapis.com/traffy_public_bucket/attachment/2022-09/257582787a3921f32df58af32c2fc14ed29c52fa.jpg,288 ซ. 4 แยก 2 แขวง อนุสาวรีย์ เขตบางเขน กรุงเทพมหานคร 10220 ประเทศไทย,อนุสาวรีย์,บางเขน,กรุงเทพมหานคร,2022-09-15 06:53:47.541238,เสร็จสิ้น,2.0,0,2022-09-15 08:15:37.96755,,82.0,82.0,,2022-09-15 08:15:39.285291,229645,{ถนน},13.89498,100.60867,1.3666666666666667,,1.3666666666666667,Transient Surcharge Candidate
2022-8HD8RM,น้ำท่วม,"เพื่อนชัชชาติ, เขตพระโขนง, กรุงเทพมหานคร, ฝ่ายโยธา เขตพระโขนง, ผอ.เขตพระโขนง (น.ส.วรุณลักษม์), กลุ่มกรุงเทพใต้ (นายชาตรี วัฒนเขจร)","ฝ่ายโยธา เขตพระโขนง, เขตพระโขนง, กลุ่มกรุงเทพใต้ (นายชาตรี วัฒนเขจร), ผอ.เขตพระโขนง (น.ส.วรุณลักษม์), กรุงเทพมหานคร, เพื่อนชัชชาติ",จุดน้ำท่วมซ้ำซากตกปุ๊บ ท่วมปั๊บ ลดช้า,"100.60497,13.69023",https://storage.googleapis.com/traffy_public_bucket/attachment/2022-09/d15cdcb12231deaab36ae5ba61f99ee617f44dee.jpg,https://storage.googleapis.com/traffy_public_bucket/attachment/2022-09/a50d746699b7a8a9f4598aba9d611a2f980f192c.jpg,45 ซอย สุขุมวิท 64 แขวง บางจาก เขตพระโขนง กรุงเทพมหานคร 10260 ประเทศไทย,บางจาก,พระโขนง,กรุงเทพมหานคร,2022-09-15 02:09:34.851035,เสร็จสิ้น,,0,2022-09-15 11:51:18.929456,364.0,582.0,582.0,2022-09-15 08:12:38.606190,2022-09-15 11:51:20.507764,229600,{น้ำท่วม},13.69023,100.60497,9.7,6.066666666666666,9.7,Transient Surcharge Candidate
2022-3TF98Y,น้ำท่วม,"เพื่อนชัชชาติ, กรุงเทพมหานคร, เขตคลองเตย, ฝ่ายโยธา เขตคลองเตย, สำนักการระบายน้ำ กทม., ผอ.เขตคลองเตย (นางเบญญา), กลุ่มกรุงเทพใต้ (นายชาตรี วัฒนเขจร)","ฝ่ายโยธา เขตคลองเตย, เขตคลองเตย, กลุ่มกรุงเทพใต้ (นายชาตรี วัฒนเขจร), ผอ.เขตคลองเตย (นางเบญญา), สำนักการระบายน้ำ กทม., กรุงเทพมหานคร, เพื่อนชัชชาติ",น้ำท่งมขังสูง ทางเท้าไม่สามารถเดินได้,"100.60032,13.70653",https://storage.googleapis.com/traffy_public_bucket/attachment/2022-09/5fd8f389f2bccf6aa20e04131ec845e4f6481358.jpg,https://storage.googleapis.com/traffy_public_bucket/attachment/2022-09/4cba6ff14f24a407c34a36a7ae1e32772b764b0d.jpg,50 ซ. สุขุมวิท 50 แขวง พระโขนง เขตคลองเตย กรุงเทพมหานคร 10110 ประเทศไทย,พระโขนง,คลองเตย,กรุงเทพมหานคร,2022-09-14 20:49:52.998809,เสร็จสิ้น,,0,2022-09-15 05:39:56.714126,84.0,531.0,531.0,2022-09-14 22:13:01.592378,2022-09-15 05:39:56.718221,229528,{น้ำท่วม},13.70653,100.60032,8.85,1.4,8.85,Transient Surcharge Candidate
2022-XQ84QA,น้ำท่วม,"เพื่อนชัชชาติ, เขตสายไหม, กรุงเทพมหานคร, ฝ่ายโยธา เขตสายไหม, ผอ.เขตสายไหม (นายสมบัติ), กลุ่มกรุงเทพเหนือ (นางวันทนีย์ วัฒนะ)","ฝ่ายโยธา เขตสายไหม, เขตสายไหม, กลุ่มกรุงเทพเหนือ (นางวันทนีย์ วัฒนะ), ผอ.เขตสายไหม (นายสมบัติ), กรุงเทพมหานคร, เพื่อนชัชชาติ",น้ำท่วนมาเป็นอาทิ2อาทิแล้วครัยไม่มีหน่วยงานรัฐเข้ามาดูแรงเลย,"100.68389,13.89123",https://storage.googleapis.com/traffy_public_bucket/attachment/2022-09/0e70eeeb72fff8500a2d97ac1813bbd6f74e677e.jpg,https://storage.googleapis.com/traffy_public_bucket/attachment/2022-09/8b0331b3836b05449d443ffcad83e22a39928420.jpg,50 278 ซอย จตุโชติ 20 แขวง ออเงิน เขตสายไหม กรุงเทพมหานคร 10220 ประเทศไทย,ออเงิน,สายไหม,กรุงเทพมหานคร,2022-09-14 18:32:49.738235,เสร็จสิ้น,,0,2022-09-14 21:14:30.528533,,162.0,162.0,,2022-09-14 21:14:30.532053,229412,{น้ำท่วม},13.89123,100.68389,2.7,,2.7,Transient Surcharge Candidate
2022-7XFDV4,น้ำท่วม,"เพื่อนชัชชาติ, เขตประเวศ, กรุงเทพมหานคร, ฝ่ายโยธา เขตประเวศ, ผอ.เขตประเวศ (นายดิชา), กลุ่มกรุงเทพตะวันออก (นายณรงค์ เรืองศรี)","เขตประเวศ, ฝ่ายโยธา เขตประเวศ, กลุ่มกรุงเทพตะวันออก (นายณรงค์ เรืองศรี), ผอ.เขตประเวศ (นายดิชา), กรุงเทพมหานคร, เพื่อนชัชชาติ",น้ำท่วมถนนใน ซ.,"100.68279,13.69435",https://storage.googleapis.com/traffy_public_bucket/attachment/2022-09/9f7cc1aa5252bb4e0ab4a1d8862f679e410e9d18.jpg,https://storage.googleapis.com/traffy_public_bucket/attachment/2022-10/7e4d6920f163db01b01a8f272b4ccaea125829ad.jpg,89/8 เฉลิมพระเกียรติรัชกาลที่ 9 ซอย 48 แขวง ดอกไม้ เขต ประเวศ กรุงเทพมหานคร 10250 ประเทศไทย,ดอกไม้,ประเวศ,กรุงเทพมหานคร,2022-09-14 18:15:47.645140,เสร็จสิ้น,,0,2022-10-19 15:02:33.056244,99.0,,99.0,2022-09-14 19:54:19.042722,,229386,{น้ำท่วม},13.69435,100.68279,1.65,1.65,,Transient Surcharge Candidate
2022-LKLXQA,น้ำท่วม,"กรุงเทพมหานคร, เขตบางเขน, เพื่อนชัชชาติ, ผอ.เขตบางเขน (น.ส.อัญชนา), กลุ่มกรุงเทพเหนือ (นางวันทนีย์ วัฒนะ)","เขตบางเขน, กลุ่มกรุงเทพเหนือ (นางวันทนีย์ วัฒนะ), ผอ.เขตบางเขน (น.ส.อัญชนา), เพื่อนชัชชาติ, กรุงเทพมหานคร",ขอขั้นตอนเช็ค feature ตรวจสอบน้ำท่วม ที่ท่านรองสานนท์  post ใน better bangkok วันนี้ครับ,"100.65769,13.87112",https://storage.googleapis.com/traffy_public_bucket/attachment/2022-09/9a2a1c8a398a871c0b64fbfae014273edb1ca1db.jpg,https://storage.googleapis.com/traffy_public_bucket/attachment/2022-09/20e680da9d8e62eef4f65fa54b4301963f6dac99.jpg,VMC5+C23 ซอย รามอินทรา แขวง ท่าแร้ง เขตบางเขน กรุงเทพมหานคร 10230 ประเทศไทย,ท่าแร้ง,บางเขน,กรุงเทพมหานคร,2022-09-14 17:24:48.458249,เสร็จสิ้น,,0,2022-09-14 17:40:21.100687,,16.0,16.0,,2022-09-14 17:40:22.512596,229312,{น้ำท่วม},13.87112,100.65769,0.26666666666666666,,0.26666666666666666,Transient Surcharge Candidate
2022-7644EB,น้ำท่วม,"กรุงเทพมหานคร, เขตคลองสามวา, เพื่อนชัชชาติ, ฝ่ายโยธา เขตคลองสามวา, ผอ.เขตคลองสามวา (นายสมหวัง), กลุ่มกรุงเทพตะวันออก (นายณรงค์ เรืองศรี)","ฝ่ายโยธา เขตคลองสามวา, เขตคลองสามวา, กลุ่มกรุงเทพตะวันออก (นายณรงค์ เรืองศรี), ผอ.เขตคลองสามวา (นายสมหวัง), เพื่อนชัชชาติ, กรุงเทพมหานคร",ในคลองระบายน้ำผักตบชวาเยอะมากอยู่เต็มคลองน้ำไหลผ่านไม่สะดวก คอสะพานข้างในหมู่บ้านชำรุดทำให้น้ำในคลองไหลเข้ามาที่ถนนในท้ายซอยหมู่บ้าน,"100.75575,13.84429",https://storage.googleapis.com/traffy_public_bucket/attachment/2022-09/b6652f0c9ec8decda35605aebb09ef07b1acaf67.jpg,https://storage.googleapis.com/traffy_public_bucket/attachment/2022-09/621706e794c02b06511a024c001d48ea20cdd714.jpg,RQV4+P7 กรุงเทพมหานคร ประเทศไทย,ทรายกองดินใต้,คลองสามวา,กรุงเทพมหานคร,2022-09-14 13:02:18.231075,เสร็จสิ้น,,0,2022-09-14 16:41:51.258442,,220.0,220.0,,2022-09-14 16:41:52.762749,228981,{น้ำท่วม},13.84429,100.75575,3.6666666666666665,,3.6666666666666665,Transient Surcharge Candidate
2022-DLEZCN,น้ำท่วม,"เพื่อนชัชชาติ, เขตสายไหม, กรุงเทพมหานคร, ฝ่ายโยธา เขตสายไหม, ผอ.เขตสายไหม (นายสมบัติ), กลุ่มกรุงเทพเหนือ (นางวันทนีย์ วัฒนะ)","ฝ่ายโยธา เขตสายไหม, เขตสายไหม, กลุ่มกรุงเทพเหนือ (นางวันทนีย์ วัฒนะ), ผอ.เขตสายไหม (นายสมบัติ), กรุงเทพมหานคร, เพื่อนชัชชาติ","สวัสดีค่ะ ขอแจ้งในเขตพื้นที่ชุมชนเคหะออเงินมีน้ำท่วมขัง มาตั้งแต่ฝนตกหนัก ประมาณอาทิตย์นึงแล้วค่ะ รอบนอกถนนหลักแห้งหมดแล้ว แต่ในเคหะออเงิน น้ำยังท่วมขังมาหลายวันเป็นอาทิตย์แล้วค่ะ เหมือนน้ำไม่มีทางระบายออกค่ะ 

ขอขอบพระคุณเป็นอย่างสูงค่ะ","100.67488,13.90275",https://storage.googleapis.com/traffy_public_bucket/attachment/2022-09/54d21cb21b745b3dd2c1b18bd293b21bb96e2623.jpg,https://storage.googleapis.com/traffy_public_bucket/attachment/2022-09/42b499b911dbc76787f73a3e3a0aa9883e123064.jpg,207-1-116 ซอย เคหะชุมชนออเงิน แขวง ออเงิน เขตสายไหม กรุงเทพมหานคร 10220 ประเทศไทย,ออเงิน,สายไหม,กรุงเทพมหานคร,2022-09-14 12:56:28.870995,เสร็จสิ้น,5.0,0,2022-09-14 21:30:39.759913,,515.0,515.0,,2022-09-14 21:30:39.763916,228976,{น้ำท่วม},13.90275,100.67488,8.583333333333334,,8.583333333333334,Hydraulic Capacity Surcharge
2022-GLN836,น้ำท่วม,"กรุงเทพมหานคร, เขตบางเขน, เพื่อนชัชชาติ, ผอ.เขตบางเขน (น.ส.อัญชนา), กลุ่มกรุงเทพเหนือ (นางวันทนีย์ วัฒนะ)","เขตบางเขน, กลุ่มกรุงเทพเหนือ (นางวันทนีย์ วัฒนะ), ผอ.เขตบางเขน (น.ส.อัญชนา), เพื่อนชัชชาติ, กรุงเทพมหานคร",น้ำท่วมขังลดลงแล้วครับ ขอบคุณมากครับ,"100.61960,13.87175",https://storage.googleapis.com/traffy_public_bucket/attachment/2022-09/d427fa4abc00861a54ce392afd93fbf71a754252.jpg,https://storage.googleapis.com/traffy_public_bucket/attachment/2022-09/0ed7ad0317664f32f644b832ac4ece041aab2fb4.jpg,120/21 รามอินทรา 19 แยก 19 แขวง อนุสาวรีย์ เขตบางเขน กรุงเทพมหานคร 10220 ประเทศไทย,อนุสาวรีย์,บางเขน,กรุงเทพมหานคร,2022-09-14 11:17:12.349260,เสร็จสิ้น,,0,2022-09-14 15:33:32.11974,,257.0,257.0,,2022-09-14 15:33:33.935138,228880,{น้ำท่วม},13.87175,100.6196,4.283333333333333,,4.283333333333333,Naturally Receded (Unobserved)
2022-C3BQ47,น้ำท่วม,"เพื่อนชัชชาติ, เขตบางเขน, กรุงเทพมหานคร, ผอ.เขตบางเขน (น.ส.อัญชนา), กลุ่มกรุงเทพเหนือ (นางวันทนีย์ วัฒนะ)","เขตบางเขน, กลุ่มกรุงเทพเหนือ (นางวันทนีย์ วัฒนะ), ผอ.เขตบางเขน (น.ส.อัญชนา), กรุงเทพมหานคร, เพื่อนชัชชาติ",น้ำท่วมขังซอยรามอินทรา 19 แยก 19 ลดลงแล้วครับ ขอบคุญครับ,"100.61959,13.87165",https://storage.googleapis.com/traffy_public_bucket/attachment/2022-09/773929e6ee24b917c3810cff936930c591c30fc5.jpg,https://storage.googleapis.com/traffy_public_bucket/attachment/2022-09/c255a02645726977c53bc4033f48cb18ad4347a2.jpg,120/19 รามอินทรา 19 แยก 19 แขวง อนุสาวรีย์ เขตบางเขน กรุงเทพมหานคร 10220 ประเทศไทย,อนุสาวรีย์,บางเขน,กรุงเทพมหานคร,2022-09-14 10:50:34.914173,เสร็จสิ้น,5.0,0,2022-09-14 17:13:10.73561,118.0,383.0,383.0,2022-09-14 12:48:24.463073,2022-09-14 17:13:10.739863,228847,{น้ำท่วม},13.87165,100.61959,6.383333333333334,1.9666666666666666,6.383333333333334,Naturally Receded (Unobserved)
2022-3K8XZT,น้ำท่วม,"เพื่อนชัชชาติ, กรุงเทพมหานคร, เขตจอมทอง, แขวงทางหลวงธนบุรี กรมทางหลวง, สำนักการประปา, การทางพิเศษแห่งประเทศไทย, ผอ.เขตจอมทอง (นายณัฐพงษ์), กลุ่มกรุงธนเหนือ (นายเฉลิมพล โชตินุชิต)","แขวงทางหลวงธนบุรี กรมทางหลวง, เขตจอมทอง, กลุ่มกรุงธนเหนือ (นายเฉลิมพล โชตินุชิต), ผอ.เขตจอมทอง (นายณัฐพงษ์), การทางพิเศษแห่งประเทศไทย, สำนักการประปา, กรุงเทพมหานคร, เพื่อนชัชชาติ",รบกวนช่วยแก้ปัญหาน้ำท่วมตรงทางหลักหน่อยครับ  น้ำท่วมขังทำให้รถติดยาวเลยครับ,"100.46954,13.67968",https://storage.googleapis.com/traffy_public_bucket/attachment/2022-09/909030819299d42aeb189c196197f9c8bcf7480f.jpg,https://storage.googleapis.com/traffy_public_bucket/attachment/2022-09/0cfc8bfe71a9ad95d42bafe44256f3c15e3bf32a.jpg,10/14 ถ. พระรามที่ 2 แขวง บางมด เขตจอมทอง กรุงเทพมหานคร 10150 ประเทศไทย,บางมด,จอมทอง,กรุงเทพมหานคร,2022-09-14 08:32:06.868472,เสร็จสิ้น,5.0,0,2022-09-14 16:31:05.628402,277.0,480.0,480.0,2022-09-14 13:08:13.293731,2022-09-14 16:31:07.062112,228658,{น้ำท่วม},13.67968,100.46954,8.0,4.616666666666666,8.0,Transient Surcharge Candidate
2022-8UCVTA,น้ำท่วม,"กรุงเทพมหานคร, ศูนย์อำนวยการบรรเทาสาธารณภัย ส่วนกลาง, เขตประเวศ, เพื่อนชัชชาติ, กรมป้องกันและบรรเทาสาธารณภัย, ฝ่ายพัฒนาชุมชนฯ เขตประเวศ, ผอ.เขตประเวศ (นายดิชา), กลุ่มกรุงเทพตะวันออก (นายณรงค์ เรืองศรี)","ฝ่ายพัฒนาชุมชนฯ เขตประเวศ, เขตประเวศ, กรมป้องกันและบรรเทาสาธารณภัย, กลุ่มกรุงเทพตะวันออก (นายณรงค์ เรืองศรี), ผอ.เขตประเวศ (นายดิชา), เพื่อนชัชชาติ, ศูนย์อำนวยการบรรเทาสาธารณภัย ส่วนกลาง, กรุงเทพมหานคร",น้ำท่วมมา 4 วัน ยังไม่ได้รับความช่วยจากเจ้าหน้าที่เรื่องอาหาร หรือ ความคืบหน้าในการแก้ปัญหาค่ะ,"100.66093,13.72542",https://storage.googleapis.com/traffy_public_bucket/attachment/2022-09/61018287ccf23544d220246c9379ef6fb9577401.jpg,,205/20 ถ. พัฒนาการ แขวง ประเวศ เขต ประเวศ กรุงเทพมหานคร 10250 ประเทศไทย,ประเวศ,ประเวศ,กรุงเทพมหานคร,2022-09-14 08:02:26.996073,เสร็จสิ้น,,0,2022-09-14 17:23:55.371392,238.0,562.0,562.0,2022-09-14 11:59:39.969508,2022-09-14 17:23:55.375839,228615,{น้ำท่วม},13.72542,100.66093,9.366666666666667,3.966666666666667,9.366666666666667,Transient Surcharge Candidate
2022-4U7A73,น้ำท่วม,"กรุงเทพมหานคร, เขตประเวศ, เพื่อนชัชชาติ, ฝ่ายเทศกิจ เขตประเวศ, ผอ.เขตประเวศ (นายดิชา), กลุ่มกรุงเทพตะวันออก (นายณรงค์ เรืองศรี)","ฝ่ายเทศกิจ เขตประเวศ, เขตประเวศ, กลุ่มกรุงเทพตะวันออก (นายณรงค์ เรืองศรี), ผอ.เขตประเวศ (นายดิชา), เพื่อนชัชชาติ, กรุงเทพมหานคร",ถนนในซอยพัฒนาการ65 แยก5 น้ำท่วมสูงมาก รถเล็กใช้ไม่ได้ น้ำเข้าบ้าน ตั้งแต่วันเสาร์ที่10 น้ำไม่ลดค่ะ ออกไปไหนไม่ได้ บ้านอยู่ในซอยลึกค่ะ,"100.67115,13.73075",https://storage.googleapis.com/traffy_public_bucket/attachment/2022-09/ca004be42e51735b3ddeea32b80a3a6cb2f1bb23.jpg,https://storage.googleapis.com/traffy_public_bucket/attachment/2022-09/15ca73e5783b6798cd5c3a32430e1cb99a2d9ad7.jpg,199 ซ. พัฒนาการ 65 แยก 5 แขวง ประเวศ เขต ประเวศ กรุงเทพมหานคร 10250 ประเทศไทย,ประเวศ,ประเวศ,กรุงเทพมหานคร,2022-09-13 21:03:02.229427,เสร็จสิ้น,4.0,0,2022-09-14 02:55:37.984491,26.0,353.0,353.0,2022-09-13 21:28:33.841020,2022-09-14 02:55:37.987418,228374,{น้ำท่วม},13.73075,100.67115,5.883333333333334,0.43333333333333335,5.883333333333334,Transient Surcharge Candidate
2022-4GELPK,น้ำท่วม,"กรุงเทพมหานคร, เขตยานนาวา, เพื่อนชัชชาติ, ฝ่ายโยธา เขตยานนาวา, ผอ.เขตยานนาวา (น.ส.วรุณลักษม์), กลุ่มกรุงเทพใต้ (นายชาตรี วัฒนเขจร)","ฝ่ายโยธา เขตยานนาวา, เขตยานนาวา, กลุ่มกรุงเทพใต้ (นายชาตรี วัฒนเขจร), ผอ.เขตยานนาวา (น.ส.วรุณลักษม์), เพื่อนชัชชาติ, กรุงเทพมหานคร",น้ำท่วมในซอยพระรามสาม ซอย 52 ทุกเย็นเลยครับ จะออกจากบ้านก็ไม่ได้ จะเข้าบ้านก็ต้องเดินลุยน้ำเข้ามา,"100.54885,13.68705",https://storage.googleapis.com/traffy_public_bucket/attachment/2022-09/f641c45a088e1dd678b5d528814ac4f558fd0e96.jpg,https://storage.googleapis.com/traffy_public_bucket/attachment/2022-09/5cad9664c0a969954bff85a8eb2e6a9c15e73cf2.jpg,95/330 ถ. พระรามที่ 3 แขวง ช่องนนทรี เขต ยานนาวา กรุงเทพมหานคร 10120 ประเทศไทย,ช่องนนทรี,ยานนาวา,กรุงเทพมหานคร,2022-09-13 20:55:51.180227,เสร็จสิ้น,1.0,0,2022-09-14 07:39:37.573223,,644.0,644.0,,2022-09-14 07:39:37.576375,228364,{น้ำท่วม},13.68705,100.54885,10.733333333333333,,10.733333333333333,Transient Surcharge Candidate
2022-HMMCBA,น้ำท่วม,"เพื่อนชัชชาติ, เขตประเวศ, กรุงเทพมหานคร, ฝ่ายเทศกิจ เขตประเวศ, ผอ.เขตประเวศ (นายดิชา), กลุ่มกรุงเทพตะวันออก (นายณรงค์ เรืองศรี)","ฝ่ายเทศกิจ เขตประเวศ, เขตประเวศ, กลุ่มกรุงเทพตะวันออก (นายณรงค์ เรืองศรี), ผอ.เขตประเวศ (นายดิชา), กรุงเทพมหานคร, เพื่อนชัชชาติ",ขอรถเข้าไปขนย้ายของออกมาจากบ้านค่ะ,"100.67286,13.73243",https://storage.googleapis.com/traffy_public_bucket/attachment/2022-09/4eb4b2f82c5631229cae49f933ab2e673cbe795d.jpg,https://storage.googleapis.com/traffy_public_bucket/attachment/2022-09/64ceb17e2bf3cf2542949b31d337ae709c9e1f8f.jpg,45 ซอย พัฒนาการ 65 แยก 4 แขวง ประเวศ เขต ประเวศ กรุงเทพมหานคร 10250 ประเทศไทย,ประเวศ,ประเวศ,กรุงเทพมหานคร,2022-09-13 17:58:21.247072,เสร็จสิ้น,,0,2022-09-14 02:56:04.880534,55.0,538.0,538.0,2022-09-13 18:52:56.772944,2022-09-14 02:56:04.884661,228172,{น้ำท่วม},13.73243,100.67286,8.966666666666667,0.9166666666666666,8.966666666666667,Transient Surcharge Candidate
2022-4GGNV9,น้ำท่วม,"เพื่อนชัชชาติ, เขตบางนา, กรุงเทพมหานคร, ผอ.เขตบางนา (นางประภัสสร), กลุ่มกรุงเทพใต้ (นายชาตรี วัฒนเขจร)","เขตบางนา, กลุ่มกรุงเทพใต้ (นายชาตรี วัฒนเขจร), ผอ.เขตบางนา (นางประภัสสร), กรุงเทพมหานคร, เพื่อนชัชชาติ",ปั้มสูบน้ำซอยลาซาล 24 ไม่ได้เปิดครับน้ำขังไม่ลดเลยครับ,"100.61560,13.66312",https://storage.googleapis.com/traffy_public_bucket/attachment/2022-09/bff794569334533c3a910db2c9007c62ab35d2fb.jpg,https://storage.googleapis.com/traffy_public_bucket/attachment/2022-09/05f16e036dc70d31252965b1e8886d62f5277554.jpg,484 ถ. ลาซาล แขวง บางนา เขตบางนา กรุงเทพมหานคร 10260 ประเทศไทย,บางนาใต้,บางนา,กรุงเทพมหานคร,2022-09-13 17:50:48.864109,เสร็จสิ้น,5.0,0,2022-09-13 20:27:49.459339,40.0,158.0,158.0,2022-09-13 18:30:35.603085,2022-09-13 20:27:49.462703,228157,{น้ำท่วม},13.66312,100.6156,2.6333333333333333,0.6666666666666666,2.6333333333333333,Transient Surcharge Candidate
2022-MUP7NE,น้ำท่วม,"เพื่อนชัชชาติ, เขตบางนา, กรุงเทพมหานคร, ผอ.เขตบางนา (นางประภัสสร), กลุ่มกรุงเทพใต้ (นายชาตรี วัฒนเขจร)","เขตบางนา, กลุ่มกรุงเทพใต้ (นายชาตรี วัฒนเขจร), ผอ.เขตบางนา (นางประภัสสร), กรุงเทพมหานคร, เพื่อนชัชชาติ",ปุ้มสูบน้ำซอยลาซาล 24 ไม่ได้เปิดครับ,"100.61565,13.66302",https://storage.googleapis.com/traffy_public_bucket/attachment/2022-09/2b873deb117a8a913d7eadfa405269979266a709.jpg,https://storage.googleapis.com/traffy_public_bucket/attachment/2022-09/ed86b5b9115a1094e81db5b66220506a07f2166d.jpg,54/80 สุขุมวิท แขวง บางนา เขตบางนา กรุงเทพมหานคร 10260 ประเทศไทย,บางนาใต้,บางนา,กรุงเทพมหานคร,2022-09-13 17:34:18.094733,เสร็จสิ้น,4.0,0,2022-09-13 20:38:31.655382,181.0,185.0,185.0,2022-09-13 20:34:24.820533,2022-09-13 20:38:31.659114,228144,{น้ำท่วม},13.66302,100.61565,3.0833333333333335,3.0166666666666666,3.0833333333333335,Transient Surcharge Candidate
2022-CPNVX3,น้ำท่วม,"เพื่อนชัชชาติ, เขตวัฒนา, กรุงเทพมหานคร, ฝ่ายโยธา เขตวัฒนา, ผอ.เขตวัฒนา (น.ส.สุชิรา), กลุ่มกรุงเทพใต้ (นายชาตรี วัฒนเขจร)","ฝ่ายโยธา เขตวัฒนา, เขตวัฒนา, กลุ่มกรุงเทพใต้ (นายชาตรี วัฒนเขจร), ผอ.เขตวัฒนา (น.ส.สุชิรา), กรุงเทพมหานคร, เพื่อนชัชชาติ",นำ้ท่วม ท่อตัน,"100.59286,13.71949",https://storage.googleapis.com/traffy_public_bucket/attachment/2022-09/7d6d5fd2b9473ff02c8efb30dc261cd98cee0ff8.jpg,https://storage.googleapis.com/traffy_public_bucket/attachment/2022-09/29aa8fa99fea4689b0baf5764d983e58d4cb7341.png,259/134 ถนน สุขุมวิท แขวง พระโขนงเหนือ เขตวัฒนา กรุงเทพมหานคร 10110 ประเทศไทย,พระโขนงเหนือ,วัฒนา,กรุงเทพมหานคร,2022-09-13 17:21:47.091269,เสร็จสิ้น,5.0,0,2022-09-13 20:00:04.263593,123.0,159.0,159.0,2022-09-13 19:24:23.774916,2022-09-13 20:00:05.694332,228123,{น้ำท่วม},13.71949,100.59286,2.65,2.05,2.65,Transient Surcharge Candidate
2022-K2MPEN,น้ำท่วม,"เพื่อนชัชชาติ, เขตประเวศ, กรุงเทพมหานคร, ฝ่ายเทศกิจ เขตประเวศ, ผอ.เขตประเวศ (นายดิชา), กลุ่มกรุงเทพตะวันออก (นายณรงค์ เรืองศรี)","ฝ่ายเทศกิจ เขตประเวศ, เขตประเวศ, กลุ่มกรุงเทพตะวันออก (นายณรงค์ เรืองศรี), ผอ.เขตประเวศ (นายดิชา), กรุงเทพมหานคร, เพื่อนชัชชาติ",น้ำท่วมมาห้าวันแล้ว ออกไปทำงานไม่ได้ไปซื้อกับข้าวก็ไม่ได้,"100.66749,13.72409",https://storage.googleapis.com/traffy_public_bucket/attachment/2022-09/ba943cc166f5ad2ab905f2e54a30cb24ffa555bd.jpg,https://storage.googleapis.com/traffy_public_bucket/attachment/2022-09/7a7125bec552ac0b8dfba8e543b98bef654964f6.jpg,17 ซอย พัฒนาการ 69 แยก 2-1 แขวง ประเวศ เขต ประเวศ กรุงเทพมหานคร 10250 ประเทศไทย,ประเวศ,ประเวศ,กรุงเทพมหานคร,2022-09-13 16:37:40.451185,เสร็จสิ้น,,0,2022-09-14 02:57:45.128593,128.0,621.0,621.0,2022-09-13 18:44:47.463356,2022-09-14 02:57:45.131845,228075,{น้ำท่วม},13.72409,100.66749,10.35,2.1333333333333333,10.35,Transient Surcharge Candidate
2022-CWK4UN,น้ำท่วม,"เพื่อนชัชชาติ, เขตบางคอแหลม, กรุงเทพมหานคร, ฝ่ายโยธา เขตบางคอแหลม, ผอ.เขตบางคอแหลม (นางวาสนา), กลุ่มกรุงเทพใต้ (นายชาตรี วัฒนเขจร)","ฝ่ายโยธา เขตบางคอแหลม, เขตบางคอแหลม, กลุ่มกรุงเทพใต้ (นายชาตรี วัฒนเขจร), ผอ.เขตบางคอแหลม (นางวาสนา), กรุงเทพมหานคร, เพื่อนชัชชาติ",น้ำท่วมถนนจันทน์,"100.52121,13.70241",https://storage.googleapis.com/traffy_public_bucket/attachment/2022-09/315d795213b914d7e5eda5f93f9e78bc2ea3d676.jpg,https://storage.googleapis.com/traffy_public_bucket/attachment/2022-09/d8ee715c59233fc8006cd430a0ccd13ebe76cea7.jpg,542 66 ซอย จันทน์ 23/2 แขวง บางโคล่ เขตบางคอแหลม กรุงเทพมหานคร 10120 ประเทศไทย,บางโคล่,บางคอแหลม,กรุงเทพมหานคร,2022-09-13 16:01:33.402931,เสร็จสิ้น,,0,2022-09-13 17:24:34.382532,69.0,84.0,84.0,2022-09-13 17:10:05.688444,2022-09-13 17:24:35.859530,228035,{น้ำท่วม},13.70241,100.52121,1.4,1.15,1.4,Transient Surcharge Candidate
2022-KQHTPP,ถนน,"กรุงเทพมหานคร, เขตตลิ่งชัน, เพื่อนชัชชาติ, ผอ.เขตตลิ่งชัน (นางชดาวรรณ), กลุ่มกรุงธนเหนือ (นายเฉลิมพล โชตินุชิต)","เขตตลิ่งชัน, กลุ่มกรุงธนเหนือ (นายเฉลิมพล โชตินุชิต), ผอ.เขตตลิ่งชัน (นางชดาวรรณ), เพื่อนชัชชาติ, กรุงเทพมหานคร","น้ำท่วมซอยฉิมพลี 20 แยก 2, แยก 4,","100.43349,13.78900",https://storage.googleapis.com/traffy_public_bucket/attachment/2022-09/80452213b0da4a3acc29460d72edeac11ab19c86.jpg,https://storage.googleapis.com/traffy_public_bucket/attachment/2022-09/6fdd8f768e92a74ed4864c5592e745750c892c1c.jpg,20/116 ซอย ฉิมพลี 20 แขวง ฉิมพลี เขตตลิ่งชัน กรุงเทพมหานคร 10170 ประเทศไทย,ฉิมพลี,ตลิ่งชัน,กรุงเทพมหานคร,2022-09-13 15:57:52.334368,เสร็จสิ้น,5.0,0,2022-09-13 17:28:02.046519,,91.0,91.0,,2022-09-13 17:28:03.500035,228023,{ถนน},13.789,100.43349,1.5166666666666666,,1.5166666666666666,Transient Surcharge Candidate
2022-AAGQYG,อื่นๆ,"กรุงเทพมหานคร, เขตธนบุรี, เพื่อนชัชชาติ, ฝ่ายโยธา เขตธนบุรี, ผอ.เขตธนบุรี (ว่าที่ ร.ต.เดชาธร), กลุ่มกรุงธนเหนือ (นายเฉลิมพล โชตินุชิต)","ฝ่ายโยธา เขตธนบุรี, เขตธนบุรี, กลุ่มกรุงธนเหนือ (นายเฉลิมพล โชตินุชิต), ผอ.เขตธนบุรี (ว่าที่ ร.ต.เดชาธร), เพื่อนชัชชาติ, กรุงเทพมหานคร",น้ำท่วมขัง,"100.48779,13.70670",https://storage.googleapis.com/traffy_public_bucket/attachment/2022-09/e56f5096da45c3b251de7e64ef59503eb372458e.jpg,https://storage.googleapis.com/traffy_public_bucket/attachment/2022-09/f19383fb58f0458f928b533dcbdb1819b26c8f93.jpg,194 ซ. สมเด็จพระเจ้าตากสิน 27 แขวง สำเหร่ เขตธนบุรี กรุงเทพมหานคร 10600 ประเทศไทย,สำเหร่,ธนบุรี,กรุงเทพมหานคร,2022-09-13 15:46:02.275313,เสร็จสิ้น,5.0,0,2022-09-13 19:54:12.056712,8.0,249.0,249.0,2022-09-13 15:53:41.793534,2022-09-13 19:54:12.060725,228003,{อื่นๆ},13.7067,100.48779,4.15,0.13333333333333333,4.15,Transient Surcharge Candidate
2022-ERVCRH,น้ำท่วม,"เพื่อนชัชชาติ, เขตวัฒนา, กรุงเทพมหานคร, ฝ่ายโยธา เขตวัฒนา, ผอ.เขตวัฒนา (น.ส.สุชิรา), กลุ่มกรุงเทพใต้ (นายชาตรี วัฒนเขจร)","ฝ่ายโยธา เขตวัฒนา, เขตวัฒนา, กลุ่มกรุงเทพใต้ (นายชาตรี วัฒนเขจร), ผอ.เขตวัฒนา (น.ส.สุชิรา), กรุงเทพมหานคร, เพื่อนชัชชาติ","ฝนตกชม.กว่า
ปรีดี 15 แยก4-5 เป็นคลองค่ะ

ขอความช่วยเหลือด่วนค่ะ
น้ำท่วมซ้ำซาก😫😫😫","100.59324,13.72152",https://storage.googleapis.com/traffy_public_bucket/attachment/2022-09/4fda3d567d5eb2c29a394e733f018c6e2faeab35.jpg,https://storage.googleapis.com/traffy_public_bucket/attachment/2022-09/69ad7ef964e17939f53c7f69d88c65474b7c2f4e.jpg,259/171 ซอย ปรีดีพนมยงค์ 15 แขวง พระโขนงเหนือ เขตวัฒนา กรุงเทพมหานคร 10110 ประเทศไทย,พระโขนงเหนือ,วัฒนา,กรุงเทพมหานคร,2022-09-13 15:36:57.393172,เสร็จสิ้น,,0,2022-09-13 20:01:16.762162,17.0,265.0,265.0,2022-09-13 15:53:32.196043,2022-09-13 20:01:18.301516,227991,{น้ำท่วม},13.72152,100.59324,4.416666666666667,0.2833333333333333,4.416666666666667,Transient Surcharge Candidate
2022-HTXGFR,น้ำท่วม,"เพื่อนชัชชาติ, เขตยานนาวา, กรุงเทพมหานคร, ฝ่ายโยธา เขตยานนาวา, ผอ.เขตยานนาวา (น.ส.วรุณลักษม์), กลุ่มกรุงเทพใต้ (นายชาตรี วัฒนเขจร)","ฝ่ายโยธา เขตยานนาวา, เขตยานนาวา, กลุ่มกรุงเทพใต้ (นายชาตรี วัฒนเขจร), ผอ.เขตยานนาวา (น.ส.วรุณลักษม์), กรุงเทพมหานคร, เพื่อนชัชชาติ",ฝนตกน้ำระบายไม่ทันท่วมรางระบาย และหน้าบ้าน รถวิ่งผ่านเร็วๆ กระเด็นเปียกไปทั่ว,"100.53207,13.67804",https://storage.googleapis.com/traffy_public_bucket/attachment/2022-09/50af1d22c91f1a088a0d322386ed42e95e77b015.jpg,https://storage.googleapis.com/traffy_public_bucket/attachment/2022-09/967e0131e7f48ab29c4b1a3ad55f0449b4b3703b.jpg,14/70 ซอย โอสิริ 2 แขวง บางโพงพาง เขต ยานนาวา กรุงเทพมหานคร 10120 ประเทศไทย,บางโพงพาง,ยานนาวา,กรุงเทพมหานคร,2022-09-13 15:33:19.501843,เสร็จสิ้น,,0,2022-09-13 16:17:46.337795,,45.0,45.0,,2022-09-13 16:17:48.286928,227986,{น้ำท่วม},13.67804,100.53207,0.75,,0.75,Hydraulic Capacity Surcharge
2022-DUKXH8,น้ำท่วม,"เพื่อนชัชชาติ, เขตสายไหม, กรุงเทพมหานคร, ฝ่ายโยธา เขตสายไหม, กลุ่มงานระบายน้ำ V.2 เขตสายไหม, ผอ.เขตสายไหม (นายสมบัติ), กลุ่มกรุงเทพเหนือ (นางวันทนีย์ วัฒนะ)","ฝ่ายโยธา เขตสายไหม, เขตสายไหม, กลุ่มกรุงเทพเหนือ (นางวันทนีย์ วัฒนะ), ผอ.เขตสายไหม (นายสมบัติ), กรุงเทพมหานคร, เพื่อนชัชชาติ","ปัญหาน้ำท่วมชุมชนหลังวัดหนองผักชี
ท่วมมาเป็นอาทิตย์แล้วค่ะ","100.63066,13.88614",https://storage.googleapis.com/traffy_public_bucket/attachment/2022-09/0abf4f7e3cac61862c88c35f99be9b13eba81792.jpg,https://storage.googleapis.com/traffy_public_bucket/attachment/2022-09/4bf724baf3a02dcace168d753fa9769568379286.jpg,368 ริมคลอง ชุมชนสุขฤดี แขวง ท่าแร้ง เขตบางเขน กรุงเทพมหานคร 10220 ประเทศไทย,คลองถนน,สายไหม,กรุงเทพมหานคร,2022-09-13 14:54:37.215869,เสร็จสิ้น,4.0,0,2022-09-13 21:11:35.832887,366.0,378.0,378.0,2022-09-13 21:00:18.546126,2022-09-13 21:11:37.326459,227920,{น้ำท่วม},13.88614,100.63066,6.3,6.1,6.3,Transient Surcharge Candidate
2022-4DPMMF,น้ำท่วม,"เพื่อนชัชชาติ, เขตบางเขน, กรุงเทพมหานคร, ผอ.เขตบางเขน (น.ส.อัญชนา), กลุ่มกรุงเทพเหนือ (นางวันทนีย์ วัฒนะ)","เขตบางเขน, กลุ่มกรุงเทพเหนือ (นางวันทนีย์ วัฒนะ), ผอ.เขตบางเขน (น.ส.อัญชนา), กรุงเทพมหานคร, เพื่อนชัชชาติ",น่้าท่วมขอรถรับส่ง  ซ.รามอินทรา 31,"100.62464,13.86108",https://storage.googleapis.com/traffy_public_bucket/attachment/2022-09/fb87d244d5b6a00db53467c39e3c4d4b5527ff15.jpg,https://storage.googleapis.com/traffy_public_bucket/attachment/2022-09/a62e3d25584b458adce2b62a8c70a1a7a33aa90e.jpg,6 ซอย รามอินทรา 31 แยก 2 แขวง อนุสาวรีย์ เขตบางเขน กรุงเทพมหานคร 10220 ประเทศไทย,อนุสาวรีย์,บางเขน,กรุงเทพมหานคร,2022-09-13 11:30:46.260444,เสร็จสิ้น,5.0,0,2022-09-13 11:48:20.418567,16.0,18.0,18.0,2022-09-13 11:46:31.628848,2022-09-13 11:48:20.423074,227687,{น้ำท่วม},13.86108,100.62464,0.3,0.26666666666666666,0.3,Transient Surcharge Candidate
2022-3W3M2E,น้ำท่วม,"เพื่อนชัชชาติ, กรุงเทพมหานคร, เขตหลักสี่, ผอ.เขตหลักสี่ (นางสมฤดี), กลุ่มกรุงเทพเหนือ (นางวันทนีย์ วัฒนะ)","เขตหลักสี่, กลุ่มกรุงเทพเหนือ (นางวันทนีย์ วัฒนะ), ผอ.เขตหลักสี่ (นางสมฤดี), กรุงเทพมหานคร, เพื่อนชัชชาติ",ตรงถนนตรงนี้ น้ำท่วมแล้วไม่มีลดเลยครับ ตั้งแต่ฝนเริ่มตก น้ำขังจนเริ่มส่งกลิ่นเหม็นเน่า เวลาจะขับรถผ่านลำบากมาก เพราะมันท่วมยาวจนเกือบทั้งเส้น,"100.57574,13.89687",https://storage.googleapis.com/traffy_public_bucket/attachment/2022-09/b49e6cdba6100bf75dd06bcdd1412adc26938bea.jpg,https://storage.googleapis.com/traffy_public_bucket/attachment/2022-09/f81a4103a27850ce91cd2a5961ab33b0f55336bc.jpg,99/376 แจ้งวัฒนะ แขวง ทุ่งสองห้อง เขต หลักสี่ กรุงเทพมหานคร 10210 ประเทศไทย,ทุ่งสองห้อง,หลักสี่,กรุงเทพมหานคร,2022-09-13 10:59:26.364686,เสร็จสิ้น,5.0,0,2022-09-13 11:38:55.812603,,40.0,40.0,,2022-09-13 11:38:55.816826,227653,{น้ำท่วม},13.89687,100.57574,0.6666666666666666,,0.6666666666666666,Transient Surcharge Candidate
2022-734Y8M,น้ำท่วม,"เพื่อนชัชชาติ, กรุงเทพมหานคร, เขตหลักสี่, ผอ.เขตหลักสี่ (นางสมฤดี), กลุ่มกรุงเทพเหนือ (นางวันทนีย์ วัฒนะ)","เขตหลักสี่, กลุ่มกรุงเทพเหนือ (นางวันทนีย์ วัฒนะ), ผอ.เขตหลักสี่ (นางสมฤดี), กรุงเทพมหานคร, เพื่อนชัชชาติ","1. สถานที่เกิดเหตุ: ถนนทางเข้าหมู่บ้านเศรณีปาร์ค ซอยวิภาวดีรังสิต 60 แยก 14 ถนนวิภาวดีรังสิต แขวงตลาดบางเขน เขตหลักสี่ กทม. 10210 

ปัญหา: ตลอดรั้วหมู่บ้านข้างเคียงที่กำลังมีการก่อสร้างในซอยวิภาวดีรังสิต 60 แยก 14 มีการนำกระสอบทรายมาวางตลอดแนวถนนสาธารณะ โดยวางกระสอบทรายจำนวนมากทับท่อน้ำตลอดถนนทางเข้าหมู่บ้านเศรณีปาร์ค ทำให้การระบายน้ำไม่สะดวก น้ำระบายยาก และเกิดการท่วมขังกีดขวางทางจราจร ทำให้การคมนาคมในถนนสาธารณะไม่สะดวก มีความเสี่ยงที่กระสอบทรายจะแตกทำให้ทรายลงไปในท่อน้ำอุดตันอีก

ซึ่งบริเวณดังกล่าวเป็นทางสาธารณะจึงอยากให้หน่วยงานที่เกี่ยวข้องช่วยตรวจสอบว่าเหตุใดหมู่บ้านเอกชน จึงมีสิทธินำกระสอบทรายจำนวนมากมาวางตลอดทางริมถนน หากไม่มีสิทธิและหากระสอบทรายดังกล่าวทำให้การระบายน้ำจากถนนสาธารณะมีปัญหาจริง อยากให้ทางการดำเนินการนำกระสอบทรายดังกล่าวออกไปด้วย","100.57841,13.85973",https://storage.googleapis.com/traffy_public_bucket/attachment/2022-09/1eab1b709c91eae97e4eeaaebd963effbae54508.jpg,https://storage.googleapis.com/traffy_public_bucket/attachment/2022-09/3cb5682363188ca8869fbf19a93f8cdb378460cc.jpg,123/1 พหลโยธิน แขวง ตลาดบางเขน เขต หลักสี่ กรุงเทพมหานคร 10210 ประเทศไทย,ตลาดบางเขน,หลักสี่,กรุงเทพมหานคร,2022-09-12 22:33:42.165426,เสร็จสิ้น,,0,2022-09-13 10:14:33.379384,594.0,701.0,701.0,2022-09-13 08:27:40.272234,2022-09-13 10:14:33.383149,227230,{น้ำท่วม},13.85973,100.57841,11.683333333333334,9.9,11.683333333333334,Transient Surcharge Candidate
2022-G99A8T,เสนอแนะ,"เพื่อนชัชชาติ, กรุงเทพมหานคร, เขตบางกอกใหญ่, ผอ.เขตบางกอกใหญ่ (นายเกียรติวิสุทธิ์ เพ็ชรหมื่นไวย), กลุ่มกรุงธนเหนือ (นายเฉลิมพล โชตินุชิต)","เขตบางกอกใหญ่, กลุ่มกรุงธนเหนือ (นายเฉลิมพล โชตินุชิต), ผอ.เขตบางกอกใหญ่ (นายเกียรติวิสุทธิ์ เพ็ชรหมื่นไวย), กรุงเทพมหานคร, เพื่อนชัชชาติ","อยากเสนอการแก้น้ำท่วมครับ
ผมคิดว่าในกทมมีพื้นผิวที่น้ำจะซึมลงดินได้น้อย ถ้าเราขุดดินเป็นบ่อเล็กบ้างใหญ่บ้างตามความเป็นไปได้ของแต่ละพื้นที่ เป็นระยะๆทั่วกทมและปริมณฑล ทุกบ่อต้องลึก9เมตรขึ้นไป เพื่อที่จะชาร์ตน้ำลงใต้ดินได้เต็มความสามารถอิ่มตัวของชั้นใต้ดิน เหมือนหลักการธนาคารน้ำของในหลวง แต่ต่างกันที่จุดประสงค์ เราทำเพื่อระบายน้ำ ไม่ใช่เก็บไว้ทำเกษตร บางทีอาจจะได้ผลเหมือนอุโมงค์ยักษ์ แต่ใช้งบปนะมาณน้อยกว่า และอาจได้ประโยชน?อื่นๆอีกเช่น แก้ปัญหาการทรุดตัวของพื้นที่กทมได้ด้วย  อันนี้คือภาพในหัวผมตามความเข้าใจหลักการชาร์ตน้ำลงชั้นใต้ดินของในหลวงนะครับ เวิคไม่เวิคยังไง ผมอยากให้อาจารย์ชัชชาติได้อ่านจริงๆนะครับ ขอบคุณมากครับ","100.47340,13.73922",https://storage.googleapis.com/traffy_public_bucket/attachment/2022-09/a074c50e6bc4450666af549e40447916d580845d.jpg,https://storage.googleapis.com/traffy_public_bucket/attachment/2022-09/bb23c1930b82c4ea10a0de665fd483e74f47904c.png,54/43 ถ. จรัญสนิทวงศ์ แขวง วัดท่าพระ เขตบางกอกใหญ่ กรุงเทพมหานคร 10600 ประเทศไทย,วัดท่าพระ,บางกอกใหญ่,กรุงเทพมหานคร,2022-09-12 21:46:55.269517,เสร็จสิ้น,5.0,0,2022-09-13 09:28:22.345903,,702.0,702.0,,2022-09-13 09:28:23.807617,227205,{เสนอแนะ},13.73922,100.4734,11.7,,11.7,Transient Surcharge Candidate
2022-LXY723,อื่นๆ,"กรุงเทพมหานคร, เพื่อนชัชชาติ, เขตห้วยขวาง, ฝ่ายโยธา เขตห้วยขวาง, ผอ.เขตห้วยขวาง (นายไพฑูรย์), กลุ่มกรุงเทพกลาง (นายสุขสันต์ กิตติศุภกร)","ฝ่ายโยธา เขตห้วยขวาง, เขตห้วยขวาง, กลุ่มกรุงเทพกลาง (นายสุขสันต์ กิตติศุภกร), ผอ.เขตห้วยขวาง (นายไพฑูรย์), เพื่อนชัชชาติ, กรุงเทพมหานคร",น้ำท่วม,"100.57022,13.75928",https://storage.googleapis.com/traffy_public_bucket/attachment/2022-09/435907850c54ff0aa18599558cad2881a36e69c0.jpg,https://storage.googleapis.com/traffy_public_bucket/attachment/2022-09/ab591cf906597d41fa76fb002ccb733f611aa130.jpg,QH5C+M4R พระราม 9 ซอย 7 แขวง ห้วยขวาง เขตห้วยขวาง กรุงเทพมหานคร 10310 ประเทศไทย,ห้วยขวาง,ห้วยขวาง,กรุงเทพมหานคร,2022-09-12 19:12:02.546315,เสร็จสิ้น,4.0,0,2022-09-13 07:02:49.586886,113.0,711.0,711.0,2022-09-12 21:04:53.582501,2022-09-13 07:02:49.589943,227065,{อื่นๆ},13.75928,100.57022,11.85,1.8833333333333333,11.85,Transient Surcharge Candidate
2022-HLGVRX,น้ำท่วม,"เพื่อนชัชชาติ, เขตราชเทวี, กรุงเทพมหานคร, ฝ่ายโยธา เขตราชเทวี, ผอ.เขตราชเทวี (นายกรณิศ), กลุ่มกรุงเทพกลาง (นายสุขสันต์ กิตติศุภกร)","ฝ่ายโยธา เขตราชเทวี, เขตราชเทวี, กลุ่มกรุงเทพกลาง (นายสุขสันต์ กิตติศุภกร), ผอ.เขตราชเทวี (นายกรณิศ), กรุงเทพมหานคร, เพื่อนชัชชาติ",ซอยหมอเหล็งฝนตกหนัก น้ำท่วมขัง วันที่ 12/9/2022 เพราะท่อตันครับ ปกติจะไม่ท่วมเยอะขนาดนี้ครับ,"100.54741,13.75838",https://storage.googleapis.com/traffy_public_bucket/attachment/2022-09/55f5f14f5752ed4f2164fffac29bfb01b02bc1b1.jpg,https://storage.googleapis.com/traffy_public_bucket/attachment/2022-09/6abc3d97642fb7dea1852273ecfc37b0bc623843.jpg,76/1 ราชปรารภ แขวง มักกะสัน เขตราชเทวี กรุงเทพมหานคร 10400 ประเทศไทย,มักกะสัน,ราชเทวี,กรุงเทพมหานคร,2022-09-12 19:10:46.284625,เสร็จสิ้น,4.0,0,2022-09-13 02:15:53.140838,83.0,426.0,426.0,2022-09-12 20:33:14.561617,2022-09-13 02:15:53.144060,227063,{น้ำท่วม},13.75838,100.54741,7.1,1.3833333333333333,7.1,Hydraulic Capacity Surcharge
2022-AYURZY,ขอความช่วยเหลือ,"กรุงเทพมหานคร, เขตราชเทวี, เพื่อนชัชชาติ, ผอ.เขตราชเทวี (นายกรณิศ), กลุ่มกรุงเทพกลาง (นายสุขสันต์ กิตติศุภกร)","เขตราชเทวี, กลุ่มกรุงเทพกลาง (นายสุขสันต์ กิตติศุภกร), ผอ.เขตราชเทวี (นายกรณิศ), เพื่อนชัชชาติ, กรุงเทพมหานคร",น้ำท่วมตรง bts พญาไทค่า,"100.53398,13.75708",https://storage.googleapis.com/traffy_public_bucket/attachment/2022-09/a21704506ef17aca157a2452805e2a07c58081d7.jpg,https://storage.googleapis.com/traffy_public_bucket/attachment/2022-09/d8f1aef4a08b64f1020199e4e953010abcf6874c.jpg,49 ถ. พญาไท แขวง ถนนพญาไท เขตราชเทวี กรุงเทพมหานคร 10400 ประเทศไทย,ถนนพญาไท,ราชเทวี,กรุงเทพมหานคร,2022-09-12 18:58:12.060678,เสร็จสิ้น,5.0,0,2022-09-12 20:36:44.23172,,99.0,99.0,,2022-09-12 20:36:44.235552,227052,{ขอความช่วยเหลือ},13.75708,100.53398,1.65,,1.65,Transient Surcharge Candidate
2022-KCL3UK,น้ำท่วม,"เพื่อนชัชชาติ, เขตราชเทวี, กรุงเทพมหานคร, ผอ.เขตราชเทวี (นายกรณิศ), กลุ่มกรุงเทพกลาง (นายสุขสันต์ กิตติศุภกร)","เขตราชเทวี, กลุ่มกรุงเทพกลาง (นายสุขสันต์ กิตติศุภกร), ผอ.เขตราชเทวี (นายกรณิศ), กรุงเทพมหานคร, เพื่อนชัชชาติ",น้ำท่วมทางเท้า บริเวณหน้าโรงแรมฟลอริดาและใต้บีทีเอสพญาไท,"100.53420,13.75732",https://storage.googleapis.com/traffy_public_bucket/attachment/2022-09/15bb00750aab729158b72749e769fa5c7402ec45.jpg,https://storage.googleapis.com/traffy_public_bucket/attachment/2022-09/bb93ed7bfce65f762f6a0d7c250a1f585d7aa7e6.jpg,QG4M+XJ4 ถ. พญาไท แขวง ถนนพญาไท เขตราชเทวี กรุงเทพมหานคร 10400 ประเทศไทย,ถนนพญาไท,ราชเทวี,กรุงเทพมหานคร,2022-09-12 17:55:50.370594,เสร็จสิ้น,5.0,0,2022-09-12 21:51:25.543665,,236.0,236.0,,2022-09-12 21:51:27.101203,226966,{น้ำท่วม},13.75732,100.5342,3.933333333333333,,3.933333333333333,Transient Surcharge Candidate
2022-L2CGXA,น้ำท่วม,"เพื่อนชัชชาติ, เขตบางเขน, กรุงเทพมหานคร, ผอ.เขตบางเขน (น.ส.อัญชนา), กลุ่มกรุงเทพเหนือ (นางวันทนีย์ วัฒนะ)","เขตบางเขน, กลุ่มกรุงเทพเหนือ (นางวันทนีย์ วัฒนะ), ผอ.เขตบางเขน (น.ส.อัญชนา), กรุงเทพมหานคร, เพื่อนชัชชาติ",ฝนตกอีกแล้วขอรถรับส่ง ซอยรามอินทรา 39,"100.62749,13.85778",https://storage.googleapis.com/traffy_public_bucket/attachment/2022-09/779f532f986af5239cf2bafde1b57207e1440002.jpg,https://storage.googleapis.com/traffy_public_bucket/attachment/2022-09/ba0e0b7ab49373d96fcfc99393a6bd8444e913e1.jpg,31/14 ถ. รามอินทรา แขวง อนุสาวรีย์ เขตบางเขน กรุงเทพมหานคร 10220 ประเทศไทย,อนุสาวรีย์,บางเขน,กรุงเทพมหานคร,2022-09-12 17:50:02.045089,เสร็จสิ้น,5.0,0,2022-09-12 18:28:29.732707,,39.0,39.0,,2022-09-12 18:28:29.736255,226954,{น้ำท่วม},13.85778,100.62749,0.65,,0.65,Transient Surcharge Candidate
2022-67FEAZ,น้ำท่วม,"เพื่อนชัชชาติ, เขตราชเทวี, กรุงเทพมหานคร, ผอ.เขตราชเทวี (นายกรณิศ), กลุ่มกรุงเทพกลาง (นายสุขสันต์ กิตติศุภกร)","เขตราชเทวี, กลุ่มกรุงเทพกลาง (นายสุขสันต์ กิตติศุภกร), ผอ.เขตราชเทวี (นายกรณิศ), กรุงเทพมหานคร, เพื่อนชัชชาติ","แจ้งเรื่องน้ำท่วมครับ

วันนี้ เวลา 17.00 น. 
    
ซึ่งเป็นที่ทราบโดยทั่วกันว่า  ฝนตกหนัก ทำให้น้ำท่วมขังหลายจุดในบริเวณพื้นที่ กทม.   แต่ที่ผมจะแจ้งเพื่อให้ทราบ อีกจุด คือ  ถนนเพชรบุรีตัดใหม่  ระหว่างช่วงซอย  เพชรบุรี 31  , ซอยเพชรบุรี 33 และ ซอยเพชรบุรี 35  เกิดปัญหา น้ำท่วมขังในซอย(ทั้งซอย)  ทำให้  ประชาชาชน  หลายร้อย  หลังคาเรือน ที่อยู่อาศัยภายในซอย รวมถึง ผู้ประกอบการร้านค้าทุกประเภท  ได้รับความเดือดร้อน เป็นอย่างหนัก  เนื่องจากน้ำท่วมขัง จากถนนด้านนอก คือถนนเพชรบุรีตัดใหม่  จึงทำให้ ถนนในซอย ทั้ง 3 ซอย  ดังกล่าวข้างต้น  เกิดปัญหาน้ำท่วมขังเป็นเวลา นาน  

จึงเรียนมาเพื่อทราบ  และขอความอนุเคราะห์  ในการแก้ไขปัญหาน้ำท่วมขัง  ดังกล่าวด้วย","100.54534,13.75114",https://storage.googleapis.com/traffy_public_bucket/attachment/2022-09/dec7e74661189e93bc4da68903289172d51d3664.jpg,https://storage.googleapis.com/traffy_public_bucket/attachment/2022-09/cbdba9766c1c623b0387ecf4da23484b91a96468.jpg,10 ซอย เพชรบุรี 31 แขวง มักกะสัน เขตราชเทวี กรุงเทพมหานคร 10400 ประเทศไทย,มักกะสัน,ราชเทวี,กรุงเทพมหานคร,2022-09-12 17:46:33.414352,เสร็จสิ้น,5.0,0,2022-09-13 02:19:18.579082,,513.0,513.0,,2022-09-13 02:19:18.583755,226948,{น้ำท่วม},13.75114,100.54534,8.55,,8.55,Hydraulic Capacity Surcharge
2022-9UKF3L,อื่นๆ,"กรุงเทพมหานคร, เขตราชเทวี, เพื่อนชัชชาติ, ผอ.เขตราชเทวี (นายกรณิศ), กลุ่มกรุงเทพกลาง (นายสุขสันต์ กิตติศุภกร)","เขตราชเทวี, กลุ่มกรุงเทพกลาง (นายสุขสันต์ กิตติศุภกร), ผอ.เขตราชเทวี (นายกรณิศ), เพื่อนชัชชาติ, กรุงเทพมหานคร",น้ำท่วมถนน local road,"100.56306,13.74985",https://storage.googleapis.com/traffy_public_bucket/attachment/2022-09/1aa0c734ef5ccb7bd11a9481562f48c21e64b498.jpg,https://storage.googleapis.com/traffy_public_bucket/attachment/2022-09/101251e1df21e7a0050146e6024091aef0641915.jpg,47 เพชรบุรี 45 แขวง มักกะสัน เขตราชเทวี กรุงเทพมหานคร 10400 ประเทศไทย,มักกะสัน,ราชเทวี,กรุงเทพมหานคร,2022-09-12 17:33:36.416014,เสร็จสิ้น,1.0,0,2022-09-12 21:55:29.196389,,262.0,262.0,,2022-09-12 21:55:29.200326,226922,{อื่นๆ},13.74985,100.56306,4.366666666666666,,4.366666666666666,Transient Surcharge Candidate
2022-AHAN7Q,น้ำท่วม,"เพื่อนชัชชาติ, เขตบางเขน, กรุงเทพมหานคร, ผอ.เขตบางเขน (น.ส.อัญชนา), กลุ่มกรุงเทพเหนือ (นางวันทนีย์ วัฒนะ)","เขตบางเขน, กลุ่มกรุงเทพเหนือ (นางวันทนีย์ วัฒนะ), ผอ.เขตบางเขน (น.ส.อัญชนา), กรุงเทพมหานคร, เพื่อนชัชชาติ",น้ำท่วมขังมาหลายวัน แล้วครับจากคลองหลุมไผ่ที่ ท่านผู้ว่าได้แก้ปัญหาโดยการนำน้ำมาลงที่คลองหลุมไผ่เพื่อแก้ปัญหาคลองกระเฉด และไม่มีการดูแลจากหน่วยงานใดใด คนในหมู่บ้านเดือดร้อนมากในการสัญจรครับ เนื่องจากวินมอเตอร์ไซค์ก็ไม่สามารถวิ่งได้,"100.61391,13.85855",https://storage.googleapis.com/traffy_public_bucket/attachment/2022-09/ae8a210eb9f6af566b42fff0f3cb1cc844db2b18.jpg,https://storage.googleapis.com/traffy_public_bucket/attachment/2022-09/7986f2ee1ed298f099eacdf96e8d591ec1506a23.jpg,126 ซอย ลาดปลาเค้า 76 แยก 3-7 แขวง อนุสาวรีย์ เขตบางเขน กรุงเทพมหานคร 10220 ประเทศไทย,อนุสาวรีย์,บางเขน,กรุงเทพมหานคร,2022-09-12 16:54:06.833192,เสร็จสิ้น,5.0,0,2022-09-16 14:37:57.003255,87.0,,87.0,2022-09-12 18:20:36.006306,,226864,{น้ำท่วม},13.85855,100.61391,1.45,1.45,,Transient Surcharge Candidate
2022-BEHPMD,น้ำท่วม,"เพื่อนชัชชาติ, เขตสายไหม, กรุงเทพมหานคร, ฝ่ายโยธา เขตสายไหม, กลุ่มงานระบายน้ำ V.2 เขตสายไหม, ผอ.เขตสายไหม (นายสมบัติ), กลุ่มกรุงเทพเหนือ (นางวันทนีย์ วัฒนะ)","ฝ่ายโยธา เขตสายไหม, เขตสายไหม, กลุ่มกรุงเทพเหนือ (นางวันทนีย์ วัฒนะ), ผอ.เขตสายไหม (นายสมบัติ), กรุงเทพมหานคร, เพื่อนชัชชาติ",น้ำท่วมขังค่ะ,"100.63905,13.89398",https://storage.googleapis.com/traffy_public_bucket/attachment/2022-09/e5aed38049ce6aa97d60d67684d470525b48aec0.jpg,https://storage.googleapis.com/traffy_public_bucket/attachment/2022-09/bba538d3a952fd035d799634e2c97dc57e6ce917.jpg,888 ถ. วัชรพล แขวง คลองถนน เขตสายไหม กรุงเทพมหานคร 10220 ประเทศไทย,คลองถนน,สายไหม,กรุงเทพมหานคร,2022-09-12 16:22:56.258021,เสร็จสิ้น,4.0,0,2022-09-12 23:49:05.425692,219.0,447.0,447.0,2022-09-12 20:01:45.805457,2022-09-12 23:49:05.428760,226828,{น้ำท่วม},13.89398,100.63905,7.45,3.65,7.45,Transient Surcharge Candidate
2022-D96G2B,อื่นๆ,"กรุงเทพมหานคร, เขตสายไหม, เพื่อนชัชชาติ, ฝ่ายโยธา เขตสายไหม, กลุ่มงานระบายน้ำ V.2 เขตสายไหม, ผอ.เขตสายไหม (นายสมบัติ), กลุ่มกรุงเทพเหนือ (นางวันทนีย์ วัฒนะ)","ฝ่ายโยธา เขตสายไหม, เขตสายไหม, กลุ่มกรุงเทพเหนือ (นางวันทนีย์ วัฒนะ), ผอ.เขตสายไหม (นายสมบัติ), เพื่อนชัชชาติ, กรุงเทพมหานคร",น้ำท่วมขังสูงบริเวณหน้าหมู่บ้านวิสต้า อเวนิว วัชรพล,"100.63997,13.89282",https://storage.googleapis.com/traffy_public_bucket/attachment/2022-09/5cba9636ed6687b32113930fdf242553c80d38f5.jpg,https://storage.googleapis.com/traffy_public_bucket/attachment/2022-09/e66eba4398af55c44045ed696bc4b9043239c133.jpg,29 ถ. วัชรพล แขวง คลองถนน เขตสายไหม กรุงเทพมหานคร 10220 ประเทศไทย,คลองถนน,สายไหม,กรุงเทพมหานคร,2022-09-12 15:55:27.323327,เสร็จสิ้น,,0,2022-09-12 23:46:50.675484,250.0,472.0,472.0,2022-09-12 20:04:59.685248,2022-09-12 23:46:52.415094,226788,{อื่นๆ},13.89282,100.63997,7.866666666666666,4.166666666666667,7.866666666666666,Transient Surcharge Candidate
2022-A4GTHN,น้ำท่วม,"เพื่อนชัชชาติ, เขตคลองสามวา, กรุงเทพมหานคร, ฝ่ายโยธา เขตคลองสามวา, ผอ.เขตคลองสามวา (นายสมหวัง), กลุ่มกรุงเทพตะวันออก (นายณรงค์ เรืองศรี)","เขตคลองสามวา, ฝ่ายโยธา เขตคลองสามวา, กลุ่มกรุงเทพตะวันออก (นายณรงค์ เรืองศรี), ผอ.เขตคลองสามวา (นายสมหวัง), กรุงเทพมหานคร, เพื่อนชัชชาติ",น้ำท่วมขัง นิติบุคคลไม่สนใจ,"100.70799,13.90214",https://storage.googleapis.com/traffy_public_bucket/attachment/2022-09/7658eb4e4bda43a2dc99d4b5f031c3eb76672111.jpg,https://storage.googleapis.com/traffy_public_bucket/attachment/2022-09/e3ca7b578756e074c2607725afe6f0e5af61f03c.jpg,38/1669 ถนน ไทยรามัญ แขวง สามวาตะวันตก เขตคลองสามวา กรุงเทพมหานคร 10510 ประเทศไทย,สามวาตะวันตก,คลองสามวา,กรุงเทพมหานคร,2022-09-12 14:58:24.393932,เสร็จสิ้น,,0,2022-09-12 16:02:14.554398,,64.0,64.0,,2022-09-12 16:02:16.049078,226715,{น้ำท่วม},13.90214,100.70799,1.0666666666666667,,1.0666666666666667,Transient Surcharge Candidate
2022-33Q4BM,อื่นๆ,"กรุงเทพมหานคร, เขตคลองสามวา, เพื่อนชัชชาติ, ฝ่ายโยธา เขตคลองสามวา, ผอ.เขตคลองสามวา (นายสมหวัง), กลุ่มกรุงเทพตะวันออก (นายณรงค์ เรืองศรี)","ฝ่ายโยธา เขตคลองสามวา, เขตคลองสามวา, กลุ่มกรุงเทพตะวันออก (นายณรงค์ เรืองศรี), ผอ.เขตคลองสามวา (นายสมหวัง), เพื่อนชัชชาติ, กรุงเทพมหานคร",บริเวณคลองกระโหลก ในซอยพระยาสุเรนทร์ 35 เขตคลองสามวา ผักตบชวาเยอะมาก น้ำท่วมบ้านชาวบ้านบริเวณใกล้เคียง และโดยเฉพาะหมู่บ้าน เดอะ ธารา มีการสูบน้ำออกมา แต่ผักตบชวาเยอะมากครับ,"100.68693,13.84643",https://storage.googleapis.com/traffy_public_bucket/attachment/2022-09/e2697353bf92f3647c49802ec95a6c9ef09875b3.jpg,https://storage.googleapis.com/traffy_public_bucket/attachment/2022-09/58a375e3980a8ca7cb8b1cdc311efdb259dc9519.jpg,88/227 ม บ เดอะ ธารา ซอย พระยาสุเรนทร์ 35 บางชัน คลอง สาม วา ก ทม แขวง บางชัน เขตคลองสามวา กรุงเทพมหานคร 10510 ประเทศไทย,บางชัน,คลองสามวา,กรุงเทพมหานคร,2022-09-12 14:38:11.259298,เสร็จสิ้น,5.0,0,2022-09-12 15:53:06.030801,,75.0,75.0,,2022-09-12 15:53:08.086237,226682,{อื่นๆ},13.84643,100.68693,1.25,,1.25,Transient Surcharge Candidate
2022-FMKDAK,น้ำท่วม,"เพื่อนชัชชาติ, เขตสายไหม, กรุงเทพมหานคร, ฝ่ายโยธา เขตสายไหม, กลุ่มงานระบายน้ำ V.2 เขตสายไหม, ผอ.เขตสายไหม (นายสมบัติ), กลุ่มกรุงเทพเหนือ (นางวันทนีย์ วัฒนะ)","ฝ่ายโยธา เขตสายไหม, เขตสายไหม, กลุ่มกรุงเทพเหนือ (นางวันทนีย์ วัฒนะ), ผอ.เขตสายไหม (นายสมบัติ), กรุงเทพมหานคร, เพื่อนชัชชาติ",น้ำขังหลายวันแล้วครับ,"100.65194,13.92165",https://storage.googleapis.com/traffy_public_bucket/attachment/2022-09/abc38ee78eff4d518745848566ad15b06107f592.jpg,https://storage.googleapis.com/traffy_public_bucket/attachment/2022-09/e885a1e80ebadc3460c1bbe52581b60d16587392.jpg,323/6 แขวง สายไหม เขตสายไหม กรุงเทพมหานคร 10220 ประเทศไทย,สายไหม,สายไหม,กรุงเทพมหานคร,2022-09-12 14:06:21.701128,เสร็จสิ้น,5.0,0,2022-09-12 23:44:06.305201,365.0,578.0,578.0,2022-09-12 20:11:07.435293,2022-09-12 23:44:06.309981,226647,{น้ำท่วม},13.92165,100.65194,9.633333333333333,6.083333333333333,9.633333333333333,Transient Surcharge Candidate
2022-BDN9Z4,น้ำท่วม,"เพื่อนชัชชาติ, กรุงเทพมหานคร, เขตหนองแขม, ฝ่ายโยธา เขตหนองแขม, ผอ.เขตหนองแขม (นางมณีวรรณ), กลุ่มกรุงธนใต้ (นายเฉลิมพล โชตินุชิต)","ฝ่ายโยธา เขตหนองแขม, เขตหนองแขม, กลุ่มกรุงธนใต้ (นายเฉลิมพล โชตินุชิต), ผอ.เขตหนองแขม (นางมณีวรรณ), กรุงเทพมหานคร, เพื่อนชัชชาติ","เรียนผู้ว่าราชการกรุงเทพมหานคร

ดิฉันนางวีรวรรณ  มาสุข  อาศัยอยู่บ้านเลขที่เบอร์โทรติดต่อ   มีความประสงค์ร้องทุกข์กับท่านดังนี้

เมื่อประมาณ 2-3 เดือนที่ผ่านมา ข้างหมู่บ้านของดิฉันมีการถมที่ดิน หลังจากนั้นเมื่อมีฝนตก จะมีน้ำเอ่อที่ท่อเป็นดินสีแดง และท่วมขังเข้ามาทั้งในบ้านและหลังบ้านในบริเวณห้องน้ำ  เกิดจากไม่มีร่องระบายน้ำทำให้ดิฉันและชาวบ้านรอบๆบริเวณนี้ เดือดร้อนเป็นอย่างมากในขณะเดียวกัน ฝั่งตรงข้ามของหมู่บ้านซึ่งไม่มีการถมที่ก็ไม่เกิดน้ำท่วมและก่อนหน้านี้ก็ไม่เคยเกิดเหตุการณ์น้ำท่วมแบบนี้
ดิฉันได้โทรประสานกับเจ้าหน้าที่ฝ่ายโยธาของสำนักงานเขตหนองแขมเมื่อวันที่ 17 สิงหาคม 2565 เพื่อแจ้งถึงปัญหาที่เกิดขึ้นกลับไม่ได้รับการติดต่อกลับมา   หลังจากนั้นดิฉันจึงได้ติดต่อกลับเข้าไปอีกครั้งและได้ทราบว่ามีเจ้าหน้าที่ผู้รับผิดชอบดูแลในการถมที่ดินครั้งนี้ชื่อนายสุขุม  ไม่ทราบนามสกุล  และได้พูดคุยกันถึงปัญหาที่ เกิดขึ้นแต่ทางคุณสุขุมได้แนะนำให้ดีฉัน ไปเจรจากับเจ้าของที่ดินแห่งนี้เอง ดิฉันจึงเกิดความสงสัยว่า ก่อนมีการถมที่ควรมีการตรวจสอบจากทางฝ่ายโยธาของสำนักงานเขตก่อนและมีขั้นตอนวางแผนในการทำงาน มีเจ้าหน้าที่ลงพื้นที่ไปตรวจสอบงานบ้างหรือไม่  ทั้งก่อนและหลังอนุญาตเพื่อจะได้ทราบว่าโครงการที่อนุมัติไปแล้วทำให้เกิดความเสียหายเดือดร้อนกับผู้อื่นอย่างไร
ซึ่งหลังจากที่ดิฉันแจ้งไปก็ยังไม่ได้รับคำตอบใดๆกลับมาทางสำนักงานเขตควรส่งเจ้าหน้าที่ไปตรวจสอบและเป็นสื่อกลางในการเจรจาแทนชาวบ้านเพื่อลดปัญหาความเดือดร้อนของชาวบ้านไม่ใช่ปัดภาระไปให้เจรจากับเจ้าของที่เอง
สุดท้ายนี้ดิฉันขอกราบขอบพระคุณท่านผู้ว่าและทีมงาน     และหวังเป็นอย่างยิ่งว่าจะได้รับการแก้ไขปัญหาอย่างรวดเร็วที่สุด

ด้วยความเคารพอย่างสูง
นางวีรวรรณ  มาสุข","100.36703,13.68789",https://storage.googleapis.com/traffy_public_bucket/attachment/2022-09/05d7ce948fd575df1a361882b9f17ab78b8ddf7b.jpg,https://storage.googleapis.com/traffy_public_bucket/attachment/2022-09/3b035ac0ec70917de316dcf4227575656f1a5bcc.jpg,18/1 หมู่บ้านชนันธร 1 แขวง หนองแขม เขตหนองแขม กรุงเทพมหานคร 10160 ประเทศไทย,หนองแขม,หนองแขม,กรุงเทพมหานคร,2022-09-12 13:30:33.813791,เสร็จสิ้น,5.0,0,2022-09-12 15:48:19.56022,13.0,138.0,138.0,2022-09-12 13:43:23.647600,2022-09-12 15:48:19.564777,226594,{น้ำท่วม},13.68789,100.36703,2.3,0.21666666666666667,2.3,Transient Surcharge Candidate
2022-NNQR67,น้ำท่วม,"เพื่อนชัชชาติ, เขตคลองสามวา, กรุงเทพมหานคร, ฝ่ายโยธา เขตคลองสามวา, ผอ.เขตคลองสามวา (นายสมหวัง), กลุ่มกรุงเทพตะวันออก (นายณรงค์ เรืองศรี)","ฝ่ายโยธา เขตคลองสามวา, เขตคลองสามวา, กลุ่มกรุงเทพตะวันออก (นายณรงค์ เรืองศรี), ผอ.เขตคลองสามวา (นายสมหวัง), กรุงเทพมหานคร, เพื่อนชัชชาติ",ระดับน้ำท่วมขังมา2-3วัน น้ำท่วมตั้งแต่ต้นซอยพระยาสุเรนทร์ 19 ถึงท้ายซอย การเดินทางเข้าออกลำบาก มีรถเทศกิจมาให้บริการรับส่ง,"100.69645,13.83107",https://storage.googleapis.com/traffy_public_bucket/attachment/2022-09/6d6c0e9ff050483c76b8a903ade003688cce81d0.jpg,https://storage.googleapis.com/traffy_public_bucket/attachment/2022-09/b27c8319ed96979025500b437af28cd60d4e9891.jpg,78 245-246 ทหารกองหนุน ซอย 1 แขวง บางชัน เขตคลองสามวา กรุงเทพมหานคร 10510 ประเทศไทย,บางชัน,คลองสามวา,กรุงเทพมหานคร,2022-09-12 13:20:39.454849,เสร็จสิ้น,,0,2022-09-12 14:59:54.559569,,100.0,100.0,,2022-09-12 14:59:54.562990,226578,{น้ำท่วม},13.83107,100.69645,1.6666666666666667,,1.6666666666666667,Transient Surcharge Candidate
2022-EXXY3L,ต้นไม้,"กรุงเทพมหานคร, เขตคลองสามวา, เพื่อนชัชชาติ, ฝ่ายโยธา เขตคลองสามวา, ผอ.เขตคลองสามวา (นายสมหวัง), กลุ่มกรุงเทพตะวันออก (นายณรงค์ เรืองศรี)","ฝ่ายโยธา เขตคลองสามวา, เขตคลองสามวา, กลุ่มกรุงเทพตะวันออก (นายณรงค์ เรืองศรี), ผอ.เขตคลองสามวา (นายสมหวัง), เพื่อนชัชชาติ, กรุงเทพมหานคร",ซอยพระยาสุเรนทร์35 หมู่บ้านเพชรไพลิน สุดซอยน้ำท่วมไม่ลดเลย เนื่องจากคลองตรงนี้ มีต้นไม้และคลองตันน้ำไม่ไหล อยากจะขอความร่วมมือจากเขตให้น้ำรถแม็คโคมาช่วยขุดท้ายคลองให้น้ำระบายหน่อย ฝนตกมาทีไร น้ำขังนานมาก กว่าจะลด วันนี้12/9/2022 ได้ไปที่เขตมาแล้ว ไม่มีวี่แววจะได้เรื่องอะไร เลยอยากให้เพื่อนชัชชาต ช่วยประสานงานมาเขตโดยตรง เพราะเขตเหมือนจะทำงานช้ามาก ประชาชนเดือดร้อน อยากให้ประสานงานเร็วกว่านี้หน่อย แค่ขอรถแม็คโคมาช่วยขุดต้นไม้ รบกวนหน่อยนะคับ ช่วยเหลือหน่อย เพราะฝนตกนิดหน่อยน้ำก็ขังอยู่แล้ว ยิ่งช่วงนี้โดนพายุ ยิ่งปริมาณน้ำมาก และขังหนักกว่าเดิม รบกวนประสานงานโดยตรง เพราะไปเขตก็ไม่ได้เรื่องอะไรเลย,"100.69266,13.84405",https://storage.googleapis.com/traffy_public_bucket/attachment/2022-09/5e70a7567efbbffa4e2bc6f62898ab858bd9ca68.jpg,https://storage.googleapis.com/traffy_public_bucket/attachment/2022-09/b96b2d8916dd8d19e7fe61ae0df520310b63068f.jpg,3/4 พระยาสุเรนทร์ แขวง บางชัน เขตคลองสามวา กรุงเทพมหานคร 10510 ประเทศไทย,บางชัน,คลองสามวา,กรุงเทพมหานคร,2022-09-12 13:08:57.715551,เสร็จสิ้น,,0,2022-09-12 16:05:40.816956,175.0,177.0,177.0,2022-09-12 16:03:23.128485,2022-09-12 16:05:42.664201,226555,{ต้นไม้},13.84405,100.69266,2.95,2.9166666666666665,2.95,Transient Surcharge Candidate
2022-KAGL39,น้ำท่วม,"เพื่อนชัชชาติ, เขตสายไหม, กรุงเทพมหานคร, ฝ่ายโยธา เขตสายไหม, กลุ่มงานระบายน้ำ V.2 เขตสายไหม, ผอ.เขตสายไหม (นายสมบัติ), กลุ่มกรุงเทพเหนือ (นางวันทนีย์ วัฒนะ)","ฝ่ายโยธา เขตสายไหม, เขตสายไหม, กลุ่มกรุงเทพเหนือ (นางวันทนีย์ วัฒนะ), ผอ.เขตสายไหม (นายสมบัติ), กรุงเทพมหานคร, เพื่อนชัชชาติ",น้ำท่วมมา 2 วันแล้ว,"100.63808,13.89649",https://storage.googleapis.com/traffy_public_bucket/attachment/2022-09/8d4768472d8ee5cc34c3edd69619e42656689fb1.jpg,https://storage.googleapis.com/traffy_public_bucket/attachment/2022-09/1772c77f24a96969ce9aa00606c15844208ffc34.jpg,18 15 หมู่4 ถ. วัชรพล แขวง คลองถนน เขตสายไหม กรุงเทพมหานคร 10220 ประเทศไทย,คลองถนน,สายไหม,กรุงเทพมหานคร,2022-09-12 12:32:27.800988,เสร็จสิ้น,,0,2022-09-12 23:43:24.337256,462.0,671.0,671.0,2022-09-12 20:13:32.457309,2022-09-12 23:43:24.341162,226520,{น้ำท่วม},13.89649,100.63808,11.183333333333334,7.7,11.183333333333334,Transient Surcharge Candidate
2022-HHAQRX,น้ำท่วม,"เพื่อนชัชชาติ, เขตคลองสามวา, กรุงเทพมหานคร, ฝ่ายโยธา เขตคลองสามวา, ผอ.เขตคลองสามวา (นายสมหวัง), กลุ่มกรุงเทพตะวันออก (นายณรงค์ เรืองศรี)","เขตคลองสามวา, ฝ่ายโยธา เขตคลองสามวา, กลุ่มกรุงเทพตะวันออก (นายณรงค์ เรืองศรี), ผอ.เขตคลองสามวา (นายสมหวัง), กรุงเทพมหานคร, เพื่อนชัชชาติ",น้ำท่วมขังครับ,"100.68992,13.84871",https://storage.googleapis.com/traffy_public_bucket/attachment/2022-09/287fc8c88b24b04561ae633180d1578b8778ad56.jpg,https://storage.googleapis.com/traffy_public_bucket/attachment/2022-09/a949f5989c418ba5ca9cd38728e98c08e41320e4.jpg,69/311 ซอย พระยาสุเรนทร์ 35 แขวง บางชัน เขตคลองสามวา กรุงเทพมหานคร 10510 ประเทศไทย,บางชัน,คลองสามวา,กรุงเทพมหานคร,2022-09-12 12:02:16.276782,เสร็จสิ้น,5.0,0,2022-09-12 16:04:53.039266,,243.0,243.0,,2022-09-12 16:04:54.508818,226480,{น้ำท่วม},13.84871,100.68992,4.05,,4.05,Transient Surcharge Candidate
2022-LYM2TF,ความปลอดภัย,"เพื่อนชัชชาติ, กรุงเทพมหานคร, เขตหนองแขม, ฝ่ายรักษาความสะอาดฯ เขตหนองแขม, ผอ.เขตหนองแขม (นางมณีวรรณ), กลุ่มกรุงธนใต้ (นายเฉลิมพล โชตินุชิต)","ฝ่ายรักษาความสะอาดฯ เขตหนองแขม, เขตหนองแขม, กลุ่มกรุงธนใต้ (นายเฉลิมพล โชตินุชิต), ผอ.เขตหนองแขม (นางมณีวรรณ), กรุงเทพมหานคร, เพื่อนชัชชาติ",น้ำท่วมขังบนสะพานลอยข้ามแยกพุทธมณฑลสาย3 ทำให้เกิดอันตรายกับผู้ใช้งานได้,"100.36363,13.70718",https://storage.googleapis.com/traffy_public_bucket/attachment/2022-09/adcf94100114c94b7aeab022a26a32a6feb3dd42.jpg,https://storage.googleapis.com/traffy_public_bucket/attachment/2022-09/11e24998ab6457c8e13153d0d5217ff254d6826a.jpg,ตลาดเพชรเกษม แขวง หนองค้างพลู เขตหนองแขม กรุงเทพมหานคร 10160 ประเทศไทย,หนองค้างพลู,หนองแขม,กรุงเทพมหานคร,2022-09-12 11:17:08.784024,เสร็จสิ้น,4.0,0,2022-09-12 17:06:40.998735,230.0,350.0,350.0,2022-09-12 15:06:57.250699,2022-09-12 17:06:42.468396,226404,{ความปลอดภัย},13.70718,100.36363,5.833333333333333,3.8333333333333335,5.833333333333333,Transient Surcharge Candidate
2022-FGQVRB,ขอความช่วยเหลือ,"กรุงเทพมหานคร, เขตคลองสามวา, เพื่อนชัชชาติ, ฝ่ายโยธา เขตคลองสามวา, ผอ.เขตคลองสามวา (นายสมหวัง), กลุ่มกรุงเทพตะวันออก (นายณรงค์ เรืองศรี)","ฝ่ายโยธา เขตคลองสามวา, เขตคลองสามวา, กลุ่มกรุงเทพตะวันออก (นายณรงค์ เรืองศรี), ผอ.เขตคลองสามวา (นายสมหวัง), เพื่อนชัชชาติ, กรุงเทพมหานคร",น้ำท่วมหมู่บ้าน,"100.69599,13.86826",https://storage.googleapis.com/traffy_public_bucket/attachment/2022-09/e4685076c26641d91753b595dbc968f18524e755.jpg,https://storage.googleapis.com/traffy_public_bucket/attachment/2022-09/521e17a88529738120f8e40fddbb47fda56afc07.jpg,40/147 พระยาสุเรนทร์ 40 แขวง สามวาตะวันตก เขตคลองสามวา กรุงเทพมหานคร 10510 ประเทศไทย,สามวาตะวันตก,คลองสามวา,กรุงเทพมหานคร,2022-09-12 10:33:36.916649,เสร็จสิ้น,3.0,0,2022-09-12 14:23:39.453202,205.0,231.0,231.0,2022-09-12 13:58:15.393680,2022-09-12 14:23:39.457557,226338,{ขอความช่วยเหลือ},13.86826,100.69599,3.85,3.4166666666666665,3.85,Transient Surcharge Candidate
2022-MP3NUV,น้ำท่วม,"เพื่อนชัชชาติ, เขตบางแค, กรุงเทพมหานคร, ฝ่ายโยธา เขตบางแค, ผอ.เขตบางแค (นายณรงค์), กลุ่มกรุงธนใต้ (นายเฉลิมพล โชตินุชิต)","ฝ่ายโยธา เขตบางแค, เขตบางแค, กลุ่มกรุงธนใต้ (นายเฉลิมพล โชตินุชิต), ผอ.เขตบางแค (นายณรงค์), กรุงเทพมหานคร, เพื่อนชัชชาติ","น้ำท่วมทุกครั้งเวลาฝนตกหนักเป็นทุกปี
หมู่บ้าน สุขสันต์ 7 ซอย 23 
ถนนกาญจนาภิเษก แขวงหลักสอง เขตบางแค กทม 10160","100.40365,13.68431",https://storage.googleapis.com/traffy_public_bucket/attachment/2022-09/d70bddeb94dec33a07352272942baec0af95fc8d.jpg,https://storage.googleapis.com/traffy_public_bucket/attachment/2022-09/b52eb1a892fd7bafb29c452069a767e318c7d891.jpg,100/553 กาญจนาภิเษก แขวง หลักสอง เขตบางแค กรุงเทพมหานคร 10160 ประเทศไทย,หลักสอง,บางแค,กรุงเทพมหานคร,2022-09-12 09:38:11.810139,เสร็จสิ้น,4.0,0,2022-09-12 18:57:33.308844,121.0,560.0,560.0,2022-09-12 11:38:56.259627,2022-09-12 18:57:35.980370,226247,{น้ำท่วม},13.68431,100.40365,9.333333333333334,2.0166666666666666,9.333333333333334,Hydraulic Capacity Surcharge
2022-KHWWUA,น้ำท่วม,"เพื่อนชัชชาติ, เขตบางแค, กรุงเทพมหานคร, ฝ่ายโยธา เขตบางแค, ผอ.เขตบางแค (นายณรงค์), กลุ่มกรุงธนใต้ (นายเฉลิมพล โชตินุชิต)","ฝ่ายโยธา เขตบางแค, เขตบางแค, กลุ่มกรุงธนใต้ (นายเฉลิมพล โชตินุชิต), ผอ.เขตบางแค (นายณรงค์), กรุงเทพมหานคร, เพื่อนชัชชาติ","น้ำท่วมซอย, เข้าบ้านทุกครั้งที่ฝนตกหนัก","100.40345,13.68489",https://storage.googleapis.com/traffy_public_bucket/attachment/2022-09/dc04e6ffd4664a597c08842059f7ec842ce73ef6.jpg,https://storage.googleapis.com/traffy_public_bucket/attachment/2022-09/593499693fa5349965cca9a3c8780874b3fb848a.jpg,100/476 กาญจนาภิเษก แขวง หลักสอง เขตบางแค กรุงเทพมหานคร 10160 ประเทศไทย,หลักสอง,บางแค,กรุงเทพมหานคร,2022-09-12 08:48:17.321711,เสร็จสิ้น,3.0,0,2022-09-12 18:59:36.821555,117.0,612.0,612.0,2022-09-12 10:45:11.628177,2022-09-12 18:59:36.826218,226149,{น้ำท่วม},13.68489,100.40345,10.2,1.95,10.2,Hydraulic Capacity Surcharge
2022-8MEAZK,น้ำท่วม,"เพื่อนชัชชาติ, เขตลาดกระบัง, กรุงเทพมหานคร, ผอ.เขตลาดกระบัง (นายธนะสิทธิ์), กลุ่มกรุงเทพตะวันออก (นายณรงค์ เรืองศรี)","เขตลาดกระบัง, กลุ่มกรุงเทพตะวันออก (นายณรงค์ เรืองศรี), ผอ.เขตลาดกระบัง (นายธนะสิทธิ์), กรุงเทพมหานคร, เพื่อนชัชชาติ",จากที่เคยแจ้งเรื่องการขอท่อระบายน้ำเสีย อยากจะ update ในกรณีที่น้ำท่วมจริง ณ ปัจจุบันค่ะ จึงจะรบกวนของบประมาณในปีหน้าให้ด้วยนะคะ และรถขยะก็ไม่เข้ามาเก็บเลยค่ะ,"100.74790,13.73558",https://storage.googleapis.com/traffy_public_bucket/attachment/2022-09/7bf0c02fc786fc915ee89332ec69d522934e4e89.jpg,https://storage.googleapis.com/traffy_public_bucket/attachment/2022-09/769d30a55bed1056f5eafd76700dc30d18979e21.jpg,สีวลีวัฒน์ แขวง คลองสามประเวศ เขตลาดกระบัง กรุงเทพมหานคร 10520 ประเทศไทย,คลองสามประเวศ,ลาดกระบัง,กรุงเทพมหานคร,2022-09-12 08:15:02.857516,เสร็จสิ้น,5.0,0,2023-08-31 10:53:04.526996,67.0,207.0,207.0,2022-09-12 09:21:10.842553,2022-09-12 11:41:35.639415,226087,{น้ำท่วม},13.73558,100.7479,3.45,1.1166666666666667,3.45,Transient Surcharge Candidate
2022-KD3NFK,น้ำท่วม,"เพื่อนชัชชาติ, เขตคลองสามวา, กรุงเทพมหานคร, ฝ่ายโยธา เขตคลองสามวา, ผอ.เขตคลองสามวา (นายสมหวัง), กลุ่มกรุงเทพตะวันออก (นายณรงค์ เรืองศรี)","ฝ่ายโยธา เขตคลองสามวา, เขตคลองสามวา, กลุ่มกรุงเทพตะวันออก (นายณรงค์ เรืองศรี), ผอ.เขตคลองสามวา (นายสมหวัง), กรุงเทพมหานคร, เพื่อนชัชชาติ","ขอความช่วยเหลือด้วยค่าเนื่องจากฝนตกเมื่อคืนทำให้มีปริมาณน้ำท่วมขังในหมู่บ้านเคซีรามอินทรา5
เพิ่มสูงขึ้น3-40 cm 
รถเล็กเข้าออกไม่ได้ค่า","100.69477,13.86814",https://storage.googleapis.com/traffy_public_bucket/attachment/2022-09/ca5b2d67c89326337646ae77c4e6cc568d0e33ba.jpg,https://storage.googleapis.com/traffy_public_bucket/attachment/2022-09/fb63cea7e4395764ca034350a9c258bb1b2fd15e.jpg,38/121 พระยาสุเรนทร์ 40 แขวง สามวาตะวันตก เขตคลองสามวา กรุงเทพมหานคร 10510 ประเทศไทย,สามวาตะวันตก,คลองสามวา,กรุงเทพมหานคร,2022-09-12 07:55:19.593062,เสร็จสิ้น,3.0,0,2022-09-12 10:14:29.866603,56.0,140.0,140.0,2022-09-12 08:50:49.973435,2022-09-12 10:14:31.307272,226055,{น้ำท่วม},13.86814,100.69477,2.3333333333333335,0.9333333333333333,2.3333333333333335,Transient Surcharge Candidate
2022-3R8TXF,น้ำท่วม,"เพื่อนชัชชาติ, กรุงเทพมหานคร, เขตมีนบุรี, ผอ.เขตมีนบุรี (นายศักดิ์ชัย), กลุ่มกรุงเทพตะวันออก (นายณรงค์ เรืองศรี)","เขตมีนบุรี, กลุ่มกรุงเทพตะวันออก (นายณรงค์ เรืองศรี), ผอ.เขตมีนบุรี (นายศักดิ์ชัย), กรุงเทพมหานคร, เพื่อนชัชชาติ",สอบถามเส้นทางรามคำแหงมีน้ำท่วมขังมั้ยคะ,"100.74403,13.81566",https://storage.googleapis.com/traffy_public_bucket/attachment/2022-09/021e0439703fd7a9677581d6c9ecb2c20fae7770.jpg,https://storage.googleapis.com/traffy_public_bucket/attachment/2022-09/f0e38f0cec952d5279a002ea27f8c3daaec5643a.jpg,แยกสุวินทวงศ์-รามคำแหง แขวง แสนแสบ มีนบุรี กรุงเทพมหานคร 10510 ประเทศไทย,แสนแสบ,มีนบุรี,กรุงเทพมหานคร,2022-09-12 07:08:12.811301,เสร็จสิ้น,5.0,0,2022-09-12 08:24:10.693429,,76.0,76.0,,2022-09-12 08:24:10.697037,225987,{น้ำท่วม},13.81566,100.74403,1.2666666666666666,,1.2666666666666666,Transient Surcharge Candidate
2022-KFXCCH,น้ำท่วม,"เพื่อนชัชชาติ, กรุงเทพมหานคร, เขตห้วยขวาง, ฝ่ายรักษาความสะอาดฯ เขตห้วยขวาง, ผอ.เขตห้วยขวาง (นายไพฑูรย์), กลุ่มกรุงเทพกลาง (นายสุขสันต์ กิตติศุภกร)","ฝ่ายรักษาความสะอาดฯ เขตห้วยขวาง, เขตห้วยขวาง, กลุ่มกรุงเทพกลาง (นายสุขสันต์ กิตติศุภกร), ผอ.เขตห้วยขวาง (นายไพฑูรย์), กรุงเทพมหานคร, เพื่อนชัชชาติ",น้ำท่วมขังบนถนนทางเลี้ยวซ้ายไปถนนประดิษฐ์มนูญธรรม (ฝั่งที่จะมุ่งหน้าไปเอกมัย) ทำให้เสียเลนถนนไปหนึ่งเลน,"100.59352,13.75126",https://storage.googleapis.com/traffy_public_bucket/attachment/2022-09/336bb4906c7ec381f5debab3d2f2b9775af41e39.jpg,https://storage.googleapis.com/traffy_public_bucket/attachment/2022-09/1c591052275dd8c8edae034db4addfc358c9d976.jpg,ถนน พระราม 9 แขวง บางกะปิ เขตห้วยขวาง กรุงเทพมหานคร 10310 ประเทศไทย,บางกะปิ,ห้วยขวาง,กรุงเทพมหานคร,2022-09-12 07:00:02.714124,เสร็จสิ้น,4.0,0,2022-09-12 14:00:51.410314,380.0,421.0,421.0,2022-09-12 13:19:26.167931,2022-09-12 14:00:53.653261,225977,{น้ำท่วม},13.75126,100.59352,7.016666666666667,6.333333333333333,7.016666666666667,Transient Surcharge Candidate
2022-CMRLNN,ถนน,"กรุงเทพมหานคร, เขตลาดพร้าว, เพื่อนชัชชาติ, ผอ.เขตลาดพร้าว (นางสุภาพร), กลุ่มกรุงเทพเหนือ (นางวันทนีย์ วัฒนะ)","เขตลาดพร้าว, กลุ่มกรุงเทพเหนือ (นางวันทนีย์ วัฒนะ), ผอ.เขตลาดพร้าว (นางสุภาพร), เพื่อนชัชชาติ, กรุงเทพมหานคร",น้ำท่วมไม่ระบายเลยครับ,"100.62212,13.84139",https://storage.googleapis.com/traffy_public_bucket/attachment/2022-09/b6dbbe986a4d4627514332f33dd5e36c015c62ea.jpg,https://storage.googleapis.com/traffy_public_bucket/attachment/2022-09/a3e2947830e89351a1dfe1d3bffc002b2a3a5585.png,103 ซอย 5 แขวง จรเข้บัว เขตลาดพร้าว กรุงเทพมหานคร 10230 ประเทศไทย,จรเข้บัว,ลาดพร้าว,กรุงเทพมหานคร,2022-09-11 22:38:44.679018,เสร็จสิ้น,4.0,0,2022-09-12 07:56:45.709868,,559.0,559.0,,2022-09-12 07:56:46.963390,225858,{ถนน},13.84139,100.62212,9.316666666666666,,9.316666666666666,Transient Surcharge Candidate
2022-3Y2HTC,น้ำท่วม,"เพื่อนชัชชาติ, กรุงเทพมหานคร, เขตสะพานสูง, ฝ่ายโยธา เขตสะพานสูง, ผอ.เขตสะพานสูง (นายสุพจน์), กลุ่มกรุงเทพตะวันออก (นายณรงค์ เรืองศรี)","เขตสะพานสูง, ฝ่ายโยธา เขตสะพานสูง, กลุ่มกรุงเทพตะวันออก (นายณรงค์ เรืองศรี), ผอ.เขตสะพานสูง (นายสุพจน์), กรุงเทพมหานคร, เพื่อนชัชชาติ",เนื่องจากเกิดน้ำท่วมหน้าหมู่บ้านครับทั้งเส้นถนนกรุงเทพกรีฑา 32 ครับ,"100.69323,13.73598",https://storage.googleapis.com/traffy_public_bucket/attachment/2022-09/fc56d2a8ab9002306e84cbae4da38bfc8b575b9b.jpg,https://storage.googleapis.com/traffy_public_bucket/attachment/2022-09/37ab843ddb26aeca34da56015fc68d2559ac68b0.jpg,ซ.กรุงเทพกรีฑา 32 เขตสะพานสูง เเขวงสะพานสูง กรุงเทพฯ 10250 แขวง สะพานสูง เขตสะพานสูง กรุงเทพมหานคร 10240 ประเทศไทย,สะพานสูง,สะพานสูง,กรุงเทพมหานคร,2022-09-11 16:43:03.568457,เสร็จสิ้น,3.0,0,2022-09-11 17:28:44.262103,23.0,46.0,46.0,2022-09-11 17:05:48.963734,2022-09-11 17:28:45.595212,225473,{น้ำท่วม},13.73598,100.69323,0.7666666666666667,0.38333333333333336,0.7666666666666667,Transient Surcharge Candidate
2022-CW9TX4,น้ำท่วม,"เพื่อนชัชชาติ, กรุงเทพมหานคร, เขตสะพานสูง, ฝ่ายโยธา เขตสะพานสูง, ผอ.เขตสะพานสูง (นายสุพจน์), กลุ่มกรุงเทพตะวันออก (นายณรงค์ เรืองศรี)","ฝ่ายโยธา เขตสะพานสูง, เขตสะพานสูง, กลุ่มกรุงเทพตะวันออก (นายณรงค์ เรืองศรี), ผอ.เขตสะพานสูง (นายสุพจน์), กรุงเทพมหานคร, เพื่อนชัชชาติ",จนถึงเวลานี้น้ำยังไม่ลดระดับลงเลยครับ,"100.70782,13.78608",https://storage.googleapis.com/traffy_public_bucket/attachment/2022-09/07e93655da0f43400bf33928b5ab823a9f82e3c1.jpg,https://storage.googleapis.com/traffy_public_bucket/attachment/2022-09/f2d290850200c49fb3ad3bd39c26958ee573a286.jpg,63/2539 ซอย ราษฎร์พัฒนา 5 ถ. ราษฎร์พัฒนา แขวง สะพานสูง เขตสะพานสูง กรุงเทพมหานคร 10240 ประเทศไทย,สะพานสูง,สะพานสูง,กรุงเทพมหานคร,2022-09-11 16:30:37.269045,เสร็จสิ้น,5.0,0,2022-09-11 17:15:08.723836,37.0,45.0,45.0,2022-09-11 17:06:46.179623,2022-09-11 17:15:08.727923,225460,{น้ำท่วม},13.78608,100.70782,0.75,0.6166666666666667,0.75,Transient Surcharge Candidate
2022-CH8XXD,น้ำท่วม,"เพื่อนชัชชาติ, กรุงเทพมหานคร, เขตสะพานสูง, ฝ่ายโยธา เขตสะพานสูง, ผอ.เขตสะพานสูง (นายสุพจน์), กลุ่มกรุงเทพตะวันออก (นายณรงค์ เรืองศรี)","เขตสะพานสูง, ฝ่ายโยธา เขตสะพานสูง, กลุ่มกรุงเทพตะวันออก (นายณรงค์ เรืองศรี), ผอ.เขตสะพานสูง (นายสุพจน์), กรุงเทพมหานคร, เพื่อนชัชชาติ",บริเวณคลองญี่ปุ่น ถนนราษฎร์พัฒนา คลองมีผักตบชวาอยู่เต็มไปหมด ทำให้ระบายน้ำไม่ได้ น้ำในหมู่บ้านเคหะธานี 4 ท่วมทั้งหมู่บ้าน,"100.70435,13.78756",https://storage.googleapis.com/traffy_public_bucket/attachment/2022-09/0ea3ea370c480ea9602cfceb3a0b4c6e88eaef46.jpg,https://storage.googleapis.com/traffy_public_bucket/attachment/2022-09/63c88ba10161ee298cb8c6f512554690d5b9297c.jpg,14 ถ. ราษฎร์พัฒนา แขวง สะพานสูง เขตสะพานสูง กรุงเทพมหานคร 10240 ประเทศไทย,สะพานสูง,สะพานสูง,กรุงเทพมหานคร,2022-09-11 16:00:28.531487,เสร็จสิ้น,5.0,0,2022-09-11 16:40:02.397172,,40.0,40.0,,2022-09-11 16:40:03.762504,225428,{น้ำท่วม},13.78756,100.70435,0.6666666666666666,,0.6666666666666666,Transient Surcharge Candidate
2022-3YFLHH,ประชาสัมพันธ์,"กรุงเทพมหานคร, เขตคลองสามวา, เพื่อนชัชชาติ, ฝ่ายโยธา เขตคลองสามวา, ผอ.เขตคลองสามวา (นายสมหวัง), กลุ่มกรุงเทพตะวันออก (นายณรงค์ เรืองศรี)","เขตคลองสามวา, ฝ่ายโยธา เขตคลองสามวา, กลุ่มกรุงเทพตะวันออก (นายณรงค์ เรืองศรี), ผอ.เขตคลองสามวา (นายสมหวัง), เพื่อนชัชชาติ, กรุงเทพมหานคร",น้ำท่วมทางแบบนี้ ไม่แน่ใจ ว่าเป็นที่เอกชนหรือที่สาธารณะ แต่เปิดให้รถวิ่ง แบบสาธารณะ พอจะจัดการน้ำที่ท่วมได้หรือไม่ครับ,"100.70686,13.86656",https://storage.googleapis.com/traffy_public_bucket/attachment/2022-09/fd136110d494546d44e5ba0938a75c7f328a36a8.jpg,https://storage.googleapis.com/traffy_public_bucket/attachment/2022-09/e56533f96fff157adba711df53647975a6e69d7d.jpg,99 ถนน ปัญญาอินทรา แขวง สามวาตะวันตก เขตคลองสามวา กรุงเทพมหานคร 10510 ประเทศไทย,สามวาตะวันตก,คลองสามวา,กรุงเทพมหานคร,2022-09-11 13:52:47.032264,เสร็จสิ้น,4.0,0,2022-09-11 17:20:13.705623,,208.0,208.0,,2022-09-11 17:20:15.392179,225245,{ประชาสัมพันธ์},13.86656,100.70686,3.466666666666667,,3.466666666666667,Transient Surcharge Candidate
2022-CQGZ3X,น้ำท่วม,"เพื่อนชัชชาติ, เขตลาดกระบัง, กรุงเทพมหานคร, ผอ.เขตลาดกระบัง (นายธนะสิทธิ์), กลุ่มกรุงเทพตะวันออก (นายณรงค์ เรืองศรี)","เขตลาดกระบัง, กลุ่มกรุงเทพตะวันออก (นายณรงค์ เรืองศรี), ผอ.เขตลาดกระบัง (นายธนะสิทธิ์), กรุงเทพมหานคร, เพื่อนชัชชาติ",อยากจะแนะนำนะคะเขตลาดกระบังปีนี้น้ำท่วมหนักมาก น้ำท่วมมาหลายวันแล้วแต่ประชาชนต้องขับรถลุยน้ำ บางคนไม่มีรถต้องนั่งสองเพื่อไปเอากระสอบทรายที่เขต น้ำท่วมทางท่วมบ้านไม่พอลำบากไปเอากระสอบทรายอีก เขตมีรถสูงสามารถลุยน้ำได้นะจะเอากระสอบทรายมาแจกตามบ้าน,"100.81668,13.71842",https://storage.googleapis.com/traffy_public_bucket/attachment/2022-09/1026f13ca5386395360c8776761ca573be8b0e6e.jpg,https://storage.googleapis.com/traffy_public_bucket/attachment/2022-09/4bf9fce024f80aff6ebcc1e23c80091903bccdd5.jpg,941/4 มารีย์ ซ. 6 แขวง ทับยาว เขตลาดกระบัง กรุงเทพมหานคร 10520 ประเทศไทย,ทับยาว,ลาดกระบัง,กรุงเทพมหานคร,2022-09-11 13:49:43.596955,เสร็จสิ้น,1.0,0,2023-08-31 10:30:46.86379,,371.0,371.0,,2022-09-11 20:00:32.028340,225239,{น้ำท่วม},13.71842,100.81668,6.183333333333334,,6.183333333333334,Transient Surcharge Candidate
2022-EVGUVH,จุดเสี่ยง,"กรุงเทพมหานคร, เพื่อนชัชชาติ, เขตห้วยขวาง, ฝ่ายโยธา เขตห้วยขวาง, ผอ.เขตห้วยขวาง (นายไพฑูรย์), กลุ่มกรุงเทพกลาง (นายสุขสันต์ กิตติศุภกร)","ฝ่ายโยธา เขตห้วยขวาง, เขตห้วยขวาง, กลุ่มกรุงเทพกลาง (นายสุขสันต์ กิตติศุภกร), ผอ.เขตห้วยขวาง (นายไพฑูรย์), เพื่อนชัชชาติ, กรุงเทพมหานคร",ขอให้ช่วยเร่งระบายน้ำด้วย แม้น้ำจะหายท่วมจากเมื่อคืนแล้ว แต่ปริมาณน้ำในฝาท่อยังเกือบปริ่ม และตั้งแต่ช่วงเช้าที่ผ่านมาก็นิ่งสนิทมาหลายชั่วโมงแล้ว หากในระหว่างนี้มีฝนตกลงมา ก็จะทำให้น้ำท่วมอีกครั้งภายในเวลาอันรวดเร็ว ซึ่งเมื่อคืนที่ผ่านมา น้ำท่วมเข้าบ้าน ได้รับความเดือดร้อนมาก จึงขอรบกวนเจ้าหน้าที่ช่วยเร่งระบายน้ำออกไปด้วยครับ เผื่อมันจะดีขึ้น,"100.58239,13.74865",https://storage.googleapis.com/traffy_public_bucket/attachment/2022-09/628097ab5367f014c6c8483e3b7903ee8bee1578.jpg,https://storage.googleapis.com/traffy_public_bucket/attachment/2022-09/b5820e650f57c57be181bf4d373d9d7af3c70160.jpg,55 ซอย เพชรบุรี 47 แยก 3-2 แขวง บางกะปิ เขตห้วยขวาง กรุงเทพมหานคร 10310 ประเทศไทย,บางกะปิ,ห้วยขวาง,กรุงเทพมหานคร,2022-09-11 13:09:07.079283,เสร็จสิ้น,4.0,0,2022-09-11 17:34:17.472901,147.0,266.0,266.0,2022-09-11 15:35:20.770612,2022-09-11 17:34:17.476467,225168,{จุดเสี่ยง},13.74865,100.58239,4.433333333333334,2.45,4.433333333333334,Transient Surcharge Candidate
2022-7A6RX4,น้ำท่วม,"เพื่อนชัชชาติ, เขตทวีวัฒนา, กรุงเทพมหานคร, ฝ่ายโยธา เขตทวีวัฒนา, ผอ.เขตทวีวัฒนา (นายดิชา), กลุ่มกรุงธนเหนือ (นายเฉลิมพล โชตินุชิต)","ฝ่ายโยธา เขตทวีวัฒนา, เขตทวีวัฒนา, กลุ่มกรุงธนเหนือ (นายเฉลิมพล โชตินุชิต), ผอ.เขตทวีวัฒนา (นายดิชา), กรุงเทพมหานคร, เพื่อนชัชชาติ",น้ำท่วมขังบริเวณถนนพุทธมณฑลสาย 2 ซอย 27 แยก 5,"100.38654,13.77996",https://storage.googleapis.com/traffy_public_bucket/attachment/2022-09/c78f21af7512674ecbabcd6cf8052fc995c03013.jpg,https://storage.googleapis.com/traffy_public_bucket/attachment/2022-09/75c4272723189d2c06d176c7e8d96d8dbd00ba8d.jpg,94/3 พุทธมณฑลสาย 2 แขวง ศาลาธรรมสพน์ เขตทวีวัฒนา กรุงเทพมหานคร 10170 ประเทศไทย,ศาลาธรรมสพน์,ทวีวัฒนา,กรุงเทพมหานคร,2022-09-11 11:14:14.343250,เสร็จสิ้น,4.0,0,2022-09-11 21:49:34.928253,332.0,636.0,636.0,2022-09-11 16:45:53.886845,2022-09-11 21:49:34.932148,224952,{น้ำท่วม},13.77996,100.38654,10.6,5.533333333333333,10.6,Transient Surcharge Candidate
2022-8CEGYQ,ความปลอดภัย,"เพื่อนชัชชาติ, เขตบางเขน, กรุงเทพมหานคร, ผอ.เขตบางเขน (น.ส.อัญชนา), กลุ่มกรุงเทพเหนือ (นางวันทนีย์ วัฒนะ)","เขตบางเขน, กลุ่มกรุงเทพเหนือ (นางวันทนีย์ วัฒนะ), ผอ.เขตบางเขน (น.ส.อัญชนา), กรุงเทพมหานคร, เพื่อนชัชชาติ",มีน้ำท่วมขังบนสะพานลอยหน้ากองบินตำรวจ,"100.63417,13.85393",https://storage.googleapis.com/traffy_public_bucket/attachment/2022-09/37a1e5442bc62581632f1085a88de8bcc8c6feda.jpg,https://storage.googleapis.com/traffy_public_bucket/attachment/2022-09/05b338ccca7a49b9e205ba94aef97dfa2e410851.png,669 ถ. รามอินทรา แขวง ท่าแร้ง เขตบางเขน กรุงเทพมหานคร 10220 ประเทศไทย,ท่าแร้ง,บางเขน,กรุงเทพมหานคร,2022-09-11 10:57:51.691358,เสร็จสิ้น,5.0,0,2022-09-11 12:25:08.72909,4.0,88.0,88.0,2022-09-11 11:01:28.673551,2022-09-11 12:25:10.086540,224921,{ความปลอดภัย},13.85393,100.63417,1.4666666666666666,0.06666666666666667,1.4666666666666666,Transient Surcharge Candidate
2022-DHCMVZ,น้ำท่วม,"เพื่อนชัชชาติ, กรุงเทพมหานคร, เขตบางกะปิ, ฝ่ายโยธา เขตบางกะปิ, ผอ.เขตบางกะปิ (นายไพรัตน์), กลุ่มกรุงเทพตะวันออก (นายณรงค์ เรืองศรี)","เขตบางกะปิ, ฝ่ายโยธา เขตบางกะปิ, กลุ่มกรุงเทพตะวันออก (นายณรงค์ เรืองศรี), ผอ.เขตบางกะปิ (นายไพรัตน์), กรุงเทพมหานคร, เพื่อนชัชชาติ",น้ำท่วมสูงมากอยากให้มาลอกท่,"100.65929,13.76460",https://storage.googleapis.com/traffy_public_bucket/attachment/2022-09/66c76afc61a262a46290d8d1cba6d3f08e401868.jpg,https://storage.googleapis.com/traffy_public_bucket/attachment/2022-09/6eca0e56abb94c73496df5a097569e5958855b44.jpg,190/8 ซอย สุภาพงษ์ 2 แขวง หัวหมาก เขตบางกะปิ กรุงเทพมหานคร 10240 ประเทศไทย,หัวหมาก,บางกะปิ,กรุงเทพมหานคร,2022-09-11 10:28:18.038938,เสร็จสิ้น,5.0,0,2022-09-16 14:57:51.976141,152.0,,152.0,2022-09-11 12:59:43.944845,,224872,{น้ำท่วม},13.7646,100.65929,2.533333333333333,2.533333333333333,,Transient Surcharge Candidate
2022-C82Y2K,ขยะ,"เพื่อนชัชชาติ, เขตวัฒนา, กรุงเทพมหานคร, ฝ่ายรักษาความสะอาดฯ เขตวัฒนา, ผอ.เขตวัฒนา (น.ส.สุชิรา), กลุ่มกรุงเทพใต้ (นายชาตรี วัฒนเขจร)","ฝ่ายรักษาความสะอาดฯ เขตวัฒนา, เขตวัฒนา, กลุ่มกรุงเทพใต้ (นายชาตรี วัฒนเขจร), ผอ.เขตวัฒนา (น.ส.สุชิรา), กรุงเทพมหานคร, เพื่อนชัชชาติ",แม่ค้าแผงลอย บริเวณถ.สุขุมวิท77 เวลาหลังขายของเสร็จ  ชอบเอาถุงขยะใบเล็กๆทิ้ง ริมถนน เวลาฝนตกหนักน้ำท่วมขังบริเวณนี้ น้ำพัดไปด้วย,"100.60014,13.70915",https://storage.googleapis.com/traffy_public_bucket/attachment/2022-09/bd1bc08dca9ffb286cae9c6c39a96276396d8306.jpg,https://storage.googleapis.com/traffy_public_bucket/attachment/2022-09/569fe4002ad23cc0ed04f2723f07f98bd2ba1046.jpg,12 ถนน สุขุมวิท 77 ถ. อ่อนนุช แขวง พระโขนงเหนือ เขตวัฒนา กรุงเทพมหานคร 10110 ประเทศไทย,พระโขนงเหนือ,วัฒนา,กรุงเทพมหานคร,2022-09-11 08:46:36.904338,เสร็จสิ้น,5.0,0,2022-09-11 18:41:38.457715,,596.0,596.0,,2022-09-11 18:41:38.461254,224671,{ขยะ},13.70915,100.60014,9.933333333333334,,9.933333333333334,Hydraulic Capacity Surcharge
2022-B3RFDV,น้ำท่วม,"เพื่อนชัชชาติ, เขตสวนหลวง, กรุงเทพมหานคร, ฝ่ายโยธา เขตสวนหลวง, ผอ.เขตสวนหลวง (นายบัญชา), กลุ่มกรุงเทพใต้ (นายชาตรี วัฒนเขจร)","เขตสวนหลวง, กลุ่มกรุงเทพใต้ (นายชาตรี วัฒนเขจร), ผอ.เขตสวนหลวง (นายบัญชา), ฝ่ายโยธา เขตสวนหลวง, กรุงเทพมหานคร, เพื่อนชัชชาติ",เป็นไงบ้างละครับลุงผู้ชัชาติเอาอยู่ใหมละครับน้ำท่วมน่ะครับอีอี,"100.61153,13.73087",https://storage.googleapis.com/traffy_public_bucket/attachment/2022-09/e06f0ada8cfb14d2d4bb5555c9da94c2de6574a2.jpg,,51 ซ. พัฒนาการ แขวง สวนหลวง แขวงสวนหลวง กรุงเทพมหานคร 10250 ประเทศไทย,สวนหลวง,สวนหลวง,กรุงเทพมหานคร,2022-09-11 08:40:03.440431,เสร็จสิ้น,,0,2023-02-10 10:34:59.407238,,329.0,329.0,,2022-09-11 14:08:46.708118,224657,{น้ำท่วม},13.73087,100.61153,5.483333333333333,,5.483333333333333,Transient Surcharge Candidate
2022-EBVNZH,ขอความช่วยเหลือ,"กรุงเทพมหานคร, เขตหนองแขม, เพื่อนชัชชาติ, ฝ่ายโยธา เขตหนองแขม, ผอ.เขตหนองแขม (นางมณีวรรณ), กลุ่มกรุงธนใต้ (นายเฉลิมพล โชตินุชิต)","ฝ่ายโยธา เขตหนองแขม, เขตหนองแขม, กลุ่มกรุงธนใต้ (นายเฉลิมพล โชตินุชิต), ผอ.เขตหนองแขม (นางมณีวรรณ), เพื่อนชัชชาติ, กรุงเทพมหานคร",น้ำท่วมขังในหมู่บ้าน,"100.35944,13.68103",https://storage.googleapis.com/traffy_public_bucket/attachment/2022-09/4b84b94ae116368cc88eb583e9a2283747e24c3c.jpg,https://storage.googleapis.com/traffy_public_bucket/attachment/2022-09/db380fa69581611e57b678059714609699ee1a5f.jpg,111/55 ซอย พีเอสวิลล่า แขวง หนองแขม เขตหนองแขม กรุงเทพมหานคร 10160 ประเทศไทย,หนองแขม,หนองแขม,กรุงเทพมหานคร,2022-09-11 07:42:08.460997,เสร็จสิ้น,5.0,0,2022-09-11 09:47:04.578437,16.0,125.0,125.0,2022-09-11 07:57:47.784563,2022-09-11 09:47:05.928137,224574,{ขอความช่วยเหลือ},13.68103,100.35944,2.0833333333333335,0.26666666666666666,2.0833333333333335,Transient Surcharge Candidate
2022-K3BCYY,น้ำท่วม,"เพื่อนชัชชาติ, เขตบางพลัด, กรุงเทพมหานคร, สำนักการระบายน้ำ กทม., ผอ.เขตบางพลัด (น.ส.อารียา), กลุ่มกรุงธนเหนือ (นายเฉลิมพล โชตินุชิต)","เขตบางพลัด, สำนักการระบายน้ำ กทม., กลุ่มกรุงธนเหนือ (นายเฉลิมพล โชตินุชิต), ผอ.เขตบางพลัด (น.ส.อารียา), กรุงเทพมหานคร, เพื่อนชัชชาติ",ขอความช่วยเหลือคะ เมื่อคืนวันที่10 กย.น้ำท่วมสูง ไม่มีเจ้าหน้าที่มาเปิดเครื่องสูบน้ำให้ แจ้งหน่วยงานไปก็ไม่มีใครมา จนถึงเช้าน้ำยังไม่ลด ขอความกรุณามาเปิดเครื่องสูบน้ำให้ด้วยคะ ใกล้ถึงตัวบ้านแล้ว ตอนนี้ท่วมทางเดิน เครื่องตั้งอยู่ตรงเขื่อนริมน้ำระหว่าง ซ.84 /826,"100.50815,13.79566",https://storage.googleapis.com/traffy_public_bucket/attachment/2022-09/c31d6a59663065d549252299389f92cb8b28042a.jpg,https://storage.googleapis.com/traffy_public_bucket/attachment/2022-09/61f8db0d45dbcdf50da7b6fda10c41cc3ae228e5.jpg,238/169 ซอย 84 แขวง บางอ้อ เขตบางพลัด กรุงเทพมหานคร 10700 ประเทศไทย,บางอ้อ,บางพลัด,กรุงเทพมหานคร,2022-09-11 07:40:18.882789,เสร็จสิ้น,4.0,0,2022-09-11 12:12:48.297401,,273.0,273.0,,2022-09-11 12:12:49.677495,224569,{น้ำท่วม},13.79566,100.50815,4.55,,4.55,Transient Surcharge Candidate
2022-PAEUA8,น้ำท่วม,"เพื่อนชัชชาติ, กรุงเทพมหานคร, เขตสะพานสูง, ฝ่ายโยธา เขตสะพานสูง, ผอ.เขตสะพานสูง (นายสุพจน์), กลุ่มกรุงเทพตะวันออก (นายณรงค์ เรืองศรี)","ฝ่ายโยธา เขตสะพานสูง, เขตสะพานสูง, กลุ่มกรุงเทพตะวันออก (นายณรงค์ เรืองศรี), ผอ.เขตสะพานสูง (นายสุพจน์), กรุงเทพมหานคร, เพื่อนชัชชาติ",น้ำท่วมทั้งหมู่บ้าน ปั๊มน้ำที่ใช้สูบน้ำเพื่อระบายลงคลองน่าจะเสีย ถ้าวันนี้ฝนตกซ้ำเข้าบ้านเรือนประชาชนแน่,"100.70787,13.78611",https://storage.googleapis.com/traffy_public_bucket/attachment/2022-09/1193cc827d47df36dae758521381016f44bee2e6.jpg,https://storage.googleapis.com/traffy_public_bucket/attachment/2022-09/8c1558824ed7429bc872280a6fb3a3cb5675adc4.jpg,52 ซอย 52 แขวง สะพานสูง เขตสะพานสูง กรุงเทพมหานคร 10240 ประเทศไทย,สะพานสูง,สะพานสูง,กรุงเทพมหานคร,2022-09-11 07:33:14.076367,เสร็จสิ้น,5.0,0,2022-09-11 16:31:20.540953,176.0,539.0,539.0,2022-09-11 10:28:30.672982,2022-09-11 16:31:20.545193,224564,{น้ำท่วม},13.78611,100.70787,8.983333333333333,2.933333333333333,8.983333333333333,Transient Surcharge Candidate
2022-TG9ZEB,น้ำท่วม,"เพื่อนชัชชาติ, กรุงเทพมหานคร, เขตสะพานสูง, ฝ่ายโยธา เขตสะพานสูง, ผอ.เขตสะพานสูง (นายสุพจน์), กลุ่มกรุงเทพตะวันออก (นายณรงค์ เรืองศรี)","ฝ่ายโยธา เขตสะพานสูง, เขตสะพานสูง, กลุ่มกรุงเทพตะวันออก (นายณรงค์ เรืองศรี), ผอ.เขตสะพานสูง (นายสุพจน์), กรุงเทพมหานคร, เพื่อนชัชชาติ",น้าท่วม ม.เคหะธานี4 ฝนหยุดตั้งแต่เมื่อวานตอนค่ำแต่น้ำไม่ลดเลย วันนี้ถ้าตกซ้ำท่วมเข้าบ้านทั้งหมดแน่ครับ ช่วยด้วยครับ,"100.70739,13.78557",https://storage.googleapis.com/traffy_public_bucket/attachment/2022-09/d228e096fb4682fff733996563dba1c6e06946b4.jpg,https://storage.googleapis.com/traffy_public_bucket/attachment/2022-09/8e27c6284eba39d3c38ac7803e036c7288f6cb8e.jpg,ซอย ถนนราษฎร์พัฒนา ถนน 5 ถ. ราษฎร์พัฒนา แขวง สะพานสูง เขตสะพานสูง กรุงเทพมหานคร 10240 ประเทศไทย,สะพานสูง,สะพานสูง,กรุงเทพมหานคร,2022-09-11 07:13:36.759627,เสร็จสิ้น,,0,2022-09-11 17:13:25.332761,190.0,600.0,600.0,2022-09-11 10:23:00.885659,2022-09-11 17:13:25.336490,224550,{น้ำท่วม},13.78557,100.70739,10.0,3.1666666666666665,10.0,Transient Surcharge Candidate
2022-BX7PV2,ขอความช่วยเหลือ,"กรุงเทพมหานคร, เขตลาดกระบัง, เพื่อนชัชชาติ, ผอ.เขตลาดกระบัง (นายธนะสิทธิ์), กลุ่มกรุงเทพตะวันออก (นายณรงค์ เรืองศรี)","เขตลาดกระบัง, กลุ่มกรุงเทพตะวันออก (นายณรงค์ เรืองศรี), ผอ.เขตลาดกระบัง (นายธนะสิทธิ์), เพื่อนชัชชาติ, กรุงเทพมหานคร",น้ำท่วมซ.ลาดกระบัง17 ขอกระสอบทรายได้ไหมครับ,"100.78845,13.72354",https://storage.googleapis.com/traffy_public_bucket/attachment/2022-09/bbea743cf3d8a1f56ca071f82ddbaec9f8ced827.jpg,https://storage.googleapis.com/traffy_public_bucket/attachment/2022-09/3e9d879498887cd49b8bb1c3866e617d0c9d836f.jpg,49 ซอย ลาดกระบัง 17 แขวง ลาดกระบัง เขตลาดกระบัง กรุงเทพมหานคร 10520 ประเทศไทย,ลาดกระบัง,ลาดกระบัง,กรุงเทพมหานคร,2022-09-11 06:58:01.840755,เสร็จสิ้น,,0,2023-08-31 10:23:27.273387,,529.0,529.0,,2022-09-11 15:46:54.798993,224531,{ขอความช่วยเหลือ},13.72354,100.78845,8.816666666666666,,8.816666666666666,Transient Surcharge Candidate
2022-4E9U9Y,ขยะ,"เพื่อนชัชชาติ, เขตสวนหลวง, กรุงเทพมหานคร, ฝ่ายรักษาความสะอาดฯ เขตสวนหลวง, ผอ.เขตสวนหลวง (นายบัญชา), กลุ่มกรุงเทพใต้ (นายชาตรี วัฒนเขจร)","เขตสวนหลวง, กลุ่มกรุงเทพใต้ (นายชาตรี วัฒนเขจร), ผอ.เขตสวนหลวง (นายบัญชา), ฝ่ายรักษาความสะอาดฯ เขตสวนหลวง, กรุงเทพมหานคร, เพื่อนชัชชาติ",ขยะเยอะหลังน้ำท่วมค่ะทำให้ขยะเยอะกูไม่สะอาดตา,"100.61437,13.72826",https://storage.googleapis.com/traffy_public_bucket/attachment/2022-09/a556e5c9ec4d0367b568141974f56611fb7c19e5.jpg,https://storage.googleapis.com/traffy_public_bucket/attachment/2022-09/a7c9b488d5a4cb2c495aa5b34c3e3afff83a4d65.jpg,1038 ซอย พัฒนาการ แขวง สวนหลวง แขวงสวนหลวง กรุงเทพมหานคร 10250 ประเทศไทย,สวนหลวง,สวนหลวง,กรุงเทพมหานคร,2022-09-11 06:00:27.883248,เสร็จสิ้น,5.0,0,2023-02-10 10:35:42.718659,56.0,374.0,374.0,2022-09-11 06:55:56.805979,2022-09-11 12:13:55.137468,224473,{ขยะ},13.72826,100.61437,6.233333333333333,0.9333333333333333,6.233333333333333,Transient Surcharge Candidate
2022-P2NDVW,น้ำท่วม,"เพื่อนชัชชาติ, เขตราชเทวี, กรุงเทพมหานคร, ฝ่ายโยธา เขตราชเทวี, ผอ.เขตราชเทวี (นายกรณิศ), กลุ่มกรุงเทพกลาง (นายสุขสันต์ กิตติศุภกร)","ฝ่ายโยธา เขตราชเทวี, เขตราชเทวี, กลุ่มกรุงเทพกลาง (นายสุขสันต์ กิตติศุภกร), ผอ.เขตราชเทวี (นายกรณิศ), กรุงเทพมหานคร, เพื่อนชัชชาติ",น้ำท่วม,"100.55404,13.74847",https://storage.googleapis.com/traffy_public_bucket/attachment/2022-09/f92ef3bff9dab8aa87d33c84ad110ae4e194bf5b.jpg,https://storage.googleapis.com/traffy_public_bucket/attachment/2022-09/85145b5c963e4cd99567fce6be95f6538b0c556f.jpg,1614/95 ซ. สุขุมวิท 3 แขวง มักกะสัน เขตราชเทวี กรุงเทพมหานคร 10400 ประเทศไทย,มักกะสัน,ราชเทวี,กรุงเทพมหานคร,2022-09-10 20:30:55.334155,เสร็จสิ้น,4.0,0,2022-09-11 00:21:01.665387,17.0,231.0,231.0,2022-09-10 20:47:29.350871,2022-09-11 00:21:01.669289,224075,{น้ำท่วม},13.74847,100.55404,3.85,0.2833333333333333,3.85,Transient Surcharge Candidate
2022-M2AE8M,น้ำท่วม,"เพื่อนชัชชาติ, เขตตลิ่งชัน, กรุงเทพมหานคร, ผอ.เขตตลิ่งชัน (นางชดาวรรณ), กลุ่มกรุงธนเหนือ (นายเฉลิมพล โชตินุชิต)","เขตตลิ่งชัน, กลุ่มกรุงธนเหนือ (นายเฉลิมพล โชตินุชิต), ผอ.เขตตลิ่งชัน (นางชดาวรรณ), กรุงเทพมหานคร, เพื่อนชัชชาติ",น้ำท่วม ค่ะ ฝนตกจะมากจะน้อยก็ท่วมทั้งในซอยเข้าออกลำบากค่ะ,"100.43392,13.78982",https://storage.googleapis.com/traffy_public_bucket/attachment/2022-09/13c062f2270c8b94913adeaf5dfc1a454850c384.jpg,https://storage.googleapis.com/traffy_public_bucket/attachment/2022-09/408485431ee77fe300c2cfde3237bf50ca9bc5ec.jpg,20/153 ซอย ฉิมพลี 20 แขวง ฉิมพลี เขตตลิ่งชัน กรุงเทพมหานคร 10170 ประเทศไทย,ฉิมพลี,ตลิ่งชัน,กรุงเทพมหานคร,2022-09-10 20:29:10.532306,เสร็จสิ้น,1.0,0,2022-09-10 20:54:30.878928,,26.0,26.0,,2022-09-10 20:54:30.883118,224072,{น้ำท่วม},13.78982,100.43392,0.43333333333333335,,0.43333333333333335,Transient Surcharge Candidate
2022-FFUYEQ,น้ำท่วม,"เพื่อนชัชชาติ, เขตลาดพร้าว, กรุงเทพมหานคร, ผอ.เขตลาดพร้าว (นางสุภาพร), กลุ่มกรุงเทพเหนือ (นางวันทนีย์ วัฒนะ)","เขตลาดพร้าว, กลุ่มกรุงเทพเหนือ (นางวันทนีย์ วัฒนะ), ผอ.เขตลาดพร้าว (นางสุภาพร), กรุงเทพมหานคร, เพื่อนชัชชาติ",น้ำท่วม,"100.61054,13.81283",https://storage.googleapis.com/traffy_public_bucket/attachment/2022-09/e8349648998e7817bd30174f000dc33da6f78108.jpg,https://storage.googleapis.com/traffy_public_bucket/attachment/2022-09/8ee405117e2c3baaf0f43fc9055f24f9cca499f3.png,6 ซอย นาคนิวาส 36 แขวงลาดพร้าว เขตลาดพร้าว กรุงเทพมหานคร 10230 ประเทศไทย,ลาดพร้าว,ลาดพร้าว,กรุงเทพมหานคร,2022-09-10 20:13:15.243266,เสร็จสิ้น,,0,2022-09-10 20:28:53.864882,,16.0,16.0,,2022-09-10 20:28:53.868340,224040,{น้ำท่วม},13.81283,100.61054,0.26666666666666666,,0.26666666666666666,Transient Surcharge Candidate
2022-VMEEK9,น้ำท่วม,"เพื่อนชัชชาติ, เขตลาดพร้าว, กรุงเทพมหานคร, ผอ.เขตลาดพร้าว (นางสุภาพร), กลุ่มกรุงเทพเหนือ (นางวันทนีย์ วัฒนะ)","เขตลาดพร้าว, กลุ่มกรุงเทพเหนือ (นางวันทนีย์ วัฒนะ), ผอ.เขตลาดพร้าว (นางสุภาพร), กรุงเทพมหานคร, เพื่อนชัชชาติ",น้ำม่วม,"100.60862,13.80830",https://storage.googleapis.com/traffy_public_bucket/attachment/2022-09/780e8bd0421309f4b3420d5fd11ab958c7527253.jpg,https://storage.googleapis.com/traffy_public_bucket/attachment/2022-09/8e34d751d892febf645feb1988b9b41bc4574c0b.png,9/60-61 ซอยลาดพร้าว 71 ถนนนาคนิวาส แขวงลาดพร้าว เขตลาดพร้าว กรุงเทพมหานคร 10230 แขวงลาดพร้าว เขตลาดพร้าว กรุงเทพมหานคร 10230 ประเทศไทย,ลาดพร้าว,ลาดพร้าว,กรุงเทพมหานคร,2022-09-10 20:09:03.893501,เสร็จสิ้น,,0,2022-09-10 20:29:22.945954,,21.0,21.0,,2022-09-10 20:29:24.325822,224032,{น้ำท่วม},13.8083,100.60862,0.35,,0.35,Transient Surcharge Candidate
2022-8MFCMX,น้ำท่วม,"เพื่อนชัชชาติ, เขตลาดพร้าว, กรุงเทพมหานคร, ผอ.เขตลาดพร้าว (นางสุภาพร), กลุ่มกรุงเทพเหนือ (นางวันทนีย์ วัฒนะ)","เขตลาดพร้าว, กลุ่มกรุงเทพเหนือ (นางวันทนีย์ วัฒนะ), ผอ.เขตลาดพร้าว (นางสุภาพร), กรุงเทพมหานคร, เพื่อนชัชชาติ","ตอนนี้น้ำท่วมหนักมากน้ำขังมา 1 อาทิตย์
ตอนนี้น้ำใกล้จะเข้ามาในบ้านแล้วค่ะถ้าตกมาแบบนี้เรื่อยๆน่าจะไม่ไหวค่ะ😂","100.62312,13.84183",https://storage.googleapis.com/traffy_public_bucket/attachment/2022-09/b06d8c48da7399ee2499a8a0735f0e1761735e7a.jpg,https://storage.googleapis.com/traffy_public_bucket/attachment/2022-09/f8109ab1d8aee3f3472626d6e6d9965378f16f58.png,5/404 ประดิษฐ์มนูญธรรม แขวง จรเข้บัว เขตลาดพร้าว กรุงเทพมหานคร 10230 ประเทศไทย,จรเข้บัว,ลาดพร้าว,กรุงเทพมหานคร,2022-09-10 19:33:31.551269,เสร็จสิ้น,5.0,0,2022-09-10 20:38:46.052918,,66.0,66.0,,2022-09-10 20:38:46.056614,223945,{น้ำท่วม},13.84183,100.62312,1.1,,1.1,Transient Surcharge Candidate
2022-D6M764,น้ำท่วม,"เพื่อนชัชชาติ, เขตตลิ่งชัน, กรุงเทพมหานคร, ผอ.เขตตลิ่งชัน (นางชดาวรรณ), กลุ่มกรุงธนเหนือ (นายเฉลิมพล โชตินุชิต)","เขตตลิ่งชัน, กลุ่มกรุงธนเหนือ (นายเฉลิมพล โชตินุชิต), ผอ.เขตตลิ่งชัน (นางชดาวรรณ), กรุงเทพมหานคร, เพื่อนชัชชาติ",น้ำรอระบายบริเวณ ซ.ฉิมพลี 20 เขตตลิ่งชัน รบกวนแจ้ง จนท.มาสตาร์ทเครื่องสูบน้ำ ที่ตอดตั้งบริเวณปากซอยฉิมพลี 20 ด้วยครับ,"100.43460,13.78432",https://storage.googleapis.com/traffy_public_bucket/attachment/2022-09/70586d452599f73e00ab1c94ce3620ec5e7f41a1.jpg,https://storage.googleapis.com/traffy_public_bucket/attachment/2022-09/80beb4bf39da31d8d2205f69f1ccb33e3dbf0adb.jpg,20/58 ซอย ฉิมพลี 20 แขวง ฉิมพลี เขตตลิ่งชัน กรุงเทพมหานคร 10170 ประเทศไทย,ฉิมพลี,ตลิ่งชัน,กรุงเทพมหานคร,2022-09-10 19:11:07.399392,เสร็จสิ้น,,0,2022-09-10 20:11:41.051591,,61.0,61.0,,2022-09-10 20:11:41.055504,223921,{น้ำท่วม},13.78432,100.4346,1.0166666666666666,,1.0166666666666666,Hydraulic Capacity Surcharge
2022-7TBEQV,น้ำท่วม,"เพื่อนชัชชาติ, เขตราชเทวี, กรุงเทพมหานคร, ฝ่ายโยธา เขตราชเทวี, ผอ.เขตราชเทวี (นายกรณิศ), กลุ่มกรุงเทพกลาง (นายสุขสันต์ กิตติศุภกร)","ฝ่ายโยธา เขตราชเทวี, เขตราชเทวี, กลุ่มกรุงเทพกลาง (นายสุขสันต์ กิตติศุภกร), ผอ.เขตราชเทวี (นายกรณิศ), กรุงเทพมหานคร, เพื่อนชัชชาติ",ซอยราชปรารภ 22 น้ำท่วมขัง ไม่ระบาย,"100.54270,13.76112",https://storage.googleapis.com/traffy_public_bucket/attachment/2022-09/568697226aaf4732ee38156bc0e698ebe495d991.jpg,https://storage.googleapis.com/traffy_public_bucket/attachment/2022-09/ea06ab823f8cebdcf7f76bcde73a977040e5ea2e.jpg,53/7 ถนนราชปรารภ แขวง มักกะสัน เขตราชเทวี กรุงเทพมหานคร 10400 ประเทศไทย,มักกะสัน,ราชเทวี,กรุงเทพมหานคร,2022-09-10 19:08:52.211411,เสร็จสิ้น,4.0,0,2022-09-10 22:34:55.098807,94.0,207.0,207.0,2022-09-10 20:42:07.199849,2022-09-10 22:34:55.103040,223918,{น้ำท่วม},13.76112,100.5427,3.45,1.5666666666666667,3.45,Transient Surcharge Candidate
2022-NKYHUG,น้ำท่วม,"เพื่อนชัชชาติ, เขตตลิ่งชัน, กรุงเทพมหานคร, ผอ.เขตตลิ่งชัน (นางชดาวรรณ), กลุ่มกรุงธนเหนือ (นายเฉลิมพล โชตินุชิต)","เขตตลิ่งชัน, กลุ่มกรุงธนเหนือ (นายเฉลิมพล โชตินุชิต), ผอ.เขตตลิ่งชัน (นางชดาวรรณ), กรุงเทพมหานคร, เพื่อนชัชชาติ",ฝนตกน้ำรอระบาย ซ.ฉิมพลี 20 เขตตลิ่งชัน กรุณาประสาน จนท.เขตตลิ่งชัน มาสตาร์ทเครื่องสูบน้ำที่ปากซอยฉิมพลี 20 ด้วยครับ,"100.43460,13.78435",https://storage.googleapis.com/traffy_public_bucket/attachment/2022-09/3907cb578cb06c1bd17706ea056f1a0a45e2168f.jpg,https://storage.googleapis.com/traffy_public_bucket/attachment/2022-09/3ee5b07e55f2a7b8816fff07a9115a454aaa814f.jpg,20/58 ซอย ฉิมพลี 20 แขวง ฉิมพลี เขตตลิ่งชัน กรุงเทพมหานคร 10170 ประเทศไทย,ฉิมพลี,ตลิ่งชัน,กรุงเทพมหานคร,2022-09-10 18:59:31.257617,เสร็จสิ้น,5.0,0,2022-09-10 20:14:14.444843,,75.0,75.0,,2022-09-10 20:14:14.448694,223903,{น้ำท่วม},13.78435,100.4346,1.25,,1.25,Hydraulic Capacity Surcharge
2022-MPR74L,ขยะ,"เพื่อนชัชชาติ, เขตสวนหลวง, กรุงเทพมหานคร, ฝ่ายรักษาความสะอาดฯ เขตสวนหลวง, ผอ.เขตสวนหลวง (นายบัญชา), กลุ่มกรุงเทพใต้ (นายชาตรี วัฒนเขจร)","ฝ่ายรักษาความสะอาดฯ เขตสวนหลวง, เขตสวนหลวง, กลุ่มกรุงเทพใต้ (นายชาตรี วัฒนเขจร), ผอ.เขตสวนหลวง (นายบัญชา), กรุงเทพมหานคร, เพื่อนชัชชาติ",หลังจากน้ำท่วมลดลงขยะลอยเกลื่อนถนนค่ะ,"100.60847,13.72867",https://storage.googleapis.com/traffy_public_bucket/attachment/2022-09/6e0e24cf68035002c8fb7ea0d4f10033c391467f.jpg,https://storage.googleapis.com/traffy_public_bucket/attachment/2022-09/b4a253e05c0359705698195f2c83939636ed8e3f.jpg,27/71 ถนน พัฒนาการ แขวง สวนหลวง แขวงสวนหลวง กรุงเทพมหานคร 10250 ประเทศไทย,สวนหลวง,สวนหลวง,กรุงเทพมหานคร,2022-09-10 15:51:16.472996,เสร็จสิ้น,5.0,0,2023-02-10 10:46:54.553892,34.0,418.0,418.0,2022-09-10 16:24:17.277814,2022-09-10 22:48:44.367840,223731,{ขยะ},13.72867,100.60847,6.966666666666667,0.5666666666666667,6.966666666666667,Transient Surcharge Candidate
2022-GLE9PC,น้ำท่วม,"เพื่อนชัชชาติ, เขตบางเขน, กรุงเทพมหานคร, ผอ.เขตบางเขน (น.ส.อัญชนา), กลุ่มกรุงเทพเหนือ (นางวันทนีย์ วัฒนะ)","เขตบางเขน, กลุ่มกรุงเทพเหนือ (นางวันทนีย์ วัฒนะ), ผอ.เขตบางเขน (น.ส.อัญชนา), กรุงเทพมหานคร, เพื่อนชัชชาติ",มีต้นไม้ขวางทางน้ำไหลคลองหนองบัวบาน บริเวณเกาะกลางถนนเทพรักษ์,"100.64898,13.87658",https://storage.googleapis.com/traffy_public_bucket/attachment/2022-09/254fce6bec9f3041beab29c4c15bb8ac9012aaad.jpg,https://storage.googleapis.com/traffy_public_bucket/attachment/2022-09/9eca4b6c407705f53e8d86f6f02a6d4d705f4d5c.jpg,337 ถนนสุขาภิบาล ๕ แขวง ท่าแร้ง เขตบางเขน กรุงเทพมหานคร 10220 ประเทศไทย,ท่าแร้ง,บางเขน,กรุงเทพมหานคร,2022-09-10 14:56:44.800308,เสร็จสิ้น,5.0,0,2022-09-10 15:12:08.514134,15.0,16.0,16.0,2022-09-10 15:10:57.235118,2022-09-10 15:12:08.519375,223687,{น้ำท่วม},13.87658,100.64898,0.26666666666666666,0.25,0.26666666666666666,Transient Surcharge Candidate
2022-4DFQDG,น้ำท่วม,"เพื่อนชัชชาติ, เขตบางเขน, กรุงเทพมหานคร, ผอ.เขตบางเขน (น.ส.อัญชนา), กลุ่มกรุงเทพเหนือ (นางวันทนีย์ วัฒนะ)","เขตบางเขน, กลุ่มกรุงเทพเหนือ (นางวันทนีย์ วัฒนะ), ผอ.เขตบางเขน (น.ส.อัญชนา), กรุงเทพมหานคร, เพื่อนชัชชาติ",น้ำท่วมขอรถรับส่ง,"100.62773,13.86044",https://storage.googleapis.com/traffy_public_bucket/attachment/2022-09/c4daa6a606a3e46e21a540b7b15ecdc329fcb927.jpg,https://storage.googleapis.com/traffy_public_bucket/attachment/2022-09/eb957cfb0689ae61d2b1a0fad8a64b4258d73a26.jpg,VJ6H+54R รามอินทรา 39 แขวง อนุสาวรีย์ เขตบางเขน กรุงเทพมหานคร 10220 ประเทศไทย,อนุสาวรีย์,บางเขน,กรุงเทพมหานคร,2022-09-10 12:47:21.396071,เสร็จสิ้น,5.0,0,2022-09-10 13:07:03.081282,8.0,20.0,20.0,2022-09-10 12:54:36.969393,2022-09-10 13:07:03.084975,223578,{น้ำท่วม},13.86044,100.62773,0.3333333333333333,0.13333333333333333,0.3333333333333333,Transient Surcharge Candidate
2022-FT3R4M,น้ำท่วม,"เพื่อนชัชชาติ, เขตบางเขน, กรุงเทพมหานคร, ผอ.เขตบางเขน (น.ส.อัญชนา), กลุ่มกรุงเทพเหนือ (นางวันทนีย์ วัฒนะ)","เขตบางเขน, กลุ่มกรุงเทพเหนือ (นางวันทนีย์ วัฒนะ), ผอ.เขตบางเขน (น.ส.อัญชนา), กรุงเทพมหานคร, เพื่อนชัชชาติ",น้ำท่วมซ.รามอินทรา 21 ขอรถรับ-ส่ง,"100.61781,13.86529",https://storage.googleapis.com/traffy_public_bucket/attachment/2022-09/ff3c61ca4cdeedeef07b867aa12715c4d30ef9da.jpg,https://storage.googleapis.com/traffy_public_bucket/attachment/2022-09/af0cce30164ba9d993a62605d52c96c590f33748.jpg,14 ซอย รามอินทรา 21 แขวง อนุสาวรีย์ เขตบางเขน กรุงเทพมหานคร 10220 ประเทศไทย,อนุสาวรีย์,บางเขน,กรุงเทพมหานคร,2022-09-10 12:32:51.625873,เสร็จสิ้น,,0,2022-09-10 13:03:41.850358,14.0,31.0,31.0,2022-09-10 12:46:06.657142,2022-09-10 13:03:41.854539,223563,{น้ำท่วม},13.86529,100.61781,0.5166666666666667,0.23333333333333334,0.5166666666666667,Transient Surcharge Candidate
2022-KUWWYG,น้ำท่วม,"เพื่อนชัชชาติ, เขตลาดพร้าว, กรุงเทพมหานคร, ฝ่ายโยธา เขตลาดพร้าว, ผอ.เขตลาดพร้าว (นางสุภาพร), กลุ่มกรุงเทพเหนือ (นางวันทนีย์ วัฒนะ)","ฝ่ายโยธา เขตลาดพร้าว, เขตลาดพร้าว, กลุ่มกรุงเทพเหนือ (นางวันทนีย์ วัฒนะ), ผอ.เขตลาดพร้าว (นางสุภาพร), กรุงเทพมหานคร, เพื่อนชัชชาติ","ชุมชนเหมู่บ้านเนียมกล่ำ ซอย14 ซ.ประเสริฐมนูกิจ 29 แยก 8 ถ.ประเสริฐมนูกิจ แขวงจรเข้บัว เขตลาดพร้าว กทม. 

เดือดร้อนจากน้ำท่วมขัง เป็นเวลานาน เนื่องจากถนนซอยต่ำที่สุดในหมู่บ้าน  อีกทั้งซอยอื่นได้งบจาก กทม.ทำถนนใหม่สูงกว่ามาก ทำให้เวลาฝนตกหนัก น้ำขังนานเป็นสัปดาห์ได้รับความเดือดร้อนในการสัญจร รวมถึงรถยนต์เสียหาย
จึงขอรบกวนท่านช่วยเจียดงบประมาณมาทำถนนซอยเดียว  กว้าง 3 ม.ยาวประมาณ 200 ม.เองครับ
(เดือดร้อนมา 10 ปีกว่าละครับ)","100.62363,13.84260",https://storage.googleapis.com/traffy_public_bucket/attachment/2022-09/6cf288d7cd4426ea2edef1e555dae9245c33faef.jpg,https://storage.googleapis.com/traffy_public_bucket/attachment/2022-09/9de19854c0e2fcbfc0301ab4dfa311a92dff8cae.jpg,443 Soi 14 แขวง จรเข้บัว เขตลาดพร้าว กรุงเทพมหานคร 10230 ประเทศไทย,จรเข้บัว,ลาดพร้าว,กรุงเทพมหานคร,2022-09-10 11:55:18.114784,เสร็จสิ้น,4.0,0,2022-09-10 17:57:33.481977,25.0,363.0,363.0,2022-09-10 12:19:54.156381,2022-09-10 17:57:33.485482,223528,{น้ำท่วม},13.8426,100.62363,6.05,0.4166666666666667,6.05,Hydraulic Capacity Surcharge
2022-BXVGPH,อื่นๆ,"กรุงเทพมหานคร, เขตทุ่งครุ, เพื่อนชัชชาติ, ฝ่ายโยธา เขตทุ่งครุ, ผอ.เขตทุ่งครุ (นายพงค์ศักดิ์), กลุ่มกรุงธนใต้ (นายเฉลิมพล โชตินุชิต)","ฝ่ายโยธา เขตทุ่งครุ, เขตทุ่งครุ, กลุ่มกรุงธนใต้ (นายเฉลิมพล โชตินุชิต), ผอ.เขตทุ่งครุ (นายพงค์ศักดิ์), เพื่อนชัชชาติ, กรุงเทพมหานคร",แจ้งปัญหาขอความช่วยเหลือเรื่องน้ำท่วม  ถนน ทางเข้าหมู่บ้าน ชุมชน ในซอยประชาอุทิศ60เชื่อมต่อถนนประชาอุทิศ54ค่ะ ท่วมขังระบายช้า  ใช้เวลาระบาย เกิน8ชม.ค่ะ ท่วมขังทุกครั้งที่ฝนตก และหน้าฝน ท่วมทุกปี,"100.49419,13.63625",https://storage.googleapis.com/traffy_public_bucket/attachment/2022-09/f363718725456724d15790d4d13752d2c2ae9ae5.jpg,https://storage.googleapis.com/traffy_public_bucket/attachment/2022-09/3e7d55626796d9cd75dbc71c6244c542f8a19381.jpg,785 ถ. ประชาอุทิศ แขวง บางมด เขตทุ่งครุ กรุงเทพมหานคร 10140 ประเทศไทย,บางมด,ทุ่งครุ,กรุงเทพมหานคร,2022-09-10 10:04:12.677922,เสร็จสิ้น,3.0,0,2022-09-10 12:53:01.347202,46.0,165.0,165.0,2022-09-10 10:49:13.086432,2022-09-10 12:48:47.196674,223340,{อื่นๆ},13.63625,100.49419,2.75,0.7666666666666667,2.75,Hydraulic Capacity Surcharge
2022-8FB43K,น้ำท่วม,"เพื่อนชัชชาติ, กรุงเทพมหานคร, เขตบางขุนเทียน, ผอ.เขตบางขุนเทียน (นางภัสรา), กลุ่มกรุงธนใต้ (นายเฉลิมพล โชตินุชิต)","เขตบางขุนเทียน, กลุ่มกรุงธนใต้ (นายเฉลิมพล โชตินุชิต), ผอ.เขตบางขุนเทียน (นางภัสรา), กรุงเทพมหานคร, เพื่อนชัชชาติ",น้ำท่วมขังทุกครั้งที่ฝนตกเลยค่ะ เดินทางเข้าออกไม่ได้,"100.44219,13.63689",https://storage.googleapis.com/traffy_public_bucket/attachment/2022-09/78434137f7055c7dcb580ee66aa1e473f5e06215.jpg,https://storage.googleapis.com/traffy_public_bucket/attachment/2022-09/e9290ae192eeb6699cde0ef64951600c787f46df.jpg,4/1ม.พฤกษาวิลล์ ท่าข้าม80 เทียนทะเล 7 แยก 6-5 แขวง แสมดำ เขตบางขุนเทียน กรุงเทพมหานคร 10150 ประเทศไทย,แสมดำ,บางขุนเทียน,กรุงเทพมหานคร,2022-09-10 09:03:36.896270,เสร็จสิ้น,,0,2022-09-10 20:41:19.300913,1.0,698.0,698.0,2022-09-10 09:04:31.073154,2022-09-10 20:41:19.304818,223232,{น้ำท่วม},13.63689,100.44219,11.633333333333333,0.016666666666666666,11.633333333333333,Transient Surcharge Candidate
2022-BRY3R3,น้ำท่วม,"เพื่อนชัชชาติ, เขตลาดพร้าว, กรุงเทพมหานคร, ฝ่ายโยธา เขตลาดพร้าว, ผอ.เขตลาดพร้าว (นางสุภาพร), กลุ่มกรุงเทพเหนือ (นางวันทนีย์ วัฒนะ)","ฝ่ายโยธา เขตลาดพร้าว, เขตลาดพร้าว, กลุ่มกรุงเทพเหนือ (นางวันทนีย์ วัฒนะ), ผอ.เขตลาดพร้าว (นางสุภาพร), กรุงเทพมหานคร, เพื่อนชัชชาติ",น้ำท่วมถนนมิดฟุตบาท รถสัญจรลำบาก,"100.62653,13.83435",https://storage.googleapis.com/traffy_public_bucket/attachment/2022-09/0e5172737b37c0a40719ca32711892a9b6235f65.jpg,https://storage.googleapis.com/traffy_public_bucket/attachment/2022-09/eb52af2ff798a5b5dd59e823fc1a4ff672bdc55e.jpg,34 ถ. สุคนธสวัสดิ์ แขวงลาดพร้าว เขตลาดพร้าว กรุงเทพมหานคร 10230 ประเทศไทย,ลาดพร้าว,ลาดพร้าว,กรุงเทพมหานคร,2022-09-10 08:54:11.504311,เสร็จสิ้น,5.0,0,2022-09-10 12:56:41.056053,215.0,243.0,243.0,2022-09-10 12:29:11.454712,2022-09-10 12:56:41.060269,223209,{น้ำท่วม},13.83435,100.62653,4.05,3.5833333333333335,4.05,Transient Surcharge Candidate
2022-6DNNH2,น้ำท่วม,"เพื่อนชัชชาติ, กรุงเทพมหานคร, เขตหลักสี่, ผอ.เขตหลักสี่ (นางสมฤดี), กลุ่มกรุงเทพเหนือ (นางวันทนีย์ วัฒนะ)","เขตหลักสี่, กลุ่มกรุงเทพเหนือ (นางวันทนีย์ วัฒนะ), ผอ.เขตหลักสี่ (นางสมฤดี), กรุงเทพมหานคร, เพื่อนชัชชาติ",หมู่บ้านโสสุนคร ชินเขต เขตหลักสี่ น้ำท่วมใหญ่อีกแล้วครับช่วยด้วยครับ น้ำสูงถึงเข่าออกลำบากมากครับ,"100.55751,13.86146",https://storage.googleapis.com/traffy_public_bucket/attachment/2022-09/0d6a9ee194c7847f3dacee6510350ae47fd16812.jpg,https://storage.googleapis.com/traffy_public_bucket/attachment/2022-09/87ec3b8caa346cc51b19e9957e89fbc7f3fb4b56.jpg,47/48 ซอย ชินเขต 2 แขวง ทุ่งสองห้อง เขต หลักสี่ กรุงเทพมหานคร 10210 ประเทศไทย,ทุ่งสองห้อง,หลักสี่,กรุงเทพมหานคร,2022-09-10 06:26:25.364295,เสร็จสิ้น,5.0,0,2022-09-10 13:57:42.988257,,452.0,452.0,,2022-09-10 13:57:42.992275,223094,{น้ำท่วม},13.86146,100.55751,7.533333333333333,,7.533333333333333,Transient Surcharge Candidate
2022-DA6367,น้ำท่วม,"เพื่อนชัชชาติ, เขตลาดพร้าว, กรุงเทพมหานคร, ฝ่ายโยธา เขตลาดพร้าว, ผอ.เขตลาดพร้าว (นางสุภาพร), กลุ่มกรุงเทพเหนือ (นางวันทนีย์ วัฒนะ)","เขตลาดพร้าว, ฝ่ายโยธา เขตลาดพร้าว, กลุ่มกรุงเทพเหนือ (นางวันทนีย์ วัฒนะ), ผอ.เขตลาดพร้าว (นางสุภาพร), กรุงเทพมหานคร, เพื่อนชัชชาติ",อยากให้ช่วยแก้ปัญหาน้ำท่วมหมู่บ้านนี้ค่ะ   ให้ได้มากที่สุด เท่าที่จะทำได้ก็ได้ค่ะ  ฝนตกแปปเดียว น้ำท่วมค่ะ ใช้เวลานาน กว่าจะระบายหมดค่ะ,"100.60836,13.83911",https://storage.googleapis.com/traffy_public_bucket/attachment/2022-09/18de8077451e3f03a69ca4f048156d2856e26c2d.jpg,https://storage.googleapis.com/traffy_public_bucket/attachment/2022-09/95ab5f09be9b5b16d9297a2b24ac7dc33e673f20.jpg,62/515 ซอย หมู่บ้านเสนานิเวศน์ ซอย 212 แขวง จรเข้บัว เขตลาดพร้าว กรุงเทพมหานคร 10230 ประเทศไทย,จรเข้บัว,ลาดพร้าว,กรุงเทพมหานคร,2022-09-10 01:59:05.455350,เสร็จสิ้น,4.0,0,2022-09-10 12:48:46.092786,636.0,650.0,650.0,2022-09-10 12:34:48.651788,2022-09-10 12:48:47.632641,223071,{น้ำท่วม},13.83911,100.60836,10.833333333333334,10.6,10.833333333333334,Transient Surcharge Candidate
2022-B28V9A,น้ำท่วม,"เพื่อนชัชชาติ, กรุงเทพมหานคร, เขตสะพานสูง, ฝ่ายโยธา เขตสะพานสูง, ผอ.เขตสะพานสูง (นายสุพจน์), กลุ่มกรุงเทพตะวันออก (นายณรงค์ เรืองศรี)","เขตสะพานสูง, ฝ่ายโยธา เขตสะพานสูง, กลุ่มกรุงเทพตะวันออก (นายณรงค์ เรืองศรี), ผอ.เขตสะพานสูง (นายสุพจน์), กรุงเทพมหานคร, เพื่อนชัชชาติ",ขอให้ตรวจสอบเครื่องระบายน้ำมีการใช้งานหรือไม่ 3 วันแล้วน้ำไม่ลดลง,"100.69583,13.73514",https://storage.googleapis.com/traffy_public_bucket/attachment/2022-09/dc5dc4d54231a8f8c3aa0e483115c7aa2355094f.jpg,https://storage.googleapis.com/traffy_public_bucket/attachment/2022-09/dc146a9923155c50cbf3bdf2ed94d504302ed04d.jpg,309 ถนนกรุงเทพกรีฑา แขวง สะพานสูง เขตสะพานสูง กรุงเทพมหานคร 10240 ประเทศไทย,สะพานสูง,สะพานสูง,กรุงเทพมหานคร,2022-09-09 17:36:08.751245,เสร็จสิ้น,,0,2022-09-09 18:43:19.785227,,68.0,68.0,,2022-09-09 18:43:20.661847,222680,{น้ำท่วม},13.73514,100.69583,1.1333333333333333,,1.1333333333333333,Transient Surcharge Candidate
2022-L4PFFY,น้ำท่วม,"เพื่อนชัชชาติ, เขตประเวศ, กรุงเทพมหานคร, ฝ่ายโยธา เขตประเวศ, ผอ.เขตประเวศ (นายดิชา), กลุ่มกรุงเทพตะวันออก (นายณรงค์ เรืองศรี)","เขตประเวศ, ฝ่ายโยธา เขตประเวศ, กลุ่มกรุงเทพตะวันออก (นายณรงค์ เรืองศรี), ผอ.เขตประเวศ (นายดิชา), กรุงเทพมหานคร, เพื่อนชัชชาติ",ช่วยเหลือน้ำท่วม,"100.67862,13.73033",https://storage.googleapis.com/traffy_public_bucket/attachment/2022-09/ca404ea93be0a6564377d8ec75d5512c105f1acf.jpg,https://storage.googleapis.com/traffy_public_bucket/attachment/2022-10/43ac1944cec63bfa4fcd36a10f35dfb63996cf53.jpg,2 ซอย อ่อนนุช 65 แยก 15-2-5 แขวง ประเวศ เขต ประเวศ กรุงเทพมหานคร 10250 ประเทศไทย,ประเวศ,ประเวศ,กรุงเทพมหานคร,2022-09-09 17:01:57.881558,เสร็จสิ้น,,0,2022-10-21 12:40:56.50649,58.0,,58.0,2022-09-09 17:59:56.139832,,222618,{น้ำท่วม},13.73033,100.67862,0.9666666666666667,0.9666666666666667,,Transient Surcharge Candidate
2022-M3B2CH,น้ำท่วม,"เพื่อนชัชชาติ, เขตสายไหม, กรุงเทพมหานคร, ฝ่ายโยธา เขตสายไหม, สำนักระบายน้ำ, ผอ.เขตสายไหม (นายสมบัติ), กลุ่มกรุงเทพเหนือ (นางวันทนีย์ วัฒนะ)","ฝ่ายโยธา เขตสายไหม, เขตสายไหม, กลุ่มกรุงเทพเหนือ (นางวันทนีย์ วัฒนะ), ผอ.เขตสายไหม (นายสมบัติ), สำนักระบายน้ำ, กรุงเทพมหานคร, เพื่อนชัชชาติ",น้ำท่วมในหมู่บ้านค่ะ เหมือนน้ำมันไม่ลงท่อ กลัวว่าถ้าฝนตกเรื่อยๆมันน่าจะเข้าในบ้านคน,"100.66699,13.92303",https://storage.googleapis.com/traffy_public_bucket/attachment/2022-09/f39dd58356948a82afa4ce0fe1d1c96fd953caba.jpg,https://storage.googleapis.com/traffy_public_bucket/attachment/2022-12/aa8f50ca3f5e42f4c4fe7643ab40836266202924.jpg,WMF8+8Q7 แขวง สายไหม เขตสายไหม กรุงเทพมหานคร 10220 ประเทศไทย,สายไหม,สายไหม,กรุงเทพมหานคร,2022-09-09 16:01:10.744608,เสร็จสิ้น,,0,2022-12-07 16:03:57.268938,27.0,,27.0,2022-09-09 16:27:29.216703,,222556,{น้ำท่วม},13.92303,100.66699,0.45,0.45,,Transient Surcharge Candidate
2022-GTHE8V,ขอความช่วยเหลือ,"กรุงเทพมหานคร, เพื่อนชัชชาติ, เขตดอนเมือง, ฝ่ายโยธา เขตดอนเมือง, ผอ.เขตดอนเมือง (นายสาโรจน์), กลุ่มกรุงเทพเหนือ (นางวันทนีย์ วัฒนะ)","ฝ่ายโยธา เขตดอนเมือง, เขตดอนเมือง, กลุ่มกรุงเทพเหนือ (นางวันทนีย์ วัฒนะ), ผอ.เขตดอนเมือง (นายสาโรจน์), เพื่อนชัชชาติ, กรุงเทพมหานคร",เสนอแนะให้กรุงเทพมหานครจัดหากระสอบทราย หรือกองทรายพร้อมกระสอบและอุปกรณ์กรอก และไปกองไว้ให้ประชาชนเป็นจุด เพื่อช่วยเหลือป้องกันในการที่จะมีน้ำท่วมเข้าบ้านเรือน จะดีไหมครับ,"100.61918,13.95192",https://storage.googleapis.com/traffy_public_bucket/attachment/2022-09/9d502221664d94d4a63be710216a9221e100d074.jpg,https://storage.googleapis.com/traffy_public_bucket/attachment/2022-09/766c42d8fcb97746a5255b4800545a6933340443.jpg,40 ซอย วิภาวดีรังสิต 47 แขวง สนามบิน เขตดอนเมือง กรุงเทพมหานคร 10210 ประเทศไทย,สนามบิน,ดอนเมือง,กรุงเทพมหานคร,2022-09-09 15:49:06.007303,เสร็จสิ้น,4.0,0,2022-09-09 19:42:43.774529,38.0,234.0,234.0,2022-09-09 16:27:00.401880,2022-09-09 19:42:43.778894,222544,{ขอความช่วยเหลือ},13.95192,100.61918,3.9,0.6333333333333333,3.9,Transient Surcharge Candidate
2022-3YGW7B,น้ำท่วม,"เพื่อนชัชชาติ, กรุงเทพมหานคร, เขตห้วยขวาง, ฝ่ายโยธา เขตห้วยขวาง, ผอ.เขตห้วยขวาง (นายไพฑูรย์), กลุ่มกรุงเทพกลาง (นายสุขสันต์ กิตติศุภกร)","ฝ่ายโยธา เขตห้วยขวาง, เขตห้วยขวาง, กลุ่มกรุงเทพกลาง (นายสุขสันต์ กิตติศุภกร), ผอ.เขตห้วยขวาง (นายไพฑูรย์), กรุงเทพมหานคร, เพื่อนชัชชาติ",น้ำท่วม,"100.58787,13.78681",https://storage.googleapis.com/traffy_public_bucket/attachment/2022-09/7cbe7c97b7890b28fe4d5f293c081e6cb3449222.jpg,https://storage.googleapis.com/traffy_public_bucket/attachment/2022-09/a1b960daf5e98dc9ae11eca40116e45c59cb8121.jpg,20 ซอย 20 มิถุนา แยก 3 แขวง สามเสนนอก เขตห้วยขวาง กรุงเทพมหานคร 10310 ประเทศไทย,สามเสนนอก,ห้วยขวาง,กรุงเทพมหานคร,2022-09-09 12:43:51.276469,เสร็จสิ้น,,0,2022-09-09 18:07:47.59828,29.0,324.0,324.0,2022-09-09 13:12:05.066407,2022-09-09 18:07:47.602124,222371,{น้ำท่วม},13.78681,100.58787,5.4,0.48333333333333334,5.4,Transient Surcharge Candidate
2022-7XBEMZ,ขยะ,"เพื่อนชัชชาติ, เขตบางเขน, กรุงเทพมหานคร, ผอ.เขตบางเขน (น.ส.อัญชนา), กลุ่มกรุงเทพเหนือ (นางวันทนีย์ วัฒนะ)","เขตบางเขน, กลุ่มกรุงเทพเหนือ (นางวันทนีย์ วัฒนะ), ผอ.เขตบางเขน (น.ส.อัญชนา), กรุงเทพมหานคร, เพื่อนชัชชาติ",ขยะเต็มไปหมดในซอยรามอินทรา 23 และซอยย่อย 16 หลังน้ำท่วมลด แต่ถ้าฝนตกซ้ำขยะจะกลับมาปิดท่อทำให้ตันและท่วมเหมือนเดิม,"100.62141,13.86806",https://storage.googleapis.com/traffy_public_bucket/attachment/2022-09/63bda74b6bd335c4d298ba34aa48b7ab701696fa.jpg,https://storage.googleapis.com/traffy_public_bucket/attachment/2022-09/634daf9bf3e9d3af31d700e3a76793006edfc2af.jpg,101 ซอย รามอินทรา 21 แยก 16 แขวง อนุสาวรีย์ เขตบางเขน กรุงเทพมหานคร 10220 ประเทศไทย,อนุสาวรีย์,บางเขน,กรุงเทพมหานคร,2022-09-09 10:47:50.701632,เสร็จสิ้น,4.0,0,2022-09-09 19:59:04.393552,59.0,552.0,552.0,2022-09-09 11:46:41.023399,2022-09-09 19:59:04.397511,222212,{ขยะ},13.86806,100.62141,9.2,0.9833333333333333,9.2,Transient Surcharge Candidate
2022-7NKTYF,ทางเท้า,"กรุงเทพมหานคร, เขตราษฎร์บูรณะ, เพื่อนชัชชาติ, ผอ.เขตราษฎร์บูรณะ (นายดลจิตร์), กลุ่มกรุงธนใต้ (นายเฉลิมพล โชตินุชิต)","เขตราษฎร์บูรณะ, กลุ่มกรุงธนใต้ (นายเฉลิมพล โชตินุชิต), ผอ.เขตราษฎร์บูรณะ (นายดลจิตร์), เพื่อนชัชชาติ, กรุงเทพมหานคร","อยากให้แก้ไขบริเวณช่วงทางเดินที่เมื่อฝนตกจะเกิดภาวะน้ำท่วมกักขัง ทำให้ต้องประชาชนและนักเรียนต้องหลบเลี่ยงลงไปเดินริมถนน เสี่ยงต่อการเกิดอุบัติเหตุ และอันตรายจากการถูกรถเฉี่ยวชน
บริเวณช่วงทางเดินจากหน้าวิทยาลัยพณิชยการเชตุพนไปหน้าปากซอยประชาอุทิศ 4  (หน้าพื้นที่ก่อสร้าง)","100.50468,13.66821",https://storage.googleapis.com/traffy_public_bucket/attachment/2022-09/c17f351058c14596c63c2eb49029f5ecf6534caf.jpg,https://storage.googleapis.com/traffy_public_bucket/attachment/2022-09/f37e73fb67b640889cc8da8ed1354c666f36b5da.jpg,415/7 ถ. ประชาอุทิศ แขวง ราษฎร์บูรณะ เขตราษฎร์บูรณะ กรุงเทพมหานคร 10140 ประเทศไทย,ราษฎร์บูรณะ,ราษฎร์บูรณะ,กรุงเทพมหานคร,2022-09-08 22:32:02.998826,เสร็จสิ้น,,0,2022-09-09 08:11:46.732294,524.0,580.0,580.0,2022-09-09 07:15:21.790190,2022-09-09 08:11:46.737314,221751,{ทางเท้า},13.66821,100.50468,9.666666666666666,8.733333333333333,9.666666666666666,Transient Surcharge Candidate
2022-9DKBNM,น้ำท่วม,"เพื่อนชัชชาติ, กรุงเทพมหานคร, เขตบางรัก, สน.ยานนาวา, กองบังคับการตำรวจนครบาล 6 (บก.น.6), ผอ.เขตบางรัก (ผอ.ธราพร ), กลุ่มกรุงเทพใต้ (นายชาตรี วัฒนเขจร), กองบัญชาการตำรวจนครบาล (บช.น.), สำนักงานตำรวจแห่งชาติ (Royal Thai Police)","สน.ยานนาวา, เขตบางรัก, สำนักงานตำรวจแห่งชาติ (Royal Thai Police), กองบัญชาการตำรวจนครบาล (บช.น.), กลุ่มกรุงเทพใต้ (นายชาตรี วัฒนเขจร), ผอ.เขตบางรัก (ผอ.ธราพร ), กองบังคับการตำรวจนครบาล 6 (บก.น.6), กรุงเทพมหานคร, เพื่อนชัชชาติ",ถนนสาทรเหนือ รถติดมากค่ะ จากแยกเจริญราษฎร์-สาทร มาสาทร 12 ใช้เวลา 1.5 ชม,"100.52493,13.72067",https://storage.googleapis.com/traffy_public_bucket/attachment/2022-09/ed05ef6e0b4007c875f60cd9ba97ef7dde4a2be6.jpg,https://storage.googleapis.com/traffy_public_bucket/attachment/2022-09/51d85e8a6d938b401a0f4be9dc9edcf3c11607bb.jpg,10 ถนนสาธรเหนือ แขวงสีลม เขตบางรัก กรุงเทพมหานคร 10500 แขวง สีลม เขตบางรัก กรุงเทพมหานคร 10500 ประเทศไทย,สีลม,บางรัก,กรุงเทพมหานคร,2022-09-08 20:38:13.603989,เสร็จสิ้น,,0,2023-02-07 11:42:55.687805,,697.0,697.0,,2022-09-09 08:15:06.119735,221645,{น้ำท่วม},13.72067,100.52493,11.616666666666667,,11.616666666666667,Transient Surcharge Candidate
2022-3GREET,น้ำท่วม,"เพื่อนชัชชาติ, กรุงเทพมหานคร, เขตบางกะปิ, ฝ่ายโยธา เขตบางกะปิ, ผอ.เขตบางกะปิ (นายไพรัตน์), กลุ่มกรุงเทพตะวันออก (นายณรงค์ เรืองศรี)","ฝ่ายโยธา เขตบางกะปิ, เขตบางกะปิ, กลุ่มกรุงเทพตะวันออก (นายณรงค์ เรืองศรี), ผอ.เขตบางกะปิ (นายไพรัตน์), กรุงเทพมหานคร, เพื่อนชัชชาติ",ดิน เศษขยะบังฝาท่อ น้ำจะไหลได้ยังไงคะ,"100.65033,13.77467",https://storage.googleapis.com/traffy_public_bucket/attachment/2022-09/ae195577e2caceb979a1e32d0e1a4de4c1b6b652.jpg,https://storage.googleapis.com/traffy_public_bucket/attachment/2022-10/2734e4dbaf5685f5fb571e5939fab97fe54df453.jpg,เลขที่ 16/176 คลองจั่น แขวง คลองจั่น เขตบางกะปิ กรุงเทพมหานคร 10240 ประเทศไทย,คลองจั่น,บางกะปิ,กรุงเทพมหานคร,2022-09-08 18:00:39.902412,เสร็จสิ้น,,0,2023-02-03 15:53:07.783453,258.0,,258.0,2022-09-08 22:17:55.502718,,221424,{น้ำท่วม},13.77467,100.65033,4.3,4.3,,Transient Surcharge Candidate
2022-8VV73M,อื่นๆ,"เพื่อนชัชชาติ, เขตบางเขน, กรุงเทพมหานคร, ผอ.เขตบางเขน (น.ส.อัญชนา), กลุ่มกรุงเทพเหนือ (นางวันทนีย์ วัฒนะ)","เขตบางเขน, กลุ่มกรุงเทพเหนือ (นางวันทนีย์ วัฒนะ), ผอ.เขตบางเขน (น.ส.อัญชนา), กรุงเทพมหานคร, เพื่อนชัชชาติ",น้ำท่วมซอยรามอินทรา19 ขอรถรับส่งเข้าบ้านด้วย,"100.61655,13.86334",https://storage.googleapis.com/traffy_public_bucket/attachment/2022-09/8f321f147950492c0506cdc2def247a8b676890e.jpg,https://storage.googleapis.com/traffy_public_bucket/attachment/2022-09/7a612860f3ef70088d350b642fddc752c99d5c79.jpg,44 588 ถ. รามอินทรา แขวง อนุสาวรีย์ เขตบางเขน กรุงเทพมหานคร 10220 ประเทศไทย,อนุสาวรีย์,บางเขน,กรุงเทพมหานคร,2022-09-08 17:23:11.254702,เสร็จสิ้น,5.0,0,2022-09-08 17:50:36.093575,21.0,28.0,28.0,2022-09-08 17:43:27.624025,2022-09-08 17:50:36.097542,221357,{อื่นๆ},13.86334,100.61655,0.4666666666666667,0.35,0.4666666666666667,Transient Surcharge Candidate
2022-P23ZH4,อื่นๆ,"เพื่อนชัชชาติ, เขตสายไหม, กรุงเทพมหานคร, ฝ่ายโยธา เขตสายไหม, กลุ่มงานระบายน้ำ V.2 เขตสายไหม, ผอ.เขตสายไหม (นายสมบัติ), กลุ่มกรุงเทพเหนือ (นางวันทนีย์ วัฒนะ)","ฝ่ายโยธา เขตสายไหม, เขตสายไหม, กลุ่มกรุงเทพเหนือ (นางวันทนีย์ วัฒนะ), ผอ.เขตสายไหม (นายสมบัติ), กรุงเทพมหานคร, เพื่อนชัชชาติ",น้ำท่วมครับ,"100.64372,13.88378",https://storage.googleapis.com/traffy_public_bucket/attachment/2022-09/fe37f72444230f4c9b20f969abdd110e5f14b62b.jpg,https://storage.googleapis.com/traffy_public_bucket/attachment/2022-09/0d3837d9ef7b220c68fcde43611e9f38bcbb8686.jpg,67/26 Vacharaphol Rd แขวง คลองถนน เขตสายไหม กรุงเทพมหานคร 10220 ประเทศไทย,คลองถนน,สายไหม,กรุงเทพมหานคร,2022-09-08 12:54:43.222241,เสร็จสิ้น,,0,2022-09-08 14:15:52.363976,34.0,82.0,82.0,2022-09-08 13:27:51.331722,2022-09-08 14:15:52.367605,220903,{อื่นๆ},13.88378,100.64372,1.3666666666666667,0.5666666666666667,1.3666666666666667,Transient Surcharge Candidate
2022-KMLY28,อื่นๆ,"เพื่อนชัชชาติ, เขตสายไหม, กรุงเทพมหานคร, ฝ่ายโยธา เขตสายไหม, กลุ่มงานระบายน้ำ V.2 เขตสายไหม, ผอ.เขตสายไหม (นายสมบัติ), กลุ่มกรุงเทพเหนือ (นางวันทนีย์ วัฒนะ)","ฝ่ายโยธา เขตสายไหม, เขตสายไหม, กลุ่มกรุงเทพเหนือ (นางวันทนีย์ วัฒนะ), ผอ.เขตสายไหม (นายสมบัติ), กรุงเทพมหานคร, เพื่อนชัชชาติ",น้ำท่วมแล้วครับ,"100.64372,13.88378",https://storage.googleapis.com/traffy_public_bucket/attachment/2022-09/947119f050e51e7ede1be0e24fedd981c1236015.jpg,https://storage.googleapis.com/traffy_public_bucket/attachment/2022-09/3af80ed0f59762e20ec5e71bb9340e2bb2c975c2.jpg,67/26 Vacharaphol Rd แขวง คลองถนน เขตสายไหม กรุงเทพมหานคร 10220 ประเทศไทย,คลองถนน,สายไหม,กรุงเทพมหานคร,2022-09-08 12:37:48.909397,เสร็จสิ้น,,0,2022-09-08 14:18:14.647668,52.0,101.0,101.0,2022-09-08 13:28:49.841025,2022-09-08 14:18:14.651602,220882,{อื่นๆ},13.88378,100.64372,1.6833333333333333,0.8666666666666667,1.6833333333333333,Transient Surcharge Candidate
2022-DR88W8,อื่นๆ,"เพื่อนชัชชาติ, เขตสายไหม, กรุงเทพมหานคร, ฝ่ายโยธา เขตสายไหม, กลุ่มงานระบายน้ำ V.2 เขตสายไหม, ผอ.เขตสายไหม (นายสมบัติ), กลุ่มกรุงเทพเหนือ (นางวันทนีย์ วัฒนะ)","เขตสายไหม, ฝ่ายโยธา เขตสายไหม, กลุ่มกรุงเทพเหนือ (นางวันทนีย์ วัฒนะ), ผอ.เขตสายไหม (นายสมบัติ), กรุงเทพมหานคร, เพื่อนชัชชาติ",น้ำท่วมทางสัญจร,"100.68351,13.92648",https://storage.googleapis.com/traffy_public_bucket/attachment/2022-09/64ec0047ff9758a628c100c4f8c68cbf3ed1fe10.jpg,https://storage.googleapis.com/traffy_public_bucket/attachment/2022-09/233c358f3d8d89ba40acff61877deae38f479e99.jpg,เลขที่ 21/20 หมู่ 1 แขวง สายไหม เขตสายไหม กรุงเทพมหานคร 10220 ประเทศไทย,สายไหม,สายไหม,กรุงเทพมหานคร,2022-09-08 12:17:26.264802,เสร็จสิ้น,4.0,0,2022-09-08 14:26:57.467768,76.0,130.0,130.0,2022-09-08 13:32:53.453180,2022-09-08 14:26:58.406060,220859,{อื่นๆ},13.92648,100.68351,2.1666666666666665,1.2666666666666666,2.1666666666666665,Transient Surcharge Candidate
2022-8MB8WT,อื่นๆ,"กรุงเทพมหานคร, เขตบางบอน, เพื่อนชัชชาติ, ฝ่ายโยธา เขตบางบอน, ผอ.เขตบางบอน (นางทวีพร), กลุ่มกรุงธนใต้ (นายเฉลิมพล โชตินุชิต)","ฝ่ายโยธา เขตบางบอน, เขตบางบอน, กลุ่มกรุงธนใต้ (นายเฉลิมพล โชตินุชิต), ผอ.เขตบางบอน (นางทวีพร), เพื่อนชัชชาติ, กรุงเทพมหานคร","ท่อน้ำทิ้งอุดตัน 
น้ำท่วมขังตลอดทุกวัน","100.42145,13.67231",https://storage.googleapis.com/traffy_public_bucket/attachment/2022-09/7f2ddaec5ef5228e95d79fbb4b804264d2beb1f9.jpg,https://storage.googleapis.com/traffy_public_bucket/attachment/2022-09/a3e513ecadb6fe1fdc8f019044fbe2be0766ebd5.jpg,184 ถ. เอกชัย บางบอนเหนือ เขตบางบอน กรุงเทพมหานคร 10150 ประเทศไทย,คลองบางพราน,บางบอน,กรุงเทพมหานคร,2022-09-08 11:21:24.644403,เสร็จสิ้น,5.0,1,2022-09-08 14:20:40.169461,72.0,180.0,180.0,2022-09-08 12:32:53.037760,2022-09-08 14:20:40.173008,220765,{อื่นๆ},13.67231,100.42145,3.0,1.2,3.0,Transient Surcharge Candidate
2022-4YZV9Y,น้ำท่วม,"เพื่อนชัชชาติ, เขตลาดกระบัง, กรุงเทพมหานคร, ผอ.เขตลาดกระบัง (นายธนะสิทธิ์), กลุ่มกรุงเทพตะวันออก (นายณรงค์ เรืองศรี)","เขตลาดกระบัง, กลุ่มกรุงเทพตะวันออก (นายณรงค์ เรืองศรี), ผอ.เขตลาดกระบัง (นายธนะสิทธิ์), กรุงเทพมหานคร, เพื่อนชัชชาติ",น้ำท่วมครับ,"100.78279,13.72006",https://storage.googleapis.com/traffy_public_bucket/attachment/2022-09/b4da221dc4c2132fa5bf2b466a5b85649be7c9ca.jpg,https://storage.googleapis.com/traffy_public_bucket/attachment/2022-09/0637f9b945221acb60b9f7735355b8680bd7d1ec.jpg,118 ลาดกระบัง 52 แยก 4 แขวง ลาดกระบัง เขตลาดกระบัง กรุงเทพมหานคร 10520 ประเทศไทย,ลาดกระบัง,ลาดกระบัง,กรุงเทพมหานคร,2022-09-08 09:55:55.660804,เสร็จสิ้น,,0,2023-08-31 09:29:00.282871,70.0,208.0,208.0,2022-09-08 11:05:04.585381,2022-09-08 13:23:14.447615,220590,{น้ำท่วม},13.72006,100.78279,3.466666666666667,1.1666666666666667,3.466666666666667,Transient Surcharge Candidate
2022-A69KDP,น้ำท่วม,"เพื่อนชัชชาติ, เขตประเวศ, กรุงเทพมหานคร, ฝ่ายโยธา เขตประเวศ, ผอ.เขตประเวศ (นายดิชา), กลุ่มกรุงเทพตะวันออก (นายณรงค์ เรืองศรี)","เขตประเวศ, ฝ่ายโยธา เขตประเวศ, กลุ่มกรุงเทพตะวันออก (นายณรงค์ เรืองศรี), ผอ.เขตประเวศ (นายดิชา), กรุงเทพมหานคร, เพื่อนชัชชาติ",นำ้ท่วมบ้านแล้ว สูบนำ้หน่อยเถอะคนับ,"100.67459,13.70995",https://storage.googleapis.com/traffy_public_bucket/attachment/2022-09/aa4b5d8c584c493bb2ccc4cde70230b54379e3cc.jpg,https://storage.googleapis.com/traffy_public_bucket/attachment/2022-11/dc922f1692af2ff316792aa37875dc497cea7a7b.jpg,55 ซอย สุขุมวิท 77 แขวง ประเวศ เขต ประเวศ กรุงเทพมหานคร 10250 ประเทศไทย,ประเวศ,ประเวศ,กรุงเทพมหานคร,2022-09-08 08:11:14.917777,เสร็จสิ้น,,0,2022-11-03 15:48:21.005885,48.0,,48.0,2022-09-08 08:58:43.159819,,220374,{น้ำท่วม},13.70995,100.67459,0.8,0.8,,Transient Surcharge Candidate
2022-FQRAQQ,อื่นๆ,"เพื่อนชัชชาติ, กรุงเทพมหานคร, เขตมีนบุรี, ฝ่ายโยธา เขตมีนบุรี, ผอ.เขตมีนบุรี (นายศักดิ์ชัย), กลุ่มกรุงเทพตะวันออก (นายณรงค์ เรืองศรี)","ฝ่ายโยธา เขตมีนบุรี, เขตมีนบุรี, กลุ่มกรุงเทพตะวันออก (นายณรงค์ เรืองศรี), ผอ.เขตมีนบุรี (นายศักดิ์ชัย), กรุงเทพมหานคร, เพื่อนชัชชาติ",น้ำท่วมซอยรามคำแหง164 น้ำไม่เคยท่วมซอยนี้มาตั้งแต่ปี 2554 ครับ,"100.70956,13.79613",https://storage.googleapis.com/traffy_public_bucket/attachment/2022-09/3863fba06d167f9d75ef096ac17c27cb8a84c9aa.jpg,https://storage.googleapis.com/traffy_public_bucket/attachment/2022-09/5e4a1e6ccb77886dbb95440f2ba5f723a60280c6.jpg,82/252 ซอยรามคำแหง 164 ถนนรามคำแหง แขวงมีนบุรี เขตมีนบุรี กรุงเทพมหานคร 10510 มีนบุรี กรุงเทพมหานคร 10510 ประเทศไทย,มีนบุรี,มีนบุรี,กรุงเทพมหานคร,2022-09-08 07:05:34.465074,เสร็จสิ้น,5.0,0,2022-09-08 09:50:28.946765,162.0,165.0,165.0,2022-09-08 09:47:14.556902,2022-09-08 09:50:28.951087,220275,{อื่นๆ},13.79613,100.70956,2.75,2.7,2.75,Transient Surcharge Candidate
2022-73DMQV,น้ำท่วม,"เพื่อนชัชชาติ, เขตจตุจักร, กรุงเทพมหานคร, ฝ่ายโยธา เขตจตุจักร, ผอ.เขตจตุจักร (นางสาวภัทร์กร), กลุ่มกรุงเทพเหนือ (นางวันทนีย์ วัฒนะ)","เขตจตุจักร, กลุ่มกรุงเทพเหนือ (นางวันทนีย์ วัฒนะ), ผอ.เขตจตุจักร (นางสาวภัทร์กร), ฝ่ายโยธา เขตจตุจักร, กรุงเทพมหานคร, เพื่อนชัชชาติ",น้ำท่วมบริเวณหน้าบ้านเริ่มมีกลิ่นละครับ,"100.54327,13.83157",https://storage.googleapis.com/traffy_public_bucket/attachment/2022-09/9996e231fe024dea30db2e87cb2b4948c944b31d.jpg,https://storage.googleapis.com/traffy_public_bucket/attachment/2022-09/ca2688ab646eab6310240ce36852cf5389d24752.jpg,82/689 ถนน รัชดาภิเษก แขวง ลาดยาว เขตจตุจักร กรุงเทพมหานคร 10900 ประเทศไทย,ลาดยาว,จตุจักร,กรุงเทพมหานคร,2022-09-07 23:52:38.720277,เสร็จสิ้น,5.0,0,2023-02-14 13:01:31.244762,316.0,329.0,329.0,2022-09-08 05:08:08.706823,2022-09-08 05:20:41.860074,220172,{น้ำท่วม},13.83157,100.54327,5.483333333333333,5.266666666666667,5.483333333333333,Transient Surcharge Candidate
2022-DLPWWD,น้ำท่วม,"เพื่อนชัชชาติ, กรุงเทพมหานคร, เขตมีนบุรี, ฝ่ายโยธา เขตมีนบุรี, ผอ.เขตมีนบุรี (นายศักดิ์ชัย), กลุ่มกรุงเทพตะวันออก (นายณรงค์ เรืองศรี)","ฝ่ายโยธา เขตมีนบุรี, เขตมีนบุรี, กลุ่มกรุงเทพตะวันออก (นายณรงค์ เรืองศรี), ผอ.เขตมีนบุรี (นายศักดิ์ชัย), กรุงเทพมหานคร, เพื่อนชัชชาติ",ซอยสีหบุรานุกิจ 8 มีนบุรี,"100.72088,13.81126",https://storage.googleapis.com/traffy_public_bucket/attachment/2022-09/02fb63181be29dcb04aa3ac620beadbada994c7a.jpg,https://storage.googleapis.com/traffy_public_bucket/attachment/2022-09/75778eb1043856954676f7d176c1033a40784722.jpg,13 ซอย ชมทรัพย์ มีนบุรี กรุงเทพมหานคร 10510 ประเทศไทย,มีนบุรี,มีนบุรี,กรุงเทพมหานคร,2022-09-07 23:25:17.935415,เสร็จสิ้น,5.0,0,2022-09-08 09:55:18.631381,5.0,631.0,631.0,2022-09-07 23:29:52.332203,2022-09-08 09:55:18.636301,220164,{น้ำท่วม},13.81126,100.72088,10.516666666666667,0.08333333333333333,10.516666666666667,Transient Surcharge Candidate
2022-9FM7QG,น้ำท่วม,"เพื่อนชัชชาติ, กรุงเทพมหานคร, เขตวังทองหลาง, ผอ.เขตวังทองหลาง (นายโครงการ), กลุ่มกรุงเทพกลาง (นายสุขสันต์ กิตติศุภกร)","เขตวังทองหลาง, กลุ่มกรุงเทพกลาง (นายสุขสันต์ กิตติศุภกร), ผอ.เขตวังทองหลาง (นายโครงการ), กรุงเทพมหานคร, เพื่อนชัชชาติ",น้ำท่วมสูงในซอยลาดพร้าว64ครับ,"100.59873,13.78481",https://storage.googleapis.com/traffy_public_bucket/attachment/2022-09/586fe0e5d86c874552285e0acdc750353699b4e9.jpg,https://storage.googleapis.com/traffy_public_bucket/attachment/2022-09/66da0757ada6501806a90f9de163c4f00afb4490.jpg,3 ลาดพร้าว 80 แยก 14 แขวงวังทองหลาง เขตวังทองหลาง กทม. แขวง วังทองหลาง เขตวังทองหลาง กรุงเทพมหานคร 10310 ประเทศไทย,วังทองหลาง,วังทองหลาง,กรุงเทพมหานคร,2022-09-07 23:00:26.809311,เสร็จสิ้น,5.0,0,2022-09-08 10:03:20.593833,,663.0,663.0,,2022-09-08 10:03:20.597608,220154,{น้ำท่วม},13.78481,100.59873,11.05,,11.05,Transient Surcharge Candidate
2022-3EUK6M,น้ำท่วม,"เพื่อนชัชชาติ, กรุงเทพมหานคร, เขตวังทองหลาง, ผอ.เขตวังทองหลาง (นายโครงการ), กลุ่มกรุงเทพกลาง (นายสุขสันต์ กิตติศุภกร)","เขตวังทองหลาง, กลุ่มกรุงเทพกลาง (นายสุขสันต์ กิตติศุภกร), ผอ.เขตวังทองหลาง (นายโครงการ), กรุงเทพมหานคร, เพื่อนชัชชาติ",น้ำท่วมขัง,"100.61173,13.76689",https://storage.googleapis.com/traffy_public_bucket/attachment/2022-09/6d38b37d8c7f4906334245b84f4aef11f2dd7705.jpg,https://storage.googleapis.com/traffy_public_bucket/attachment/2022-09/f2a144b526799991ca801fd4f378807d2ea4518e.jpg,429 ซอย พระยาประเสริฐ แขวง พลับพลา เขตวังทองหลาง กรุงเทพมหานคร 10310 ประเทศไทย,พลับพลา,วังทองหลาง,กรุงเทพมหานคร,2022-09-07 22:45:12.441644,เสร็จสิ้น,,0,2022-09-08 10:09:33.769244,,685.0,685.0,,2022-09-08 10:09:34.606271,220145,{น้ำท่วม},13.76689,100.61173,11.416666666666666,,11.416666666666666,Transient Surcharge Candidate
2022-K9GT9D,อื่นๆ,"เพื่อนชัชชาติ, กรุงเทพมหานคร, เขตมีนบุรี, ฝ่ายโยธา เขตมีนบุรี, ผอ.เขตมีนบุรี (นายศักดิ์ชัย), กลุ่มกรุงเทพตะวันออก (นายณรงค์ เรืองศรี)","ฝ่ายโยธา เขตมีนบุรี, เขตมีนบุรี, กลุ่มกรุงเทพตะวันออก (นายณรงค์ เรืองศรี), ผอ.เขตมีนบุรี (นายศักดิ์ชัย), กรุงเทพมหานคร, เพื่อนชัชชาติ","น้ำท่วมขัง ถนนถนนสีหบุรานุกิจ
เขตมีนบุรี","100.72385,13.81371",https://storage.googleapis.com/traffy_public_bucket/attachment/2022-09/be0b68f423f0f5b2339fcdb79a450d71a871f7f2.jpg,https://storage.googleapis.com/traffy_public_bucket/attachment/2022-09/5e46305a17e1df18d37718931c9fef1527018af4.jpg,40 สีหบุรานุกิจ 7 มีนบุรี กรุงเทพมหานคร 10510 ประเทศไทย,มีนบุรี,มีนบุรี,กรุงเทพมหานคร,2022-09-07 22:39:34.069991,เสร็จสิ้น,5.0,0,2022-09-08 09:51:40.952766,24.0,673.0,673.0,2022-09-07 23:02:59.974170,2022-09-08 09:51:40.956081,220142,{อื่นๆ},13.81371,100.72385,11.216666666666667,0.4,11.216666666666667,Transient Surcharge Candidate
2022-EF2GR8,น้ำท่วม,"เพื่อนชัชชาติ, กรุงเทพมหานคร, เขตมีนบุรี, ฝ่ายโยธา เขตมีนบุรี, ผอ.เขตมีนบุรี (นายศักดิ์ชัย), กลุ่มกรุงเทพตะวันออก (นายณรงค์ เรืองศรี)","ฝ่ายโยธา เขตมีนบุรี, เขตมีนบุรี, กลุ่มกรุงเทพตะวันออก (นายณรงค์ เรืองศรี), ผอ.เขตมีนบุรี (นายศักดิ์ชัย), กรุงเทพมหานคร, เพื่อนชัชชาติ",รามคำแหง ซอย166 ฝนหยุดแล้วแต่น้ำยังท่วมขังเกือบทั้งเส้น,"100.71246,13.79545",https://storage.googleapis.com/traffy_public_bucket/attachment/2022-09/5c43cbcf17c3ee1a2668fc16d82deabd91337673.jpg,https://storage.googleapis.com/traffy_public_bucket/attachment/2022-09/356bfa91881888034839d0962978a32e64d6fc46.jpg,เลขที่ 393 หมู่ - หมู่บ้าน ธรากร ซอย รามคำแหง 166 มีนบุรี กรุงเทพมหานคร 10510 ประเทศไทย,มีนบุรี,มีนบุรี,กรุงเทพมหานคร,2022-09-07 22:11:46.110444,เสร็จสิ้น,5.0,0,2022-09-08 09:52:35.739267,21.0,701.0,701.0,2022-09-07 22:32:28.185164,2022-09-08 09:52:35.742987,220121,{น้ำท่วม},13.79545,100.71246,11.683333333333334,0.35,11.683333333333334,Transient Surcharge Candidate
2022-A8HLPL,น้ำท่วม,"กรุงเทพมหานคร, เพื่อนชัชชาติ, เขตหลักสี่, ผอ.เขตหลักสี่ (นางสมฤดี), กลุ่มกรุงเทพเหนือ (นางวันทนีย์ วัฒนะ)","เขตหลักสี่, กลุ่มกรุงเทพเหนือ (นางวันทนีย์ วัฒนะ), ผอ.เขตหลักสี่ (นางสมฤดี), เพื่อนชัชชาติ, กรุงเทพมหานคร",บ้านติดท่าน้ำคลองลาดโตนดค่ะ น้ำระบายไม่ทัน ดันเข้ามาหลังบ้าน ปริ่มแล้วค่ะ ขอช่วยดูหน่อยค่ะ,"100.56083,13.86083",https://storage.googleapis.com/traffy_public_bucket/attachment/2022-09/af6905b04212297692066d6284d86388f43484a3.jpg,https://storage.googleapis.com/traffy_public_bucket/attachment/2022-09/813a18a184586666346bb26bd53145aa2fd10378.jpg,34/41 ซอย ชินเขต 2 แขวง ทุ่งสองห้อง เขต หลักสี่ กรุงเทพมหานคร 10210 ประเทศไทย,ทุ่งสองห้อง,หลักสี่,กรุงเทพมหานคร,2022-09-07 13:33:22.499058,เสร็จสิ้น,1.0,0,2022-09-07 14:14:25.737813,,42.0,42.0,,2022-09-07 14:14:25.741378,219285,{อื่นๆ},13.86083,100.56083,0.7,,0.7,Hydraulic Capacity Surcharge
2022-3FPGRG,อื่นๆ,"เพื่อนชัชชาติ, เขตลาดกระบัง, กรุงเทพมหานคร, กรมทางหลวง, ผอ.เขตลาดกระบัง (นายธนะสิทธิ์), กลุ่มกรุงเทพตะวันออก (นายณรงค์ เรืองศรี)","กรมทางหลวง, เขตลาดกระบัง, กลุ่มกรุงเทพตะวันออก (นายณรงค์ เรืองศรี), ผอ.เขตลาดกระบัง (นายธนะสิทธิ์), กรุงเทพมหานคร, เพื่อนชัชชาติ",ต่อเนื่องจาก 2022-DC4MY9 มีน้ำท่วมขังหากจากจุดเดิมประมาณ 50 เมตรรถติดยาวหลายกิโลเมตรครับเมื่อเช้า,"100.76021,13.72904",https://storage.googleapis.com/traffy_public_bucket/attachment/2022-09/00bd774ef3b290ada621c84f8b5452c28d87a008.jpg,https://storage.googleapis.com/traffy_public_bucket/attachment/2022-09/7788438c878b8f14a17e6f6b42809954367102a2.jpg,ทางหลวงพิเศษหมายเลข ทางคู่ขนาน 7 แขวง คลองสามประเวศ เขตลาดกระบัง กรุงเทพมหานคร 10520 ประเทศไทย,คลองสามประเวศ,ลาดกระบัง,กรุงเทพมหานคร,2022-09-07 12:37:45.624643,เสร็จสิ้น,,0,2023-08-31 09:15:07.936621,,114.0,114.0,,2022-09-07 14:31:08.549268,219162,{อื่นๆ},13.72904,100.76021,1.9,,1.9,Transient Surcharge Candidate
2022-PBRU6H,อื่นๆ,"กรุงเทพมหานคร, เขตสายไหม, เพื่อนชัชชาติ, ฝ่ายโยธา เขตสายไหม, ผอ.เขตสายไหม (นายสมบัติ), กลุ่มกรุงเทพเหนือ (นางวันทนีย์ วัฒนะ)","ฝ่ายโยธา เขตสายไหม, เขตสายไหม, กลุ่มกรุงเทพเหนือ (นางวันทนีย์ วัฒนะ), ผอ.เขตสายไหม (นายสมบัติ), เพื่อนชัชชาติ, กรุงเทพมหานคร",น้ำท่วมวัดค่ะสูงมากค่ะ,"100.62095,13.89340",https://storage.googleapis.com/traffy_public_bucket/attachment/2022-09/58d4f9e73a068f76aff7173e0b2513fcb643998c.jpg,https://storage.googleapis.com/traffy_public_bucket/attachment/2022-09/3c8aeac18703bece8aedbe16e2a2f607d17efcb0.jpg,25 ถนน พหลโยธิน 52 แยก 11-4-1 แขวง คลองถนน เขตสายไหม กรุงเทพมหานคร 10220 ประเทศไทย,คลองถนน,สายไหม,กรุงเทพมหานคร,2022-09-07 10:58:37.416036,เสร็จสิ้น,5.0,0,2022-09-07 16:28:11.580233,293.0,330.0,330.0,2022-09-07 15:50:47.422555,2022-09-07 16:28:11.583732,219016,{อื่นๆ},13.8934,100.62095,5.5,4.883333333333334,5.5,Transient Surcharge Candidate
2022-4P3BPZ,อื่นๆ,"เพื่อนชัชชาติ, เขตสายไหม, กรุงเทพมหานคร, ฝ่ายโยธา เขตสายไหม, ผอ.เขตสายไหม (นายสมบัติ), กลุ่มกรุงเทพเหนือ (นางวันทนีย์ วัฒนะ)","ฝ่ายโยธา เขตสายไหม, เขตสายไหม, กลุ่มกรุงเทพเหนือ (นางวันทนีย์ วัฒนะ), ผอ.เขตสายไหม (นายสมบัติ), กรุงเทพมหานคร, เพื่อนชัชชาติ",ระดับน้ำโดยรวมรถลงแล้ว แต่ยังคงมีน้ำท่วมขังบริเวณหน้าหมู่บ้านที่เป็นพื้นที่ต่ำกว่าพื้นที่อื่นๆใกล้เคียง หากวันนี้มีฝนตกลงมาเพิ่มเติม คาดว่าน่าจะมีการท่วมขังของน้ำเช่นเดิมอีกค่ะ,"100.63997,13.89282",https://storage.googleapis.com/traffy_public_bucket/attachment/2022-09/86650d1a3d36ff1f75da42ceec1a0acc6389d9ae.jpg,https://storage.googleapis.com/traffy_public_bucket/attachment/2022-09/0cba6cd8a4d39e46f31fd1bd2325db0521f2d860.jpg,29 ถ. วัชรพล แขวง คลองถนน เขตสายไหม กรุงเทพมหานคร 10220 ประเทศไทย,คลองถนน,สายไหม,กรุงเทพมหานคร,2022-09-07 10:04:25.052251,เสร็จสิ้น,5.0,0,2022-09-07 16:47:19.670539,357.0,403.0,403.0,2022-09-07 16:01:09.910934,2022-09-07 16:47:20.611879,218890,{อื่นๆ},13.89282,100.63997,6.716666666666667,5.95,6.716666666666667,Transient Surcharge Candidate
2022-MXMRVA,น้ำท่วม,"กรุงเทพมหานคร, เขตวังทองหลาง, เพื่อนชัชชาติ, ผอ.เขตวังทองหลาง (นายโครงการ), กลุ่มกรุงเทพกลาง (นายสุขสันต์ กิตติศุภกร)","เขตวังทองหลาง, กลุ่มกรุงเทพกลาง (นายสุขสันต์ กิตติศุภกร), ผอ.เขตวังทองหลาง (นายโครงการ), เพื่อนชัชชาติ, กรุงเทพมหานคร","#ขอบคุณ กทม. ค่ะเมื่อคืนฝนตกหนักมากและยาวนาน
แต่น้ำระบายเร็วมากนะคะ ไม่ท่วมเหมือนเคย

ขอบคุณและส่งกำลังใจให้นะคะ","100.59756,13.77827",https://storage.googleapis.com/traffy_public_bucket/attachment/2022-09/747a6b9f5507907a7e081d079dcae0b5ef46deb3.jpg,https://storage.googleapis.com/traffy_public_bucket/attachment/2022-09/8ec99f55072827a84c7da33641f7d99afb344531.jpg,262 ซ. ลาดพร้าว 80 แยก 21 แขวง วังทองหลาง เขตวังทองหลาง กรุงเทพมหานคร 10310 ประเทศไทย,วังทองหลาง,วังทองหลาง,กรุงเทพมหานคร,2022-09-07 09:59:06.146811,เสร็จสิ้น,5.0,0,2022-09-07 11:37:57.152659,,99.0,99.0,,2022-09-07 11:37:57.156071,218873,{อื่นๆ},13.77827,100.59756,1.65,,1.65,Hydraulic Capacity Surcharge
2022-MH3AUC,อื่นๆ,"เพื่อนชัชชาติ, เขตบางนา, กรุงเทพมหานคร, ผอ.เขตบางนา (นางประภัสสร), กลุ่มกรุงเทพใต้ (นายชาตรี วัฒนเขจร)","เขตบางนา, กลุ่มกรุงเทพใต้ (นายชาตรี วัฒนเขจร), ผอ.เขตบางนา (นางประภัสสร), กรุงเทพมหานคร, เพื่อนชัชชาติ",น้ำท่วม,"100.63512,13.66849",https://storage.googleapis.com/traffy_public_bucket/attachment/2022-09/3c927407d835a22a691221b772494c3e1b9d28df.jpg,https://storage.googleapis.com/traffy_public_bucket/attachment/2022-09/f80e62699c3f85d625e0fee46cbba2418155eb59.jpg,111 อาคาร Big C Bangna ชั้น 1 ซอย บางนา-ตราด 42 แขวง บางนา เขตบางนา กรุงเทพมหานคร 10260 ประเทศไทย,บางนาเหนือ,บางนา,กรุงเทพมหานคร,2022-09-07 09:02:40.330856,เสร็จสิ้น,3.0,0,2022-09-07 16:52:38.24946,13.0,470.0,470.0,2022-09-07 09:15:36.549766,2022-09-07 16:52:38.253282,218756,{อื่นๆ},13.66849,100.63512,7.833333333333333,0.21666666666666667,7.833333333333333,Transient Surcharge Candidate
2022-K2MFKL,อื่นๆ,"กรุงเทพมหานคร, เขตสายไหม, เพื่อนชัชชาติ, ฝ่ายโยธา เขตสายไหม, กลุ่มงานระบายน้ำ V.2 เขตสายไหม, ผอ.เขตสายไหม (นายสมบัติ), กลุ่มกรุงเทพเหนือ (นางวันทนีย์ วัฒนะ)","ฝ่ายโยธา เขตสายไหม, เขตสายไหม, กลุ่มกรุงเทพเหนือ (นางวันทนีย์ วัฒนะ), ผอ.เขตสายไหม (นายสมบัติ), เพื่อนชัชชาติ, กรุงเทพมหานคร",น้ำท่วมวัดค่ะ,"100.62095,13.89340",https://storage.googleapis.com/traffy_public_bucket/attachment/2022-09/765de5ebe1d8230993e66369f98d4050b0abfa6e.jpg,https://storage.googleapis.com/traffy_public_bucket/attachment/2022-09/de8a0734b063781b6cf1d2debca2ddbca9a8fdb0.jpg,25 ถนน พหลโยธิน 52 แยก 11-4-1 แขวง คลองถนน เขตสายไหม กรุงเทพมหานคร 10220 ประเทศไทย,คลองถนน,สายไหม,กรุงเทพมหานคร,2022-09-07 08:15:09.472801,เสร็จสิ้น,5.0,1,2022-09-07 16:24:24.896741,444.0,490.0,490.0,2022-09-07 15:39:02.055336,2022-09-07 16:24:24.900782,218639,{อื่นๆ},13.8934,100.62095,8.166666666666666,7.4,8.166666666666666,Transient Surcharge Candidate
2022-HU8RAD,อื่นๆ,"เพื่อนชัชชาติ, เขตบางนา, กรุงเทพมหานคร, ผอ.เขตบางนา (นางประภัสสร), กลุ่มกรุงเทพใต้ (นายชาตรี วัฒนเขจร)","เขตบางนา, กลุ่มกรุงเทพใต้ (นายชาตรี วัฒนเขจร), ผอ.เขตบางนา (นางประภัสสร), กรุงเทพมหานคร, เพื่อนชัชชาติ",น้ำท่วมเช้านี้,"100.62967,13.65948",https://storage.googleapis.com/traffy_public_bucket/attachment/2022-09/11f5732b66ee12a3a91cab1f48801cca8170c8fd.jpg,https://storage.googleapis.com/traffy_public_bucket/attachment/2022-09/a8bba400edafe573fdf50dfbdbb89db6ba6f07e4.jpg,3 ซอย ลาซาล 55 แขวง บางนา เขตบางนา กรุงเทพมหานคร 10260 ประเทศไทย,บางนาใต้,บางนา,กรุงเทพมหานคร,2022-09-07 08:13:52.544892,เสร็จสิ้น,,0,2022-09-07 16:54:05.839268,65.0,521.0,521.0,2022-09-07 09:18:14.945244,2022-09-07 16:54:05.842742,218636,{อื่นๆ},13.65948,100.62967,8.683333333333334,1.0833333333333333,8.683333333333334,Transient Surcharge Candidate
2022-4HBTR6,น้ำท่วม,"เพื่อนชัชชาติ, กรุงเทพมหานคร, เขตหลักสี่, ผอ.เขตหลักสี่ (นางสมฤดี), กลุ่มกรุงเทพเหนือ (นางวันทนีย์ วัฒนะ)","เขตหลักสี่, กลุ่มกรุงเทพเหนือ (นางวันทนีย์ วัฒนะ), ผอ.เขตหลักสี่ (นางสมฤดี), กรุงเทพมหานคร, เพื่อนชัชชาติ",แจ้งปัญหาน้ำท่วมในซอยชินเขตและถนนประชาชื่น,"100.54860,13.86882",https://storage.googleapis.com/traffy_public_bucket/attachment/2022-09/64afb54c83e7fd173430e0aa4beb0a4528fe87c2.jpg,https://storage.googleapis.com/traffy_public_bucket/attachment/2022-09/36d1f3f7cd84792a1563e6d5b0a860f315936626.jpg,6 ถ. ประชาชื่น แขวง ทุ่งสองห้อง เขต หลักสี่ กรุงเทพมหานคร 10210 ประเทศไทย,ทุ่งสองห้อง,หลักสี่,กรุงเทพมหานคร,2022-09-07 08:00:34.439332,เสร็จสิ้น,5.0,0,2022-09-07 08:26:43.657625,,27.0,27.0,,2022-09-07 08:26:43.661197,218595,{น้ำท่วม},13.86882,100.5486,0.45,,0.45,Transient Surcharge Candidate
2022-LUDUZA,น้ำท่วม,"เพื่อนชัชชาติ, กรุงเทพมหานคร, เขตหลักสี่, ผอ.เขตหลักสี่ (นางสมฤดี), กลุ่มกรุงเทพเหนือ (นางวันทนีย์ วัฒนะ)","เขตหลักสี่, กลุ่มกรุงเทพเหนือ (นางวันทนีย์ วัฒนะ), ผอ.เขตหลักสี่ (นางสมฤดี), กรุงเทพมหานคร, เพื่อนชัชชาติ",น้ำท่วมเลียบคลองประปา ซอยข้าง รร ฉัตรเฉลิม ตั้งแต่เมื่อคืน ช่วง 3 ทุ่ม น้ำยังไม่ลง,"100.54654,13.86051",https://storage.googleapis.com/traffy_public_bucket/attachment/2022-09/1f732d31679a1d5f4576282f7cb4f5c818eb3be1.jpg,https://storage.googleapis.com/traffy_public_bucket/attachment/2022-09/32e3826719ac795c5c99ba380a81b656c08d5bee.jpg,1/23 ประชาชื่น แขวง แขวง ทุ่งสองห้อง เขต หลักสี่ กรุงเทพมหานคร 10210 ประเทศไทย,ทุ่งสองห้อง,หลักสี่,กรุงเทพมหานคร,2022-09-07 07:58:44.640822,เสร็จสิ้น,,0,2022-09-07 08:29:20.080564,,31.0,31.0,,2022-09-07 08:29:20.084127,218591,{น้ำท่วม},13.86051,100.54654,0.5166666666666667,,0.5166666666666667,Transient Surcharge Candidate
2022-CG8Z3T,น้ำท่วม,"เพื่อนชัชชาติ, กรุงเทพมหานคร, เขตดอนเมือง, ฝ่ายโยธา เขตดอนเมือง, ผอ.เขตดอนเมือง (นายสาโรจน์), กลุ่มกรุงเทพเหนือ (นางวันทนีย์ วัฒนะ)","ฝ่ายโยธา เขตดอนเมือง, เขตดอนเมือง, กลุ่มกรุงเทพเหนือ (นางวันทนีย์ วัฒนะ), ผอ.เขตดอนเมือง (นายสาโรจน์), กรุงเทพมหานคร, เพื่อนชัชชาติ",น้ำท่วม,"100.56777,13.91917",https://storage.googleapis.com/traffy_public_bucket/attachment/2022-09/9f8afba60d158f8a33783cb9b923096347797f79.jpg,https://storage.googleapis.com/traffy_public_bucket/attachment/2022-09/fa72b1082d125ad2f68d7c9288bcb0bb2b67b865.jpg,325 ถนน วัดเวฬุวนาราม แขวง ดอนเมือง เขตดอนเมือง กรุงเทพมหานคร 10210 ประเทศไทย,ดอนเมือง,ดอนเมือง,กรุงเทพมหานคร,2022-09-07 07:52:12.618860,เสร็จสิ้น,,0,2022-09-07 18:42:38.736451,135.0,651.0,651.0,2022-09-07 10:07:04.476324,2022-09-07 18:42:38.741700,218570,{น้ำท่วม},13.91917,100.56777,10.85,2.25,10.85,Transient Surcharge Candidate
2022-EKM6VA,น้ำท่วม,"กรุงเทพมหานคร, เพื่อนชัชชาติ, เขตหลักสี่, ผอ.เขตหลักสี่ (นางสมฤดี), กลุ่มกรุงเทพเหนือ (นางวันทนีย์ วัฒนะ)","เขตหลักสี่, กลุ่มกรุงเทพเหนือ (นางวันทนีย์ วัฒนะ), ผอ.เขตหลักสี่ (นางสมฤดี), เพื่อนชัชชาติ, กรุงเทพมหานคร",น้ำเข้าบ้าน,"100.56072,13.87290",https://storage.googleapis.com/traffy_public_bucket/attachment/2022-09/57652001378bff1e2f58d9c5860b9e9b6b0679fc.jpg,https://storage.googleapis.com/traffy_public_bucket/attachment/2022-09/3030bbb6315fb4e37b39dea44a94a5d5f9ef6b2f.jpg,301/272 ซอย ท่าทราย 1 แขวง ทุ่งสองห้อง เขต หลักสี่ กรุงเทพมหานคร 10210 ประเทศไทย,ทุ่งสองห้อง,หลักสี่,กรุงเทพมหานคร,2022-09-07 07:49:54.544857,เสร็จสิ้น,,0,2022-09-07 08:30:49.33083,,41.0,41.0,,2022-09-07 08:30:50.160863,218564,{อื่นๆ},13.8729,100.56072,0.6833333333333333,,0.6833333333333333,Transient Surcharge Candidate
2022-FZ99BQ,น้ำท่วม,"สำนักงานตำรวจแห่งชาติ (Royal Thai Police), กองบัญชาการตำรวจนครบาล (บช.น.), สน.ทุ่งสองห้อง, กองบังคับการตำรวจนครบาล 2 (บก.น.2), เขตหลักสี่, กรุงเทพมหานคร, ผอ.เขตหลักสี่ (นางสมฤดี), กลุ่มกรุงเทพเหนือ (นางวันทนีย์ วัฒนะ), เพื่อนชัชชาติ","เขตหลักสี่, สน.ทุ่งสองห้อง, เพื่อนชัชชาติ, กลุ่มกรุงเทพเหนือ (นางวันทนีย์ วัฒนะ), ผอ.เขตหลักสี่ (นางสมฤดี), กรุงเทพมหานคร, กองบังคับการตำรวจนครบาล 2 (บก.น.2), กองบัญชาการตำรวจนครบาล (บช.น.), สำนักงานตำรวจแห่งชาติ (Royal Thai Police)",น้ำท่วม,"100.56091,13.87279",https://storage.googleapis.com/traffy_public_bucket/attachment/2022-09/751566c47787a2f39a82b2fbf1643d5b01b0842b.jpg,https://storage.googleapis.com/traffy_public_bucket/attachment/2022-09/bedd8e7148aaf16db389dece5ae77539462bb5ce.jpg,301/40 ซอย ท่าทราย 1 แขวง ทุ่งสองห้อง เขต หลักสี่ กรุงเทพมหานคร 10210 ประเทศไทย,ทุ่งสองห้อง,หลักสี่,กรุงเทพมหานคร,2022-09-07 07:48:43.758685,เสร็จสิ้น,,0,2022-09-07 08:41:12.788267,,53.0,53.0,,2022-09-07 08:41:12.791854,218558,{น้ำท่วม},13.87279,100.56091,0.8833333333333333,,0.8833333333333333,Transient Surcharge Candidate
2022-BK7W6E,น้ำท่วม,"กรุงเทพมหานคร, เพื่อนชัชชาติ, เขตหลักสี่, ผอ.เขตหลักสี่ (นางสมฤดี), กลุ่มกรุงเทพเหนือ (นางวันทนีย์ วัฒนะ)","เขตหลักสี่, กลุ่มกรุงเทพเหนือ (นางวันทนีย์ วัฒนะ), ผอ.เขตหลักสี่ (นางสมฤดี), เพื่อนชัชชาติ, กรุงเทพมหานคร",ไม่ท่วมตั้งแต่ปี 54,"100.56229,13.87314",https://storage.googleapis.com/traffy_public_bucket/attachment/2022-09/749822c219e8caec3572efe7edd302ce5e103ba5.jpg,https://storage.googleapis.com/traffy_public_bucket/attachment/2022-09/da8a3f22ca9977b6b15202a25f95fcd9f6df48c0.jpg,301/343 ซอย ท่าทราย 1 แขวง ทุ่งสองห้อง เขต หลักสี่ กรุงเทพมหานคร 10210 ประเทศไทย,ทุ่งสองห้อง,หลักสี่,กรุงเทพมหานคร,2022-09-07 07:43:18.046386,เสร็จสิ้น,,0,2022-09-07 08:33:56.23308,,51.0,51.0,,2022-09-07 08:33:56.236304,218548,{อื่นๆ},13.87314,100.56229,0.85,,0.85,Transient Surcharge Candidate
2022-4RTLRU,อื่นๆ,"เพื่อนชัชชาติ, เขตบางเขน, กรุงเทพมหานคร, ผอ.เขตบางเขน (น.ส.อัญชนา), กลุ่มกรุงเทพเหนือ (นางวันทนีย์ วัฒนะ)","เขตบางเขน, กลุ่มกรุงเทพเหนือ (นางวันทนีย์ วัฒนะ), ผอ.เขตบางเขน (น.ส.อัญชนา), กรุงเทพมหานคร, เพื่อนชัชชาติ","รถขยะไม่เข้าเก็บค่ะ
ฝนตกน้ำท่วม ถังล้ม
ทำให้ขยะดันออกลอยน้ำ","100.61868,13.87491",https://storage.googleapis.com/traffy_public_bucket/attachment/2022-09/98f86a19cf53a1c7e57ceddd89272acfdb850bb6.jpg,https://storage.googleapis.com/traffy_public_bucket/attachment/2022-09/9e1d6edf0b7dc35b933f9f2d65dbf254e0806dca.jpg,45/1 ซอย รามอินทรา 5 แยก 19 แขวง อนุสาวรีย์ เขตบางเขน กรุงเทพมหานคร 10220 ประเทศไทย,อนุสาวรีย์,บางเขน,กรุงเทพมหานคร,2022-09-07 07:40:06.778210,เสร็จสิ้น,5.0,0,2022-09-07 12:37:16.619532,49.0,298.0,298.0,2022-09-07 08:28:52.918215,2022-09-07 12:37:16.623341,218536,{อื่นๆ},13.87491,100.61868,4.966666666666667,0.8166666666666667,4.966666666666667,Hydraulic Capacity Surcharge
2022-PKHYUX,ความปลอดภัย,"เพื่อนชัชชาติ, เขตบางเขน, กรุงเทพมหานคร, ผอ.เขตบางเขน (น.ส.อัญชนา), กลุ่มกรุงเทพเหนือ (นางวันทนีย์ วัฒนะ)","เขตบางเขน, กลุ่มกรุงเทพเหนือ (นางวันทนีย์ วัฒนะ), ผอ.เขตบางเขน (น.ส.อัญชนา), กรุงเทพมหานคร, เพื่อนชัชชาติ",มีน้ำท่วมขังบนสะพานลอยหน้ากองบินตำรวจ,"100.63392,13.85629",https://storage.googleapis.com/traffy_public_bucket/attachment/2022-09/2a66f139c2bd6498c021425149ec615c775614d6.jpg,https://storage.googleapis.com/traffy_public_bucket/attachment/2022-09/c8a999644d26ac1b19fbacad858bbed2c25cfb0d.jpg,100 ถ. รามอินทรา แขวง ท่าแร้ง เขตบางเขน กรุงเทพมหานคร 10220 ประเทศไทย,ท่าแร้ง,บางเขน,กรุงเทพมหานคร,2022-09-07 07:39:00.660400,เสร็จสิ้น,5.0,0,2022-09-07 13:56:58.476875,50.0,378.0,378.0,2022-09-07 08:28:26.305952,2022-09-07 13:56:58.480658,218532,{ความปลอดภัย},13.85629,100.63392,6.3,0.8333333333333334,6.3,Transient Surcharge Candidate
2022-C9VH77,น้ำท่วม,"เพื่อนชัชชาติ, กรุงเทพมหานคร, เขตหลักสี่, ผอ.เขตหลักสี่ (นางสมฤดี), กลุ่มกรุงเทพเหนือ (นางวันทนีย์ วัฒนะ)","เขตหลักสี่, กลุ่มกรุงเทพเหนือ (นางวันทนีย์ วัฒนะ), ผอ.เขตหลักสี่ (นางสมฤดี), กรุงเทพมหานคร, เพื่อนชัชชาติ",น้ำท่วม,"100.55296,13.87478",https://storage.googleapis.com/traffy_public_bucket/attachment/2022-09/a7dcbdfe673dcff469f76031f83b9b978e76a49f.jpg,https://storage.googleapis.com/traffy_public_bucket/attachment/2022-09/e308fa5c814f6fb13ec71e351c94a9d354bdf995.jpg,17/85 ซอย ประชาชื่น 14 แยก 6-3 แขวง ทุ่งสองห้อง เขต หลักสี่ กรุงเทพมหานคร 10210 ประเทศไทย,ทุ่งสองห้อง,หลักสี่,กรุงเทพมหานคร,2022-09-07 07:31:25.428999,เสร็จสิ้น,1.0,0,2022-09-07 08:42:04.513637,,71.0,71.0,,2022-09-07 08:42:04.517379,218512,{น้ำท่วม},13.87478,100.55296,1.1833333333333333,,1.1833333333333333,Transient Surcharge Candidate
2022-DFTYKA,ถนน,"กรุงเทพมหานคร, เพื่อนชัชชาติ, เขตห้วยขวาง, ฝ่ายรักษาความสะอาดฯ เขตห้วยขวาง, ผอ.เขตห้วยขวาง (นายไพฑูรย์), กลุ่มกรุงเทพกลาง (นายสุขสันต์ กิตติศุภกร)","ฝ่ายรักษาความสะอาดฯ เขตห้วยขวาง, เขตห้วยขวาง, กลุ่มกรุงเทพกลาง (นายสุขสันต์ กิตติศุภกร), ผอ.เขตห้วยขวาง (นายไพฑูรย์), เพื่อนชัชชาติ, กรุงเทพมหานคร",มีขยะติดอยู่ที่ท่อระบายน้ำ ส่งผลให้น้ำท่วมขัง,"100.56377,13.74976",https://storage.googleapis.com/traffy_public_bucket/attachment/2022-09/c11ec577fa8292f0e221d7113547108df0bfee1f.jpg,https://storage.googleapis.com/traffy_public_bucket/attachment/2022-09/fda7ae8524cd133d4c6c2a45ec2967a4494eef70.jpg,สถานีรถไฟฟ้าใต้ดินเพชรบุรี ถนน เพชรบุรี แขวง บางกะปิ เขตห้วยขวาง กรุงเทพมหานคร 10310 ประเทศไทย,บางกะปิ,ห้วยขวาง,กรุงเทพมหานคร,2022-09-07 07:20:39.867872,เสร็จสิ้น,4.0,0,2022-09-07 11:54:24.549387,170.0,274.0,274.0,2022-09-07 10:10:00.838580,2022-09-07 11:54:24.552795,218492,{ถนน},13.74976,100.56377,4.566666666666666,2.8333333333333335,4.566666666666666,Transient Surcharge Candidate
2022-8VYTLL,น้ำท่วม,"กรุงเทพมหานคร, เพื่อนชัชชาติ, เขตหลักสี่, ผอ.เขตหลักสี่ (นางสมฤดี), กลุ่มกรุงเทพเหนือ (นางวันทนีย์ วัฒนะ)","เขตหลักสี่, กลุ่มกรุงเทพเหนือ (นางวันทนีย์ วัฒนะ), ผอ.เขตหลักสี่ (นางสมฤดี), เพื่อนชัชชาติ, กรุงเทพมหานคร",น้ำท่วมขัง สูงครึ่งล้อรถ รถเคลื่อนตัวลำบาก,"100.58424,13.88289",https://storage.googleapis.com/traffy_public_bucket/attachment/2022-09/2bd9c6b8f4c6ed4d15c4335598998f93e0d68c40.jpg,https://storage.googleapis.com/traffy_public_bucket/attachment/2022-09/19d06892c76f31c3b10a1e986cbe1a67cf380d29.jpg,ซอยแจ้งวัฒนะ 6 แขวง ตลาดบางเขน เขต หลักสี่ กรุงเทพมหานคร 10210 ประเทศไทย,ตลาดบางเขน,หลักสี่,กรุงเทพมหานคร,2022-09-07 07:16:15.452246,เสร็จสิ้น,,0,2022-09-07 08:45:14.839509,,89.0,89.0,,2022-09-07 08:45:14.843440,218485,{อื่นๆ},13.88289,100.58424,1.4833333333333334,,1.4833333333333334,Transient Surcharge Candidate
2022-6K6B2G,อื่นๆ,"เพื่อนชัชชาติ, เขตสายไหม, กรุงเทพมหานคร, ฝ่ายโยธา เขตสายไหม, กลุ่มงานระบายน้ำ V.2 เขตสายไหม, ผอ.เขตสายไหม (นายสมบัติ), กลุ่มกรุงเทพเหนือ (นางวันทนีย์ วัฒนะ)","ฝ่ายโยธา เขตสายไหม, เขตสายไหม, กลุ่มกรุงเทพเหนือ (นางวันทนีย์ วัฒนะ), ผอ.เขตสายไหม (นายสมบัติ), กรุงเทพมหานคร, เพื่อนชัชชาติ",น้ำท่วม,"100.63820,13.89612",https://storage.googleapis.com/traffy_public_bucket/attachment/2022-09/32a5268f837ff3b1306f694ce945a1133f730d4b.jpg,https://storage.googleapis.com/traffy_public_bucket/attachment/2022-09/1ba42bf6507f9ec31e9062d7a272b9f4cc7716db.jpg,"18/270,269 ถ. วัชรพล แขวง คลองถนน เขตสายไหม กรุงเทพมหานคร 10220 ประเทศไทย",คลองถนน,สายไหม,กรุงเทพมหานคร,2022-09-07 07:07:06.785695,เสร็จสิ้น,4.0,0,2022-09-07 09:55:22.285408,103.0,169.0,169.0,2022-09-07 08:49:12.071798,2022-09-07 09:55:22.289123,218467,{อื่นๆ},13.89612,100.6382,2.816666666666667,1.7166666666666666,2.816666666666667,Transient Surcharge Candidate
2022-BEKXEF,น้ำท่วม,"กรุงเทพมหานคร, เพื่อนชัชชาติ, เขตหลักสี่, ผอ.เขตหลักสี่ (นางสมฤดี), กลุ่มกรุงเทพเหนือ (นางวันทนีย์ วัฒนะ)","เขตหลักสี่, กลุ่มกรุงเทพเหนือ (นางวันทนีย์ วัฒนะ), ผอ.เขตหลักสี่ (นางสมฤดี), เพื่อนชัชชาติ, กรุงเทพมหานคร",น้ำยังท่วมอยู่ค่ะ,"100.55329,13.87541",https://storage.googleapis.com/traffy_public_bucket/attachment/2022-09/b228cc127322ad87e438f56fd6b04228ff4b1263.jpg,https://storage.googleapis.com/traffy_public_bucket/attachment/2022-09/b1a0e1b3efa0f54f4af6bc7354a8020ad1c98035.jpg,17/260 ถ. ประชาชื่น แขวง ทุ่งสองห้อง เขต หลักสี่ กรุงเทพมหานคร 10210 ประเทศไทย,ทุ่งสองห้อง,หลักสี่,กรุงเทพมหานคร,2022-09-07 07:06:47.960948,เสร็จสิ้น,4.0,0,2022-09-07 08:46:32.660985,,100.0,100.0,,2022-09-07 08:46:33.499154,218466,{อื่นๆ},13.87541,100.55329,1.6666666666666667,,1.6666666666666667,Transient Surcharge Candidate
2022-4Q66W4,น้ำท่วม,"เพื่อนชัชชาติ, เขตสายไหม, กรุงเทพมหานคร, ฝ่ายโยธา เขตสายไหม, กลุ่มงานระบายน้ำ V.2 เขตสายไหม, ผอ.เขตสายไหม (นายสมบัติ), กลุ่มกรุงเทพเหนือ (นางวันทนีย์ วัฒนะ)","ฝ่ายโยธา เขตสายไหม, เขตสายไหม, กลุ่มกรุงเทพเหนือ (นางวันทนีย์ วัฒนะ), ผอ.เขตสายไหม (นายสมบัติ), กรุงเทพมหานคร, เพื่อนชัชชาติ",น้ำท่วม,"100.63919,13.89703",https://storage.googleapis.com/traffy_public_bucket/attachment/2022-09/53a9befe6f4feb8a032bb08d8bce65ba29de640a.jpg,https://storage.googleapis.com/traffy_public_bucket/attachment/2022-09/c8be91fb7fa587361803150da78cb0f0c7c3342c.jpg,220 Mooban Casaleene O Ngoen เขตสายไหม กรุงเทพมหานคร 10220 ประเทศไทย,คลองถนน,สายไหม,กรุงเทพมหานคร,2022-09-07 07:06:17.212329,เสร็จสิ้น,4.0,0,2022-09-08 15:21:35.88735,104.0,,104.0,2022-09-07 08:50:08.300569,,218464,{น้ำท่วม},13.89703,100.63919,1.7333333333333334,1.7333333333333334,,Transient Surcharge Candidate
2022-L9L78U,น้ำท่วม,"เพื่อนชัชชาติ, กรุงเทพมหานคร, เขตหลักสี่, ผอ.เขตหลักสี่ (นางสมฤดี), กลุ่มกรุงเทพเหนือ (นางวันทนีย์ วัฒนะ)","เขตหลักสี่, กลุ่มกรุงเทพเหนือ (นางวันทนีย์ วัฒนะ), ผอ.เขตหลักสี่ (นางสมฤดี), กรุงเทพมหานคร, เพื่อนชัชชาติ",น้ำท่วมเขตหลักนี่ ซอยงามวงศ์วาน 47 แยก 12,"100.55799,13.86180",https://storage.googleapis.com/traffy_public_bucket/attachment/2022-09/76ccfa686f2b84d2ded80b8791e540f19d47d42d.jpg,https://storage.googleapis.com/traffy_public_bucket/attachment/2022-09/03244840e660ebcd020cf883e26ef687762dd641.jpg,47/139 ซอย ชินเขต 2 แขวง ทุ่งสองห้อง เขต หลักสี่ กรุงเทพมหานคร 10210 ประเทศไทย,ทุ่งสองห้อง,หลักสี่,กรุงเทพมหานคร,2022-09-07 07:05:09.302092,เสร็จสิ้น,5.0,0,2022-09-07 08:48:09.263319,,104.0,104.0,,2022-09-07 08:48:10.156695,218461,{น้ำท่วม},13.8618,100.55799,1.7333333333333334,,1.7333333333333334,Transient Surcharge Candidate
2022-MHNFT7,น้ำท่วม,"กรุงเทพมหานคร, เพื่อนชัชชาติ, เขตหลักสี่, ผอ.เขตหลักสี่ (นางสมฤดี), กลุ่มกรุงเทพเหนือ (นางวันทนีย์ วัฒนะ)","เขตหลักสี่, กลุ่มกรุงเทพเหนือ (นางวันทนีย์ วัฒนะ), ผอ.เขตหลักสี่ (นางสมฤดี), เพื่อนชัชชาติ, กรุงเทพมหานคร",น้ำยังท่วม,"100.55304,13.87462",https://storage.googleapis.com/traffy_public_bucket/attachment/2022-09/24a066bb283a99e56b157ed322c48442bd483211.jpg,https://storage.googleapis.com/traffy_public_bucket/attachment/2022-09/126eb882aca0780e3c9a3dff15a4143cccd9919d.jpg,17/225 ประชาชื่น แขวง ทุ่งสองห้อง เขต หลักสี่ กรุงเทพมหานคร 10210 ประเทศไทย,ทุ่งสองห้อง,หลักสี่,กรุงเทพมหานคร,2022-09-07 06:57:13.998196,เสร็จสิ้น,1.0,0,2022-09-07 08:51:58.81572,,115.0,115.0,,2022-09-07 08:51:59.698052,218444,{อื่นๆ},13.87462,100.55304,1.9166666666666667,,1.9166666666666667,Transient Surcharge Candidate
2022-332YUD,น้ำท่วม,"เพื่อนชัชชาติ, เขตบางซื่อ, กรุงเทพมหานคร, ฝ่ายโยธา เขตบางซื่อ, ผอ.เขตบางซื่อ (นายเจษฎา), กลุ่มกรุงเทพเหนือ (นางวันทนีย์ วัฒนะ)","ฝ่ายโยธา เขตบางซื่อ, เขตบางซื่อ, กลุ่มกรุงเทพเหนือ (นางวันทนีย์ วัฒนะ), ผอ.เขตบางซื่อ (นายเจษฎา), กรุงเทพมหานคร, เพื่อนชัชชาติ",น้ำท่วมซอยบ้าน,"100.53950,13.83481",https://storage.googleapis.com/traffy_public_bucket/attachment/2022-09/857755e7558a3ece7bff203643d5ff992614ea6f.jpg,https://storage.googleapis.com/traffy_public_bucket/attachment/2022-09/5c9ccc7a55713211231b562804ad1953c270a61c.jpg,1050 1 ซอย ประชาชื่น 31 แขวง วงศ์สว่าง เขตบางซื่อ กรุงเทพมหานคร 10800 ประเทศไทย,วงศ์สว่าง,บางซื่อ,กรุงเทพมหานคร,2022-09-07 06:52:39.105329,เสร็จสิ้น,5.0,0,2022-09-07 16:22:54.476501,280.0,571.0,571.0,2022-09-07 11:32:18.362541,2022-09-07 16:22:55.321157,218435,{น้ำท่วม},13.83481,100.5395,9.516666666666667,4.666666666666667,9.516666666666667,Transient Surcharge Candidate
2022-CYNFPR,น้ำท่วม,"กรุงเทพมหานคร, เขตบางนา, เพื่อนชัชชาติ, ผอ.เขตบางนา (นางประภัสสร), กลุ่มกรุงเทพใต้ (นายชาตรี วัฒนเขจร)","เขตบางนา, กลุ่มกรุงเทพใต้ (นายชาตรี วัฒนเขจร), ผอ.เขตบางนา (นางประภัสสร), เพื่อนชัชชาติ, กรุงเทพมหานคร",แจ้งปัญหาน้ำท่วมขังซอยบางนา-ตราด ๒๓ (๗/๙/๒๕๖๕),"100.63499,13.67121",https://storage.googleapis.com/traffy_public_bucket/attachment/2022-09/1dabc7406a9e6356af88da6354b3ef4a1cfdfe5b.jpg,https://storage.googleapis.com/traffy_public_bucket/attachment/2022-09/cf42b384fc8b6b9a654e8c57bbc6f1710fe43205.jpg,939/30 ซอย บางนา-ตราด 23 แขวง บางนา เขตบางนา กรุงเทพมหานคร 10260 ประเทศไทย,บางนาเหนือ,บางนา,กรุงเทพมหานคร,2022-09-07 06:49:10.739617,เสร็จสิ้น,5.0,0,2022-09-07 16:58:00.617544,146.0,609.0,609.0,2022-09-07 09:14:56.251160,2022-09-07 16:58:00.620798,218430,{อื่นๆ},13.67121,100.63499,10.15,2.433333333333333,10.15,Transient Surcharge Candidate
2022-LF32BX,อื่นๆ,"เพื่อนชัชชาติ, กรุงเทพมหานคร, เขตห้วยขวาง, ฝ่ายรักษาความสะอาดฯ เขตห้วยขวาง, ผอ.เขตห้วยขวาง (นายไพฑูรย์), กลุ่มกรุงเทพกลาง (นายสุขสันต์ กิตติศุภกร)","ฝ่ายรักษาความสะอาดฯ เขตห้วยขวาง, เขตห้วยขวาง, กลุ่มกรุงเทพกลาง (นายสุขสันต์ กิตติศุภกร), ผอ.เขตห้วยขวาง (นายไพฑูรย์), กรุงเทพมหานคร, เพื่อนชัชชาติ",พื้นถนนสกปรกจากขยะที่มาจากน้ำท่วม ขอเจ้าหน้าที่ทำความสะอาดด้วยค่ะ,"100.58061,13.77420",https://storage.googleapis.com/traffy_public_bucket/attachment/2022-09/4bbc1e9e07edd231ea606733e4f6ef4ac520cfc5.jpg,https://storage.googleapis.com/traffy_public_bucket/attachment/2022-09/476ba83d0c4520091792e1aa1c3e7b06de23b369.jpg,835 ซอย วิสุทธินิเวศน์ แยก 6 แขวง ห้วยขวาง เขตห้วยขวาง กรุงเทพมหานคร 10310 ประเทศไทย,ห้วยขวาง,ห้วยขวาง,กรุงเทพมหานคร,2022-09-07 06:43:44.479718,เสร็จสิ้น,5.0,0,2022-09-07 13:16:36.388185,207.0,393.0,393.0,2022-09-07 10:10:14.551765,2022-09-07 13:16:36.391729,218419,{อื่นๆ},13.7742,100.58061,6.55,3.45,6.55,Transient Surcharge Candidate
2022-LK2RZG,น้ำท่วม,"เพื่อนชัชชาติ, กรุงเทพมหานคร, เขตหลักสี่, ผอ.เขตหลักสี่ (นางสมฤดี), กลุ่มกรุงเทพเหนือ (นางวันทนีย์ วัฒนะ)","เขตหลักสี่, กลุ่มกรุงเทพเหนือ (นางวันทนีย์ วัฒนะ), ผอ.เขตหลักสี่ (นางสมฤดี), กรุงเทพมหานคร, เพื่อนชัชชาติ",น้ำท่วมสูงไม่ลดลงเลยคะ,"100.55729,13.86264",https://storage.googleapis.com/traffy_public_bucket/attachment/2022-09/b84aeab70dfb62dba953929f813fb07ed927c8d3.jpg,https://storage.googleapis.com/traffy_public_bucket/attachment/2022-09/0d64293dd0694ec6aca7b39ee9532acb98bd5d8c.jpg,47/306 ซอย ชินเขต 2 แขวง ทุ่งสองห้อง เขต หลักสี่ กรุงเทพมหานคร 10210 ประเทศไทย,ทุ่งสองห้อง,หลักสี่,กรุงเทพมหานคร,2022-09-07 06:34:31.200618,เสร็จสิ้น,1.0,0,2022-09-07 06:52:30.163395,,18.0,18.0,,2022-09-07 06:52:30.166384,218404,{น้ำท่วม},13.86264,100.55729,0.3,,0.3,Transient Surcharge Candidate
2022-DC8F62,น้ำท่วม,"เพื่อนชัชชาติ, กรุงเทพมหานคร, เขตสะพานสูง, ฝ่ายโยธา เขตสะพานสูง, ฝ่ายรักษาความสะอาดฯ เขตสะพานสูง, ผอ.เขตสะพานสูง (นายสุพจน์), กลุ่มกรุงเทพตะวันออก (นายณรงค์ เรืองศรี)","ฝ่ายรักษาความสะอาดฯ เขตสะพานสูง, ฝ่ายโยธา เขตสะพานสูง, เขตสะพานสูง, กลุ่มกรุงเทพตะวันออก (นายณรงค์ เรืองศรี), ผอ.เขตสะพานสูง (นายสุพจน์), กรุงเทพมหานคร, เพื่อนชัชชาติ",น้ำท่วมขังบริเวณปากซอยรามคำแหง 104 สร้างความลำบากแก่คนเดินผ่านและรถที่เลี้ยวเช้าออกซอยเป็นอย่างยิ่ง ขอความกรุณาแก้ไขไม่ให้เกิดน้ำท่วมขังด้วย,"100.67143,13.77569",https://storage.googleapis.com/traffy_public_bucket/attachment/2022-09/2007307ae794dad22ef73387b247e4cf128d0304.jpg,https://storage.googleapis.com/traffy_public_bucket/attachment/2022-09/3b616dcd497abc908e9af556589237bd6fe69e61.jpg,121 ซอย รามคำแหง 104 แขวง สะพานสูง เขตสะพานสูง กรุงเทพมหานคร 10240 ประเทศไทย,สะพานสูง,สะพานสูง,กรุงเทพมหานคร,2022-09-07 06:29:51.033020,เสร็จสิ้น,5.0,0,2023-02-08 13:55:49.919806,151.0,218.0,218.0,2022-09-07 09:00:37.147982,2022-09-07 10:07:17.425835,218397,{น้ำท่วม},13.77569,100.67143,3.6333333333333333,2.5166666666666666,3.6333333333333333,Transient Surcharge Candidate
2022-6A26UT,น้ำท่วม,"เพื่อนชัชชาติ, กรุงเทพมหานคร, เขตหลักสี่, ผอ.เขตหลักสี่ (นางสมฤดี), กลุ่มกรุงเทพเหนือ (นางวันทนีย์ วัฒนะ)","เขตหลักสี่, กลุ่มกรุงเทพเหนือ (นางวันทนีย์ วัฒนะ), ผอ.เขตหลักสี่ (นางสมฤดี), กรุงเทพมหานคร, เพื่อนชัชชาติ",น้ำท่วมขังหนักมาก ตั้งแต่ช่วงเย็นวันที่ 6 กันยายน ม.การเคหะท่าทราย ประชาชื่น,"100.55948,13.87166",https://storage.googleapis.com/traffy_public_bucket/attachment/2022-09/47cd6908922c5effb7047d9655051afc2008f912.jpg,https://storage.googleapis.com/traffy_public_bucket/attachment/2022-09/232ad67ad3ba104d06f1b629cb01f21be160bd02.jpg,302/105 ซอย ท่าทราย 1 แขวง ทุ่งสองห้อง เขต หลักสี่ กรุงเทพมหานคร 10210 ประเทศไทย,ทุ่งสองห้อง,หลักสี่,กรุงเทพมหานคร,2022-09-07 06:13:19.291823,เสร็จสิ้น,,0,2022-09-07 06:51:50.056221,,39.0,39.0,,2022-09-07 06:51:50.059395,218385,{น้ำท่วม},13.87166,100.55948,0.65,,0.65,Transient Surcharge Candidate
2022-L6RR3U,น้ำท่วม,"กรุงเทพมหานคร, เพื่อนชัชชาติ, เขตหลักสี่, ผอ.เขตหลักสี่ (นางสมฤดี), กลุ่มกรุงเทพเหนือ (นางวันทนีย์ วัฒนะ)","เขตหลักสี่, กลุ่มกรุงเทพเหนือ (นางวันทนีย์ วัฒนะ), ผอ.เขตหลักสี่ (นางสมฤดี), เพื่อนชัชชาติ, กรุงเทพมหานคร",น้ำท่วมขังหนักมาก ตั้งแต่ช่วงเย็นวันที่ 6 กันยายน ช่วงแยกภาสยา ทางเชื่อมระหว่างโครงการ north park และซอยชินเขต,"100.55592,13.86990",https://storage.googleapis.com/traffy_public_bucket/attachment/2022-09/cea490b75c8bc3ce32d00e4cabb9051c395e04ef.jpg,https://storage.googleapis.com/traffy_public_bucket/attachment/2022-09/f1b09cd0a2444fc52b0ce75120591b83b0152f2b.jpg,VH94+W89 ซอย งามวงศ์วาน 47 แยก 39 แขวง ทุ่งสองห้อง เขต หลักสี่ กรุงเทพมหานคร 10210 ประเทศไทย,ทุ่งสองห้อง,หลักสี่,กรุงเทพมหานคร,2022-09-07 05:28:05.512941,เสร็จสิ้น,,0,2022-09-07 06:02:24.988662,,35.0,35.0,,2022-09-07 06:02:24.992709,218365,{อื่นๆ},13.8699,100.55592,0.5833333333333334,,0.5833333333333334,Transient Surcharge Candidate
2022-F8KXMB,น้ำท่วม,"เพื่อนชัชชาติ, กรุงเทพมหานคร, เขตหลักสี่, ผอ.เขตหลักสี่ (นางสมฤดี), กลุ่มกรุงเทพเหนือ (นางวันทนีย์ วัฒนะ)","เขตหลักสี่, กลุ่มกรุงเทพเหนือ (นางวันทนีย์ วัฒนะ), ผอ.เขตหลักสี่ (นางสมฤดี), กรุงเทพมหานคร, เพื่อนชัชชาติ",น้ำท่วม,"100.56089,13.86315",https://storage.googleapis.com/traffy_public_bucket/attachment/2022-09/22f4bbaaf843d347794416e2bf9aac12aade8aaf.jpg,https://storage.googleapis.com/traffy_public_bucket/attachment/2022-09/a91cc36dacefc72b7f9b0b11971dfeae9f4559f1.jpg,11/7 วิภาวดีรังสิต แขวง ทุ่งสองห้อง เขต หลักสี่ กรุงเทพมหานคร 10210 ประเทศไทย,ทุ่งสองห้อง,หลักสี่,กรุงเทพมหานคร,2022-09-07 05:02:36.614988,เสร็จสิ้น,,0,2022-09-07 06:04:23.92768,,62.0,62.0,,2022-09-07 06:04:23.931010,218361,{น้ำท่วม},13.86315,100.56089,1.0333333333333334,,1.0333333333333334,Transient Surcharge Candidate
2022-EPNFW4,อื่นๆ,"เพื่อนชัชชาติ, เขตลาดพร้าว, กรุงเทพมหานคร, ผอ.เขตลาดพร้าว (นางสุภาพร), กลุ่มกรุงเทพเหนือ (นางวันทนีย์ วัฒนะ)","เขตลาดพร้าว, กลุ่มกรุงเทพเหนือ (นางวันทนีย์ วัฒนะ), ผอ.เขตลาดพร้าว (นางสุภาพร), กรุงเทพมหานคร, เพื่อนชัชชาติ",น้ำท่วม,"100.59123,13.82555",https://storage.googleapis.com/traffy_public_bucket/attachment/2022-09/c8fd748142feacbe75a4c4da71c8ca361f11d62a.jpg,https://storage.googleapis.com/traffy_public_bucket/attachment/2022-09/39d0f4beb5a841d257e041a0135e2e9ff7da1129.png,2/185 ถ. ลาดพร้าววังหิน แขวงลาดพร้าว เขตลาดพร้าว กรุงเทพมหานคร 10230 ประเทศไทย,ลาดพร้าว,ลาดพร้าว,กรุงเทพมหานคร,2022-09-07 03:31:27.743779,เสร็จสิ้น,5.0,0,2022-09-07 08:37:56.426279,,307.0,307.0,,2022-09-07 08:37:57.271150,218356,{อื่นๆ},13.82555,100.59123,5.116666666666666,,5.116666666666666,Transient Surcharge Candidate
2022-C9TQC9,น้ำท่วม,"เพื่อนชัชชาติ, กรุงเทพมหานคร, เขตหลักสี่, ผอ.เขตหลักสี่ (นางสมฤดี), กลุ่มกรุงเทพเหนือ (นางวันทนีย์ วัฒนะ)","เขตหลักสี่, กลุ่มกรุงเทพเหนือ (นางวันทนีย์ วัฒนะ), ผอ.เขตหลักสี่ (นางสมฤดี), กรุงเทพมหานคร, เพื่อนชัชชาติ",ฝนหยุดตกมาสักพักแล้วแต่น้ำยังท่วมสูงขึ้นไม่เข้าใจถึงสาเหตุนี้ค่ะอยากทราบสาเหตุ,"100.55466,13.87659",https://storage.googleapis.com/traffy_public_bucket/attachment/2022-09/f8120c5ebfe24d76b696bca0f7872d69494bafe8.jpg,https://storage.googleapis.com/traffy_public_bucket/attachment/2022-09/51b766f411118bca150957b7dd1896628fd59d61.jpg,17/61 ซอย การไฟฟ้าภูมิภาค แขวง ทุ่งสองห้อง เขต หลักสี่ กรุงเทพมหานคร 10210 ประเทศไทย,ทุ่งสองห้อง,หลักสี่,กรุงเทพมหานคร,2022-09-07 02:34:29.996471,เสร็จสิ้น,,0,2022-09-07 03:40:11.525866,,66.0,66.0,,2022-09-07 03:40:11.529362,218348,{น้ำท่วม},13.87659,100.55466,1.1,,1.1,Transient Surcharge Candidate
2022-K422WE,น้ำท่วม,"กรุงเทพมหานคร, เพื่อนชัชชาติ, เขตหลักสี่, ผอ.เขตหลักสี่ (นางสมฤดี), กลุ่มกรุงเทพเหนือ (นางวันทนีย์ วัฒนะ)","เขตหลักสี่, กลุ่มกรุงเทพเหนือ (นางวันทนีย์ วัฒนะ), ผอ.เขตหลักสี่ (นางสมฤดี), เพื่อนชัชชาติ, กรุงเทพมหานคร",น้ำท่วมเข้าบ้านแล้ว,"100.55459,13.87664",https://storage.googleapis.com/traffy_public_bucket/attachment/2022-09/53748c22f36e166f0753703fc76731595cb0027b.jpg,https://storage.googleapis.com/traffy_public_bucket/attachment/2022-09/37b38291a18dbd8f00b5659fff24ad09da538d5b.jpg,17/32 ซอย การไฟฟ้าภูมิภาค แขวง ทุ่งสองห้อง เขต หลักสี่ กรุงเทพมหานคร 10210 ประเทศไทย,ทุ่งสองห้อง,หลักสี่,กรุงเทพมหานคร,2022-09-07 02:28:24.274613,เสร็จสิ้น,,0,2022-09-07 03:43:25.298737,,76.0,76.0,,2022-09-07 03:43:25.302067,218346,{อื่นๆ},13.87664,100.55459,1.2666666666666666,,1.2666666666666666,Transient Surcharge Candidate
2022-HAW3UP,น้ำท่วม,"กรุงเทพมหานคร, เพื่อนชัชชาติ, เขตหลักสี่, ผอ.เขตหลักสี่ (นางสมฤดี), กลุ่มกรุงเทพเหนือ (นางวันทนีย์ วัฒนะ)","เขตหลักสี่, กลุ่มกรุงเทพเหนือ (นางวันทนีย์ วัฒนะ), ผอ.เขตหลักสี่ (นางสมฤดี), เพื่อนชัชชาติ, กรุงเทพมหานคร",ปกติฝนตกหนักขนาดไหนก็ไม่เคยท่วมนะคะในบ้าน,"100.55459,13.87636",https://storage.googleapis.com/traffy_public_bucket/attachment/2022-09/202558fb05754c14cd3bcf7b4ee02ce7cf98c670.jpg,https://storage.googleapis.com/traffy_public_bucket/attachment/2022-09/ab8301f65f5aacf29f6924addd5b720908b22782.jpg,17/61 ซอย การไฟฟ้าภูมิภาค แขวง ทุ่งสองห้อง เขต หลักสี่ กรุงเทพมหานคร 10210 ประเทศไทย,ทุ่งสองห้อง,หลักสี่,กรุงเทพมหานคร,2022-09-07 02:23:40.353191,เสร็จสิ้น,,0,2022-09-07 03:45:37.044644,,82.0,82.0,,2022-09-07 03:45:37.048106,218344,{อื่นๆ},13.87636,100.55459,1.3666666666666667,,1.3666666666666667,Hydraulic Capacity Surcharge
2022-FNCK77,น้ำท่วม,"กรุงเทพมหานคร, เพื่อนชัชชาติ, เขตหลักสี่, ผอ.เขตหลักสี่ (นางสมฤดี), กลุ่มกรุงเทพเหนือ (นางวันทนีย์ วัฒนะ)","เขตหลักสี่, กลุ่มกรุงเทพเหนือ (นางวันทนีย์ วัฒนะ), ผอ.เขตหลักสี่ (นางสมฤดี), เพื่อนชัชชาติ, กรุงเทพมหานคร",น้ำท่วมขังนานหลายชั่วโมง,"100.55575,13.86982",https://storage.googleapis.com/traffy_public_bucket/attachment/2022-09/0d1d07f75ae0e188090c3ef82063fab239cddf6f.jpg,https://storage.googleapis.com/traffy_public_bucket/attachment/2022-09/aa7345e83e58e81d17dec480f460b3010131f2a1.jpg,59/77 ซอย งามวงศ์วาน 47 แยก 39 แขวง ทุ่งสองห้อง เขต หลักสี่ กรุงเทพมหานคร 10210 ประเทศไทย,ทุ่งสองห้อง,หลักสี่,กรุงเทพมหานคร,2022-09-07 01:57:30.100959,เสร็จสิ้น,,0,2022-09-07 03:46:37.981902,,110.0,110.0,,2022-09-07 03:46:37.985452,218342,{อื่นๆ},13.86982,100.55575,1.8333333333333333,,1.8333333333333333,Transient Surcharge Candidate
2022-EWENGV,น้ำท่วม,"เพื่อนชัชชาติ, กรุงเทพมหานคร, เขตดอนเมือง, ผอ.เขตดอนเมือง (นายสาโรจน์), กลุ่มกรุงเทพเหนือ (นางวันทนีย์ วัฒนะ)","เขตดอนเมือง, กลุ่มกรุงเทพเหนือ (นางวันทนีย์ วัฒนะ), ผอ.เขตดอนเมือง (นายสาโรจน์), กรุงเทพมหานคร, เพื่อนชัชชาติ",นำ้ท่วมครับ,"100.59588,13.91354",https://storage.googleapis.com/traffy_public_bucket/attachment/2022-09/cb0028886fa762852147b1c244613fa37eb20b8d.jpg,https://storage.googleapis.com/traffy_public_bucket/attachment/2022-09/edeeeb91ae904071cf4a766e4c42308d443f7c45.jpg,269/1 ถนนช่างอากาศอุทิศ แขวง ดอนเมือง เขตดอนเมือง กรุงเทพมหานคร 10210 ประเทศไทย,ดอนเมือง,ดอนเมือง,กรุงเทพมหานคร,2022-09-07 01:32:21.557352,เสร็จสิ้น,,0,2022-09-07 09:53:41.385501,,502.0,502.0,,2022-09-07 09:53:41.390118,218339,{น้ำท่วม},13.91354,100.59588,8.366666666666667,,8.366666666666667,Transient Surcharge Candidate
2022-KHA4TE,น้ำท่วม,"เพื่อนชัชชาติ, เขตลาดกระบัง, กรุงเทพมหานคร, ผอ.เขตลาดกระบัง (นายธนะสิทธิ์), กลุ่มกรุงเทพตะวันออก (นายณรงค์ เรืองศรี)","เขตลาดกระบัง, กลุ่มกรุงเทพตะวันออก (นายณรงค์ เรืองศรี), ผอ.เขตลาดกระบัง (นายธนะสิทธิ์), กรุงเทพมหานคร, เพื่อนชัชชาติ",แจ้งเรื่องน้ำขังบนถนน ทำให้แท้กซี่ไม่รับและข้ามถนนได้ลำบากไม่สามารถข้ามตรงทางม้าลายได้ น้ำขังทั้งเส้นถนน,"100.77397,13.72191",https://storage.googleapis.com/traffy_public_bucket/attachment/2022-09/a332c0d051f06d7e372a5a18e8d5ef06a9f92b61.jpg,https://storage.googleapis.com/traffy_public_bucket/attachment/2022-09/0c14f853a42fa810b98939fb32f33e3e7338fd73.jpg,1671 12 ซอย ลาดกระบัง 11/1 แขวง ลาดกระบัง เขตลาดกระบัง กรุงเทพมหานคร 10520 ประเทศไทย,ลาดกระบัง,ลาดกระบัง,กรุงเทพมหานคร,2022-09-07 01:26:46.260981,เสร็จสิ้น,4.0,0,2023-08-31 09:13:13.049355,482.0,520.0,520.0,2022-09-07 09:27:51.039724,2022-09-07 10:05:59.583668,218336,{น้ำท่วม},13.72191,100.77397,8.666666666666666,8.033333333333333,8.666666666666666,Transient Surcharge Candidate
2022-KDCGRE,น้ำท่วม,"กรุงเทพมหานคร, เพื่อนชัชชาติ, เขตหลักสี่, ผอ.เขตหลักสี่ (นางสมฤดี), กลุ่มกรุงเทพเหนือ (นางวันทนีย์ วัฒนะ)","เขตหลักสี่, กลุ่มกรุงเทพเหนือ (นางวันทนีย์ วัฒนะ), ผอ.เขตหลักสี่ (นางสมฤดี), เพื่อนชัชชาติ, กรุงเทพมหานคร",ขนาดฝนหยุดตกน้ำก็ยังเพิ่มขึ้นนะคะ,"100.55457,13.87633",https://storage.googleapis.com/traffy_public_bucket/attachment/2022-09/42e8aea0c25ce0fd5bb84f74b25ef58f3e060af8.jpg,https://storage.googleapis.com/traffy_public_bucket/attachment/2022-09/b02bd7c6decabacba0570697dc251865fa77603c.jpg,VHG3+GQJ ซ. ประชาชื่น 14 แขวง ทุ่งสองห้อง เขต หลักสี่ กรุงเทพมหานคร 10210 ประเทศไทย,ทุ่งสองห้อง,หลักสี่,กรุงเทพมหานคร,2022-09-07 01:19:57.209801,เสร็จสิ้น,,0,2022-09-07 01:56:23.33,,37.0,37.0,,2022-09-07 01:56:23.333633,218333,{อื่นๆ},13.87633,100.55457,0.6166666666666667,,0.6166666666666667,Transient Surcharge Candidate
2022-N8UFNG,น้ำท่วม,"เพื่อนชัชชาติ, กรุงเทพมหานคร, เขตหลักสี่, ผอ.เขตหลักสี่ (นางสมฤดี), กลุ่มกรุงเทพเหนือ (นางวันทนีย์ วัฒนะ)","เขตหลักสี่, กลุ่มกรุงเทพเหนือ (นางวันทนีย์ วัฒนะ), ผอ.เขตหลักสี่ (นางสมฤดี), กรุงเทพมหานคร, เพื่อนชัชชาติ",น้ำท่วมเข้ามาในบ้านแล้วค่ะ,"100.55467,13.87660",https://storage.googleapis.com/traffy_public_bucket/attachment/2022-09/623f5669d65f0d7f80dd3045d1e41589237c3054.jpg,https://storage.googleapis.com/traffy_public_bucket/attachment/2022-09/989d5deaf18879ec318ec34af94e9e13adb635e4.jpg,17/61 ซอย การไฟฟ้าภูมิภาค แขวง ทุ่งสองห้อง เขต หลักสี่ กรุงเทพมหานคร 10210 ประเทศไทย,ทุ่งสองห้อง,หลักสี่,กรุงเทพมหานคร,2022-09-07 01:18:17.342678,เสร็จสิ้น,,0,2022-09-07 01:59:05.476808,,41.0,41.0,,2022-09-07 01:59:05.479696,218332,{น้ำท่วม},13.8766,100.55467,0.6833333333333333,,0.6833333333333333,Transient Surcharge Candidate
2022-8P92D6,น้ำท่วม,"เพื่อนชัชชาติ, กรุงเทพมหานคร, เขตบึงกุ่ม, ฝ่ายโยธา เขตบึงกุ่ม, ผอ.เขตบึงกุ่ม (นางสาวเบญจพร ศักดิ์เรืองแมน), กลุ่มกรุงเทพตะวันออก (นายณรงค์ เรืองศรี)","เขตบึงกุ่ม, กลุ่มกรุงเทพตะวันออก (นายณรงค์ เรืองศรี), ผอ.เขตบึงกุ่ม (นางสาวเบญจพร ศักดิ์เรืองแมน), ฝ่ายโยธา เขตบึงกุ่ม, กรุงเทพมหานคร, เพื่อนชัชชาติ",ฝากแจ้งเปิดเครื่องสูบ ซอยนวมินทร์ 42 หน่อยนะครับตกปุ๊ปท่วมปับ,"100.66188,13.79792",https://storage.googleapis.com/traffy_public_bucket/attachment/2022-09/7f47ea424b4f5ea19eb796f3096a97db62d41568.jpg,https://storage.googleapis.com/traffy_public_bucket/attachment/2022-09/44ad304159de5c5e9bee282e0faf09ba5f11206f.jpg,15/185 ซอย นวมินทร์ 42 แยก 42-11 แขวง คลองกุ่ม เขต บึงกุ่ม กรุงเทพมหานคร 10230 ประเทศไทย,คลองกุ่ม,บึงกุ่ม,กรุงเทพมหานคร,2022-09-06 22:57:12.921839,เสร็จสิ้น,4.0,0,2022-11-12 15:24:40.368647,,597.0,597.0,,2022-09-07 08:53:18.060958,218269,{น้ำท่วม},13.79792,100.66188,9.95,,9.95,Transient Surcharge Candidate
2022-HF8C29,น้ำท่วม,"เพื่อนชัชชาติ, เขตราชเทวี, กรุงเทพมหานคร, ฝ่ายโยธา เขตราชเทวี, ผอ.เขตราชเทวี (นายกรณิศ), กลุ่มกรุงเทพกลาง (นายสุขสันต์ กิตติศุภกร)","ฝ่ายโยธา เขตราชเทวี, เขตราชเทวี, กลุ่มกรุงเทพกลาง (นายสุขสันต์ กิตติศุภกร), ผอ.เขตราชเทวี (นายกรณิศ), กรุงเทพมหานคร, เพื่อนชัชชาติ",1. น้ำท่วมตั้งแต่ปากซอยทางเข้าบ้าน ซอยหลังโรงเรียนกิ่งเพชร ทุกครั้งที่ฝนตก พื้นที่ต่ำกว่าถนน ปัญหาซ้ำซาก,"100.52637,13.75133",https://storage.googleapis.com/traffy_public_bucket/attachment/2022-09/30649cef79675771a324d8c4550302f36712d270.jpg,https://storage.googleapis.com/traffy_public_bucket/attachment/2022-09/60462fda5c346d9614fd1c47088943c28f6a44b2.jpg,535 31 ตรอก พระราม 6 ซอย 17 แขวง ถนนเพชรบุรี เขตราชเทวี กรุงเทพมหานคร 10400 ประเทศไทย,ถนนเพชรบุรี,ราชเทวี,กรุงเทพมหานคร,2022-09-06 22:19:01.325850,เสร็จสิ้น,1.0,0,2022-09-06 23:09:45.380912,25.0,51.0,51.0,2022-09-06 22:44:01.249441,2022-09-06 23:09:45.384494,218225,{น้ำท่วม},13.75133,100.52637,0.85,0.4166666666666667,0.85,Transient Surcharge Candidate
2022-AV8K6A,น้ำท่วม,"เพื่อนชัชชาติ, เขตบางเขน, กรุงเทพมหานคร, ผอ.เขตบางเขน (น.ส.อัญชนา), กลุ่มกรุงเทพเหนือ (นางวันทนีย์ วัฒนะ)","เขตบางเขน, กลุ่มกรุงเทพเหนือ (นางวันทนีย์ วัฒนะ), ผอ.เขตบางเขน (น.ส.อัญชนา), กรุงเทพมหานคร, เพื่อนชัชชาติ",ประสานงานเขตบางเขน ช่วยลอกคลองไผ่เขียว,"100.62533,13.85461",https://storage.googleapis.com/traffy_public_bucket/attachment/2022-09/2aa10c8348b638ff8461054c7e1e28efedb86044.jpg,https://storage.googleapis.com/traffy_public_bucket/attachment/2022-09/fefe40b097cc30c3d4fe2748727b8d7f22c8eb4c.jpg,39 ซอย รามอินทรา 14 แยก 8 แขวง ท่าแร้ง เขตบางเขน กรุงเทพมหานคร 10220 ประเทศไทย,อนุสาวรีย์,บางเขน,กรุงเทพมหานคร,2022-09-06 21:15:08.598668,เสร็จสิ้น,,0,2022-09-06 21:39:22.708331,,25.0,25.0,,2022-09-06 21:39:22.711840,218129,{น้ำท่วม},13.85461,100.62533,0.4166666666666667,,0.4166666666666667,Transient Surcharge Candidate
2022-F8QTBL,อื่นๆ,"เพื่อนชัชชาติ, เขตบางเขน, กรุงเทพมหานคร, ผอ.เขตบางเขน (น.ส.อัญชนา), กลุ่มกรุงเทพเหนือ (นางวันทนีย์ วัฒนะ)","เขตบางเขน, กลุ่มกรุงเทพเหนือ (นางวันทนีย์ วัฒนะ), ผอ.เขตบางเขน (น.ส.อัญชนา), กรุงเทพมหานคร, เพื่อนชัชชาติ",น้ำท่วม,"100.62588,13.85627",https://storage.googleapis.com/traffy_public_bucket/attachment/2022-09/d83cd15f342f188e7947a55db5fb460be0fe1813.jpg,https://storage.googleapis.com/traffy_public_bucket/attachment/2022-09/3919d8b5b38a1f66d4722c18f33d08dd2f9115b0.jpg,40 ซอย รามอินทรา 10 แขวง อนุสาวรีย์ เขตบางเขน กรุงเทพมหานคร 10220 ประเทศไทย,อนุสาวรีย์,บางเขน,กรุงเทพมหานคร,2022-09-06 21:12:42.838780,เสร็จสิ้น,,0,2022-09-06 21:44:07.697991,,32.0,32.0,,2022-09-06 21:44:07.705769,218125,{อื่นๆ},13.85627,100.62588,0.5333333333333333,,0.5333333333333333,Transient Surcharge Candidate
2022-G7PQPN,น้ำท่วม,"เพื่อนชัชชาติ, กรุงเทพมหานคร, เขตหลักสี่, ผอ.เขตหลักสี่ (นางสมฤดี), กลุ่มกรุงเทพเหนือ (นางวันทนีย์ วัฒนะ)","เขตหลักสี่, กลุ่มกรุงเทพเหนือ (นางวันทนีย์ วัฒนะ), ผอ.เขตหลักสี่ (นางสมฤดี), กรุงเทพมหานคร, เพื่อนชัชชาติ",น้ำท่วม ซ.ประชาชื่น 14 แยก 6-3 ค่ะ,"100.55312,13.87470",https://storage.googleapis.com/traffy_public_bucket/attachment/2022-09/63cb95eec64af6413a0f369e6563543e3eaa931c.jpg,https://storage.googleapis.com/traffy_public_bucket/attachment/2022-09/861f67a3021a4c70c18526fc687e53dfb6ef0dd0.jpg,17/225 ประชาชื่น แขวง ทุ่งสองห้อง เขต หลักสี่ กรุงเทพมหานคร 10210 ประเทศไทย,ทุ่งสองห้อง,หลักสี่,กรุงเทพมหานคร,2022-09-06 21:06:02.143278,เสร็จสิ้น,3.0,0,2022-09-06 21:27:13.206586,,22.0,22.0,,2022-09-06 21:27:13.210489,218117,{น้ำท่วม},13.8747,100.55312,0.36666666666666664,,0.36666666666666664,Transient Surcharge Candidate
2022-LZFKUV,อื่นๆ,"เพื่อนชัชชาติ, เขตบางเขน, กรุงเทพมหานคร, ผอ.เขตบางเขน (น.ส.อัญชนา), กลุ่มกรุงเทพเหนือ (นางวันทนีย์ วัฒนะ)","เขตบางเขน, กลุ่มกรุงเทพเหนือ (นางวันทนีย์ วัฒนะ), ผอ.เขตบางเขน (น.ส.อัญชนา), กรุงเทพมหานคร, เพื่อนชัชชาติ",น้ำท่วมซอย,"100.61702,13.86240",https://storage.googleapis.com/traffy_public_bucket/attachment/2022-09/8b5daebc8c33fa52bfc5ba532c36e395fe7dda45.jpg,https://storage.googleapis.com/traffy_public_bucket/attachment/2022-09/956dad0acd4be147c93c17c2e639f22e132822f1.jpg,8 ซอย รามอินทรา 4/3 แขวง อนุสาวรีย์ เขตบางเขน กรุงเทพมหานคร 10220 ประเทศไทย,อนุสาวรีย์,บางเขน,กรุงเทพมหานคร,2022-09-06 20:20:52.400304,เสร็จสิ้น,3.0,0,2022-09-18 10:22:29.493576,133.0,,133.0,2022-09-06 22:32:59.672113,,218036,{อื่นๆ},13.8624,100.61702,2.216666666666667,2.216666666666667,,Transient Surcharge Candidate
2022-AMYGWB,อื่นๆ,"เพื่อนชัชชาติ, กรุงเทพมหานคร, เขตหลักสี่, ผอ.เขตหลักสี่ (นางสมฤดี), กลุ่มกรุงเทพเหนือ (นางวันทนีย์ วัฒนะ)","เขตหลักสี่, กลุ่มกรุงเทพเหนือ (นางวันทนีย์ วัฒนะ), ผอ.เขตหลักสี่ (นางสมฤดี), กรุงเทพมหานคร, เพื่อนชัชชาติ",ถนนไม่้เรียบทำให้เกิดน้ำท่วมขังครับ,"100.58687,13.88766",https://storage.googleapis.com/traffy_public_bucket/attachment/2022-09/9320150cf32f123e779324b406794e260c5a4ef0.jpg,https://storage.googleapis.com/traffy_public_bucket/attachment/2022-09/bf96dd485101ae46185946f3daaa8631667dfb1e.jpg,203/10 ซอย วิภาวดีรังสิต 33 แขวง ตลาดบางเขน เขต หลักสี่ กรุงเทพมหานคร 10210 ประเทศไทย,ตลาดบางเขน,หลักสี่,กรุงเทพมหานคร,2022-09-06 19:24:09.506681,เสร็จสิ้น,,0,2022-09-06 19:40:54.833754,,17.0,17.0,,2022-09-06 19:40:55.703013,217943,{อื่นๆ},13.88766,100.58687,0.2833333333333333,,0.2833333333333333,Transient Surcharge Candidate
2022-6LQQZG,อื่นๆ,"เพื่อนชัชชาติ, กรุงเทพมหานคร, เขตหลักสี่, ผอ.เขตหลักสี่ (นางสมฤดี), กลุ่มกรุงเทพเหนือ (นางวันทนีย์ วัฒนะ)","เขตหลักสี่, กลุ่มกรุงเทพเหนือ (นางวันทนีย์ วัฒนะ), ผอ.เขตหลักสี่ (นางสมฤดี), กรุงเทพมหานคร, เพื่อนชัชชาติ",น้ำท่วม,"100.58687,13.88768",https://storage.googleapis.com/traffy_public_bucket/attachment/2022-09/e8b242bd89242c25ac3b92e768e44097d267db17.jpg,https://storage.googleapis.com/traffy_public_bucket/attachment/2022-09/9e9d3f746d72cb67aa6462d88c82f72898b137b4.jpg,203/10 ซอย วิภาวดีรังสิต 33 แขวง ตลาดบางเขน เขต หลักสี่ กรุงเทพมหานคร 10210 ประเทศไทย,ตลาดบางเขน,หลักสี่,กรุงเทพมหานคร,2022-09-06 19:22:18.236260,เสร็จสิ้น,5.0,0,2022-09-06 19:41:24.719833,,20.0,20.0,,2022-09-06 19:41:24.723578,217941,{อื่นๆ},13.88768,100.58687,0.3333333333333333,,0.3333333333333333,Transient Surcharge Candidate
2022-EWBGVR,น้ำท่วม,"กรุงเทพมหานคร, เพื่อนชัชชาติ, เขตหลักสี่, ผอ.เขตหลักสี่ (นางสมฤดี), กลุ่มกรุงเทพเหนือ (นางวันทนีย์ วัฒนะ)","เขตหลักสี่, กลุ่มกรุงเทพเหนือ (นางวันทนีย์ วัฒนะ), ผอ.เขตหลักสี่ (นางสมฤดี), เพื่อนชัชชาติ, กรุงเทพมหานคร",ทะเลกรุงเทพ,"100.58552,13.88202",https://storage.googleapis.com/traffy_public_bucket/attachment/2022-09/65a607945fdd468dfab81d95ae9a097ae50ee45d.jpg,https://storage.googleapis.com/traffy_public_bucket/attachment/2022-09/fdd642125e8482212c5fc29a002a0ae35912c0f6.jpg,Opposite Charoen Phon Witthaya School แขวง ตลาดบางเขน เขต หลักสี่ กรุงเทพมหานคร 10210 ประเทศไทย,ตลาดบางเขน,หลักสี่,กรุงเทพมหานคร,2022-09-06 19:21:35.124135,เสร็จสิ้น,1.0,0,2022-09-06 19:41:46.424804,,21.0,21.0,,2022-09-06 19:41:47.324645,217940,{อื่นๆ},13.88202,100.58552,0.35,,0.35,Transient Surcharge Candidate
2022-B237Z2,อื่นๆ,"เพื่อนชัชชาติ, กรุงเทพมหานคร, เขตหลักสี่, ผอ.เขตหลักสี่ (นางสมฤดี), กลุ่มกรุงเทพเหนือ (นางวันทนีย์ วัฒนะ)","เขตหลักสี่, กลุ่มกรุงเทพเหนือ (นางวันทนีย์ วัฒนะ), ผอ.เขตหลักสี่ (นางสมฤดี), กรุงเทพมหานคร, เพื่อนชัชชาติ",น้ำท่วมอีกที่ครับ,"100.58683,13.88833",https://storage.googleapis.com/traffy_public_bucket/attachment/2022-09/e581b0f790884a34d1c8247b8c54dea88ac1a92a.jpg,https://storage.googleapis.com/traffy_public_bucket/attachment/2022-09/b2fb1ccca7bcc2d98b530d8c23dc201ce8f8bdbc.jpg,230/222 ซอย แจ้งวัฒนะ 6 แขวง ตลาดบางเขน เขต หลักสี่ กรุงเทพมหานคร 10210 ประเทศไทย,ตลาดบางเขน,หลักสี่,กรุงเทพมหานคร,2022-09-06 19:19:51.628105,เสร็จสิ้น,,0,2022-09-06 19:36:15.315863,,17.0,17.0,,2022-09-06 19:36:15.319394,217936,{อื่นๆ},13.88833,100.58683,0.2833333333333333,,0.2833333333333333,Transient Surcharge Candidate
2022-L3HTD9,น้ำท่วม,"เพื่อนชัชชาติ, เขตทุ่งครุ, กรุงเทพมหานคร, ฝ่ายโยธา เขตทุ่งครุ, ผอ.เขตทุ่งครุ (นายพงค์ศักดิ์), กลุ่มกรุงธนใต้ (นายเฉลิมพล โชตินุชิต)","ฝ่ายโยธา เขตทุ่งครุ, เขตทุ่งครุ, กลุ่มกรุงธนใต้ (นายเฉลิมพล โชตินุชิต), ผอ.เขตทุ่งครุ (นายพงค์ศักดิ์), กรุงเทพมหานคร, เพื่อนชัชชาติ",ซอยประชาอุทิศ82,"100.51063,13.62011",https://storage.googleapis.com/traffy_public_bucket/attachment/2022-09/540bc183d2d04ff0228fe29d097947d223661520.jpg,https://storage.googleapis.com/traffy_public_bucket/attachment/2022-09/6be2f76649103f963b8d507592338d7b16da8a8a.jpg,81/4 ถ. ประชาอุทิศ แขวง ทุ่งครุ เขตทุ่งครุ กรุงเทพมหานคร 10140 ประเทศไทย,ทุ่งครุ,ทุ่งครุ,กรุงเทพมหานคร,2022-09-06 18:56:29.781327,เสร็จสิ้น,,0,2022-09-06 21:01:37.493531,,126.0,126.0,,2022-09-06 21:01:37.497786,217885,{น้ำท่วม},13.62011,100.51063,2.1,,2.1,Transient Surcharge Candidate
2022-A6FLEU,อื่นๆ,"เพื่อนชัชชาติ, กรุงเทพมหานคร, เขตบางขุนเทียน, ผอ.เขตบางขุนเทียน (นางภัสรา), กลุ่มกรุงธนใต้ (นายเฉลิมพล โชตินุชิต)","เขตบางขุนเทียน, กลุ่มกรุงธนใต้ (นายเฉลิมพล โชตินุชิต), ผอ.เขตบางขุนเทียน (นางภัสรา), กรุงเทพมหานคร, เพื่อนชัชชาติ",น้ำท่วมขังหนักมากค่ะ สัญจรลำบากด้วยค่ะ,"100.43992,13.62176",https://storage.googleapis.com/traffy_public_bucket/attachment/2022-09/9b7ecbdc074b926ef85feb1018ae7f9b0fb79644.jpg,https://storage.googleapis.com/traffy_public_bucket/attachment/2022-09/368dfed86b2210232be832e987ea5abc6072bcd1.jpg,7/227 เทียนทะเล แขวง ท่าข้าม เขตบางขุนเทียน กรุงเทพมหานคร 10150 ประเทศไทย,ท่าข้าม,บางขุนเทียน,กรุงเทพมหานคร,2022-09-06 18:50:34.020444,เสร็จสิ้น,,0,2022-09-06 20:03:22.057349,21.0,73.0,73.0,2022-09-06 19:11:12.597852,2022-09-06 20:03:22.060889,217869,{อื่นๆ},13.62176,100.43992,1.2166666666666666,0.35,1.2166666666666666,Transient Surcharge Candidate
2022-DCEXKW,ถนน,"กรุงเทพมหานคร, เพื่อนชัชชาติ, เขตหลักสี่, สน.ทุ่งสองห้อง, กองบังคับการตำรวจนครบาล 2 (บก.น.2), ผอ.เขตหลักสี่ (นางสมฤดี), กลุ่มกรุงเทพเหนือ (นางวันทนีย์ วัฒนะ), กองบัญชาการตำรวจนครบาล (บช.น.), สำนักงานตำรวจแห่งชาติ (Royal Thai Police)","กองบังคับการตำรวจนครบาล 2 (บก.น.2), สน.ทุ่งสองห้อง, เขตหลักสี่, สำนักงานตำรวจแห่งชาติ (Royal Thai Police), กองบัญชาการตำรวจนครบาล (บช.น.), กลุ่มกรุงเทพเหนือ (นางวันทนีย์ วัฒนะ), ผอ.เขตหลักสี่ (นางสมฤดี), เพื่อนชัชชาติ, กรุงเทพมหานคร",ถนนแจ้งวัฒนะหน้าศูนย์ราชการฝนตกหนักน้ำท่วมถนนรถติดไม่ขยับเลยครับรบกวนช่วยแก้ไขปัญหาน้ำท่วมเวลาฝนตกหนักระบายไม่ทัน และอำนวยความสะดวกกรณีนี้ทำให้การจราจรติดขัดมาก,"100.57172,13.88975",https://storage.googleapis.com/traffy_public_bucket/attachment/2022-09/35289d149f681321f4f9f6bf74c78b1b0ee1815c.jpg,https://storage.googleapis.com/traffy_public_bucket/attachment/2022-09/209822bb0f74ef3abfe16012af55fc6846037902.jpg,119 ถ. แจ้งวัฒนะ แขวง ทุ่งสองห้อง เขต หลักสี่ กรุงเทพมหานคร 10210 ประเทศไทย,ทุ่งสองห้อง,หลักสี่,กรุงเทพมหานคร,2022-09-06 18:35:38.436943,เสร็จสิ้น,5.0,1,2022-09-06 18:51:05.101628,,16.0,16.0,,2022-09-06 18:51:05.106219,217831,{ถนน},13.88975,100.57172,0.26666666666666666,,0.26666666666666666,Hydraulic Capacity Surcharge
2022-H47GMF,น้ำท่วม,"เพื่อนชัชชาติ, กรุงเทพมหานคร, เขตหลักสี่, ผอ.เขตหลักสี่ (นางสมฤดี), กลุ่มกรุงเทพเหนือ (นางวันทนีย์ วัฒนะ)","เขตหลักสี่, กลุ่มกรุงเทพเหนือ (นางวันทนีย์ วัฒนะ), ผอ.เขตหลักสี่ (นางสมฤดี), กรุงเทพมหานคร, เพื่อนชัชชาติ",น้ำท่วมขังครับ,"100.58324,13.88695",https://storage.googleapis.com/traffy_public_bucket/attachment/2022-09/8bfdc90fc62ac713ad024e963430df4f7e31699c.jpg,https://storage.googleapis.com/traffy_public_bucket/attachment/2022-09/208f18bd83ac77c22f83cb3a20d79f84198267b9.jpg,ทางยกระดับอุตราภิมุข แขวง ตลาดบางเขน เขต หลักสี่ กรุงเทพมหานคร 10210 ประเทศไทย,ตลาดบางเขน,หลักสี่,กรุงเทพมหานคร,2022-09-06 18:02:14.089257,เสร็จสิ้น,4.0,0,2022-09-06 18:16:38.40573,,15.0,15.0,,2022-09-06 18:16:38.409496,217769,{น้ำท่วม},13.88695,100.58324,0.25,,0.25,Transient Surcharge Candidate
2022-HHKT3B,น้ำท่วม,"เพื่อนชัชชาติ, เขตบางนา, กรุงเทพมหานคร, ฝ่ายโยธา เขตบางนา, ผอ.เขตบางนา (นางประภัสสร), กลุ่มกรุงเทพใต้ (นายชาตรี วัฒนเขจร)","เขตบางนา, กลุ่มกรุงเทพใต้ (นายชาตรี วัฒนเขจร), ผอ.เขตบางนา (นางประภัสสร), ฝ่ายโยธา เขตบางนา, กรุงเทพมหานคร, เพื่อนชัชชาติ",ปัญหาน้ำท่วมในซอย ท่วมแค่บางจุด,"100.63344,13.65415",https://storage.googleapis.com/traffy_public_bucket/attachment/2022-09/bc3c7dbbbdf1f83583b29c35f123861f652d5d11.jpg,https://storage.googleapis.com/traffy_public_bucket/attachment/2022-09/bce6f24010a5181fe5ef27a3bd759c9e09fd9a36.jpg,144 ซอย ลาซาล 50 แขวง บางนา เขตบางนา กรุงเทพมหานคร 10260 ประเทศไทย,บางนาใต้,บางนา,กรุงเทพมหานคร,2022-09-06 14:48:29.678818,เสร็จสิ้น,,0,2022-09-06 16:29:52.375503,,102.0,102.0,,2022-09-06 16:29:52.379064,217478,{น้ำท่วม},13.65415,100.63344,1.7,,1.7,Transient Surcharge Candidate
2022-LP2R9K,น้ำท่วม,"กรุงเทพมหานคร, เขตบางแค, เพื่อนชัชชาติ, ฝ่ายโยธา เขตบางแค, ผอ.เขตบางแค (นายณรงค์), กลุ่มกรุงธนใต้ (นายเฉลิมพล โชตินุชิต)","ฝ่ายโยธา เขตบางแค, เขตบางแค, กลุ่มกรุงธนใต้ (นายเฉลิมพล โชตินุชิต), ผอ.เขตบางแค (นายณรงค์), เพื่อนชัชชาติ, กรุงเทพมหานคร",น้ำท่วมในซอยเพชรเกษม67/1 ทุกครั้งที่ฝนตก,"100.37751,13.70811",https://storage.googleapis.com/traffy_public_bucket/attachment/2022-09/12ff01cb3db4d75916e4471dca2e30b551e0f45c.jpg,https://storage.googleapis.com/traffy_public_bucket/attachment/2022-09/92bf580ecda6887071f583bad182ae3f2ca86680.jpg,ตรงข้ามโรงเรียนอนุบาลเด่นหล้า แขวง บางแคเหนือ เขตบางแค กรุงเทพมหานคร 10160 ประเทศไทย,บางแคเหนือ,บางแค,กรุงเทพมหานคร,2022-09-06 14:27:42.593210,เสร็จสิ้น,,0,2022-09-06 15:43:05.728719,32.0,76.0,76.0,2022-09-06 14:58:55.796603,2022-09-06 15:43:05.732754,217351,{อื่นๆ},13.70811,100.37751,1.2666666666666666,0.5333333333333333,1.2666666666666666,Transient Surcharge Candidate
2022-CNZAMH,น้ำท่วม,"เพื่อนชัชชาติ, กรุงเทพมหานคร, เขตบางขุนเทียน, ผอ.เขตบางขุนเทียน (นางภัสรา), กลุ่มกรุงธนใต้ (นายเฉลิมพล โชตินุชิต)","เขตบางขุนเทียน, กลุ่มกรุงธนใต้ (นายเฉลิมพล โชตินุชิต), ผอ.เขตบางขุนเทียน (นางภัสรา), กรุงเทพมหานคร, เพื่อนชัชชาติ",ซอยเทียนทะเล7แยก6-1 ถนนเทียนทะเล7แขวงท่าข้ามเขตบางขุนเทียนยังไม่ได้ทำถนนยังไม่ได้วางท่อระบายน้ำรถวิ่งสวนไม่ได้ฝนตกน้ำท่วมขังประจำ,"100.44345,13.63625",https://storage.googleapis.com/traffy_public_bucket/attachment/2022-09/98756c23359f70e8cf2a156b486673983c92b1e0.jpg,https://storage.googleapis.com/traffy_public_bucket/attachment/2022-09/2f7f413049fdb1368a7e6d2d442d95bc4a1481cd.jpg,66/251 ซอย บัวดี แขวง แสมดำ เขตบางขุนเทียน กรุงเทพมหานคร 10150 ประเทศไทย,แสมดำ,บางขุนเทียน,กรุงเทพมหานคร,2022-09-06 14:00:06.169963,เสร็จสิ้น,5.0,0,2022-09-06 18:16:23.047878,3.0,257.0,257.0,2022-09-06 14:02:07.123314,2022-09-06 18:16:23.051058,217287,{น้ำท่วม},13.63625,100.44345,4.283333333333333,0.05,4.283333333333333,Hydraulic Capacity Surcharge
2022-GZE3W6,อื่นๆ,"เพื่อนชัชชาติ, กรุงเทพมหานคร, เขตบางขุนเทียน, ผอ.เขตบางขุนเทียน (นางภัสรา), กลุ่มกรุงธนใต้ (นายเฉลิมพล โชตินุชิต)","เขตบางขุนเทียน, กลุ่มกรุงธนใต้ (นายเฉลิมพล โชตินุชิต), ผอ.เขตบางขุนเทียน (นางภัสรา), กรุงเทพมหานคร, เพื่อนชัชชาติ",แจ้งปัญหาน้ำท่วมค่ะ รถเข้าซอยไม่ได้ค่ะ,"100.44231,13.63688",https://storage.googleapis.com/traffy_public_bucket/attachment/2022-09/224eb8c045e6f0193751dea16a4779aabdb88330.jpg,https://storage.googleapis.com/traffy_public_bucket/attachment/2022-09/c82a30608e3a274dc5398587836e1263057ae56b.jpg,4/1ม.พฤกษาวิลล์ ท่าข้าม80 เทียนทะเล 7 แยก 6-5 แขวง แสมดำ เขตบางขุนเทียน กรุงเทพมหานคร 10150 ประเทศไทย,แสมดำ,บางขุนเทียน,กรุงเทพมหานคร,2022-09-06 11:44:18.679107,เสร็จสิ้น,,0,2022-09-06 12:35:03.720272,30.0,51.0,51.0,2022-09-06 12:13:42.700853,2022-09-06 12:35:03.727935,217107,{อื่นๆ},13.63688,100.44231,0.85,0.5,0.85,Transient Surcharge Candidate
2022-6GVXEU,อื่นๆ,"เพื่อนชัชชาติ, กรุงเทพมหานคร, เขตบางขุนเทียน, ผอ.เขตบางขุนเทียน (นางภัสรา), กลุ่มกรุงธนใต้ (นายเฉลิมพล โชตินุชิต)","เขตบางขุนเทียน, กลุ่มกรุงธนใต้ (นายเฉลิมพล โชตินุชิต), ผอ.เขตบางขุนเทียน (นางภัสรา), กรุงเทพมหานคร, เพื่อนชัชชาติ","แจ้งปัญหาท่อระบายน้ำตัน น้ำท่วมขังสูง
รถเข้าออกไม่ได้เลยค่ะ

พิกัดซอยเทียนทะเล 7 แยก 6 แสมดำ บางขุนเทียน","100.44226,13.63689",https://storage.googleapis.com/traffy_public_bucket/attachment/2022-09/9cabffa4dcf06814d27d3cc5a329b07f42c87ae6.jpg,https://storage.googleapis.com/traffy_public_bucket/attachment/2022-09/6f60dbc1566acb6cf9bf4a443c22e17c1b2e1e2d.jpg,4/1ม.พฤกษาวิลล์ ท่าข้าม80 เทียนทะเล 7 แยก 6-5 แขวง แสมดำ เขตบางขุนเทียน กรุงเทพมหานคร 10150 ประเทศไทย,แสมดำ,บางขุนเทียน,กรุงเทพมหานคร,2022-09-06 11:38:58.506673,เสร็จสิ้น,,0,2022-09-06 12:35:27.187248,35.0,57.0,57.0,2022-09-06 12:13:29.612465,2022-09-06 12:35:27.190916,217098,{อื่นๆ},13.63689,100.44226,0.95,0.5833333333333334,0.95,Transient Surcharge Candidate
2022-C9GEMM,น้ำท่วม,"เพื่อนชัชชาติ, กรุงเทพมหานคร, เขตบางบอน, ฝ่ายโยธา เขตบางบอน, ผอ.เขตบางบอน (นางทวีพร), กลุ่มกรุงธนใต้ (นายเฉลิมพล โชตินุชิต)","ฝ่ายโยธา เขตบางบอน, เขตบางบอน, กลุ่มกรุงธนใต้ (นายเฉลิมพล โชตินุชิต), ผอ.เขตบางบอน (นางทวีพร), กรุงเทพมหานคร, เพื่อนชัชชาติ",น้ำท่วมทุกรอบที่ฝนตก ฝนตกน้อยก็ท่วมน้อย ฝนตกเยอะก็ท่วมทั้งซอย ท่วมตลอดทั้งปียังไม่มีใครมาดูแลหรือช่วยแก้ปัญหาที่แท้จริงได้ ท่วมตั้งแต่เรียน มัธยมต้น จนทำงานแล้วผ่านมา 15 ปี,"100.40660,13.65904",https://storage.googleapis.com/traffy_public_bucket/attachment/2022-09/7a54d61a3921d74bfa9eed988c4855483fda500c.jpg,https://storage.googleapis.com/traffy_public_bucket/attachment/2022-09/d9b0ea6e2c8c52d90b9311ec66c3f72c286e6b9d.jpg,105/76 ถ. เอกชัย บางบอนเหนือ เขตบางบอน กรุงเทพมหานคร 10150 ประเทศไทย,คลองบางบอน,บางบอน,กรุงเทพมหานคร,2022-09-06 11:27:51.746359,เสร็จสิ้น,,0,2022-09-06 20:11:03.446735,8.0,524.0,524.0,2022-09-06 11:34:56.686756,2022-09-06 20:11:03.451073,217079,{น้ำท่วม},13.65904,100.4066,8.733333333333333,0.13333333333333333,8.733333333333333,Transient Surcharge Candidate
2022-HR4WHD,น้ำท่วม,"เพื่อนชัชชาติ, เขตบางเขน, กรุงเทพมหานคร, ผอ.เขตบางเขน (น.ส.อัญชนา), กลุ่มกรุงเทพเหนือ (นางวันทนีย์ วัฒนะ)","เขตบางเขน, กลุ่มกรุงเทพเหนือ (นางวันทนีย์ วัฒนะ), ผอ.เขตบางเขน (น.ส.อัญชนา), กรุงเทพมหานคร, เพื่อนชัชชาติ",มีเศษขยะบริเวณรอบๆเครื่องสูบน้ำหน้าหมู่บ้านเสนาวิลล่า โครงการ 9 ซอยคู้บอน 27 รบกวนช่วยทำความสะอาดให้หน่อยค่ะ,"100.67131,13.87330",https://storage.googleapis.com/traffy_public_bucket/attachment/2022-09/5ab3c1299222654e5531f2abed2bd9d0c7a126b6.jpg,https://storage.googleapis.com/traffy_public_bucket/attachment/2022-09/c0822a428a426b82c1fe374a58ad3db3c68b4c3d.png,159/650 หมู่บ้านวิลล่ารามอินทรา ซอยคู้บอน27 แขวง ท่าแร้ง เขตบางเขน กรุงเทพมหานคร 10220 ประเทศไทย,ท่าแร้ง,บางเขน,กรุงเทพมหานคร,2022-09-06 10:52:23.059458,เสร็จสิ้น,5.0,0,2022-09-06 11:14:49.068508,1.0,23.0,23.0,2022-09-06 10:53:18.621135,2022-09-06 11:14:49.072130,217036,{น้ำท่วม},13.8733,100.67131,0.38333333333333336,0.016666666666666666,0.38333333333333336,Transient Surcharge Candidate
2022-NV7LQY,น้ำท่วม,"เพื่อนชัชชาติ, เขตทุ่งครุ, กรุงเทพมหานคร, ฝ่ายโยธา เขตทุ่งครุ, ผอ.เขตทุ่งครุ (นายพงค์ศักดิ์), กลุ่มกรุงธนใต้ (นายเฉลิมพล โชตินุชิต)","เขตทุ่งครุ, ฝ่ายโยธา เขตทุ่งครุ, กลุ่มกรุงธนใต้ (นายเฉลิมพล โชตินุชิต), ผอ.เขตทุ่งครุ (นายพงค์ศักดิ์), กรุงเทพมหานคร, เพื่อนชัชชาติ",น้ำท่วมในซอยที่เชื่อมต่อประชาอุทิศ 33 มุ่งหน้าสุขสวัสดิ์ 62,"100.51029,13.65400",https://storage.googleapis.com/traffy_public_bucket/attachment/2022-09/b167a0ed9d51c471731e714e96ac0cac32340009.jpg,https://storage.googleapis.com/traffy_public_bucket/attachment/2022-09/f0d3019c9e3e0f8ddd63372a773a5509dad48b3b.jpg,2991 ซ. ประชาอุทิศ 33 แขวง บางมด เขตทุ่งครุ กรุงเทพมหานคร 10140 ประเทศไทย,บางมด,ทุ่งครุ,กรุงเทพมหานคร,2022-09-06 07:17:01.587638,เสร็จสิ้น,,0,2022-09-06 15:34:44.082841,33.0,498.0,498.0,2022-09-06 07:49:13.221283,2022-09-06 15:34:45.063899,216671,{น้ำท่วม},13.654,100.51029,8.3,0.55,8.3,Transient Surcharge Candidate
2022-EV4HFY,น้ำท่วม,"กรุงเทพมหานคร, เพื่อนชัชชาติ, เขตบางขุนเทียน, ผอ.เขตบางขุนเทียน (นางภัสรา), กลุ่มกรุงธนใต้ (นายเฉลิมพล โชตินุชิต)","เขตบางขุนเทียน, กลุ่มกรุงธนใต้ (นายเฉลิมพล โชตินุชิต), ผอ.เขตบางขุนเทียน (นางภัสรา), เพื่อนชัชชาติ, กรุงเทพมหานคร",เทียนทะเล 26,"100.42844,13.60638",https://storage.googleapis.com/traffy_public_bucket/attachment/2022-09/87c97dfee634f12bf4f412a6911880453874ced3.jpg,https://storage.googleapis.com/traffy_public_bucket/attachment/2022-09/93bcabab459371bee96ed1f58e8ba979e75001dd.jpg,17/498 เทียนทะเล แขวง แสมดำ เขตบางขุนเทียน กรุงเทพมหานคร 10150 ประเทศไทย,แสมดำ,บางขุนเทียน,กรุงเทพมหานคร,2022-09-06 00:52:03.808180,เสร็จสิ้น,5.0,0,2022-09-06 07:35:27.427379,193.0,404.0,404.0,2022-09-06 04:04:38.293677,2022-09-06 07:35:27.430958,216585,{อื่นๆ},13.60638,100.42844,6.733333333333333,3.216666666666667,6.733333333333333,Transient Surcharge Candidate
2022-7VGCHK,น้ำท่วม,"เพื่อนชัชชาติ, เขตจตุจักร, กรุงเทพมหานคร, ฝ่ายโยธา เขตจตุจักร, ผอ.เขตจตุจักร (นางสาวภัทร์กร), กลุ่มกรุงเทพเหนือ (นางวันทนีย์ วัฒนะ)","เขตจตุจักร, กลุ่มกรุงเทพเหนือ (นางวันทนีย์ วัฒนะ), ผอ.เขตจตุจักร (นางสาวภัทร์กร), ฝ่ายโยธา เขตจตุจักร, กรุงเทพมหานคร, เพื่อนชัชชาติ",จะสามารถติดตามเรื่องที่แจ้งได้อย่างไร,"100.58618,13.82356",https://storage.googleapis.com/traffy_public_bucket/attachment/2022-09/45fd69020292151193f48c83d9717dded36f8136.jpg,https://storage.googleapis.com/traffy_public_bucket/attachment/2022-09/9da823b543cb79766e6bc25e548283dac0371c1c.jpg,717 ซอย รัชดาภิเษก 36 (เสือใหญ่อุทิศ) แขวง จันทรเกษม เขตจตุจักร กรุงเทพมหานคร 10900 ประเทศไทย,จันทรเกษม,จตุจักร,กรุงเทพมหานคร,2022-09-05 22:56:42.037901,เสร็จสิ้น,,0,2023-02-14 14:09:27.781508,391.0,426.0,426.0,2022-09-06 05:27:03.296315,2022-09-06 06:02:29.318883,216550,{น้ำท่วม},13.82356,100.58618,7.1,6.516666666666667,7.1,Transient Surcharge Candidate
2022-HL3ENY,น้ำท่วม,"เพื่อนชัชชาติ, กรุงเทพมหานคร, เขตบางขุนเทียน, ผอ.เขตบางขุนเทียน (นางภัสรา), กลุ่มกรุงธนใต้ (นายเฉลิมพล โชตินุชิต)","เขตบางขุนเทียน, กลุ่มกรุงธนใต้ (นายเฉลิมพล โชตินุชิต), ผอ.เขตบางขุนเทียน (นางภัสรา), กรุงเทพมหานคร, เพื่อนชัชชาติ",น้ำท่วมสูง,"100.42836,13.60642",https://storage.googleapis.com/traffy_public_bucket/attachment/2022-09/d3b67e72d6ca121e658d56dc06338940cc48ba8d.jpg,https://storage.googleapis.com/traffy_public_bucket/attachment/2022-09/d1d7b8f57e8ea0570038012b7335d3baf17d2006.jpg,17/498 เทียนทะเล แขวง แสมดำ เขตบางขุนเทียน กรุงเทพมหานคร 10150 ประเทศไทย,แสมดำ,บางขุนเทียน,กรุงเทพมหานคร,2022-09-05 15:38:35.900379,เสร็จสิ้น,,0,2022-09-05 16:48:11.876183,6.0,70.0,70.0,2022-09-05 15:43:46.166600,2022-09-05 16:48:11.879644,216014,{น้ำท่วม},13.60642,100.42836,1.1666666666666667,0.1,1.1666666666666667,Transient Surcharge Candidate
2022-NZU9HC,อื่นๆ,"เพื่อนชัชชาติ, กรุงเทพมหานคร, เขตบางขุนเทียน, ผอ.เขตบางขุนเทียน (นางภัสรา), กลุ่มกรุงธนใต้ (นายเฉลิมพล โชตินุชิต)","เขตบางขุนเทียน, กลุ่มกรุงธนใต้ (นายเฉลิมพล โชตินุชิต), ผอ.เขตบางขุนเทียน (นางภัสรา), กรุงเทพมหานคร, เพื่อนชัชชาติ",น้ำท่วมซอยเทียนทะเล 26 เขตบางขุนเทียน ท่วมซ้ำซากมาก มีหน่วยงานไหนพอช่วยเหลือได้บ้างไหมคะ ล่าสุดท่วมสูงมาก แถมยังมีฝนตกมาอีกเรื่อยๆ คาดว่าจะน้ำจะสูงขึ้นอีก ตอนนี้เดือดร้อนมากค่ะ,"100.43008,13.60683",https://storage.googleapis.com/traffy_public_bucket/attachment/2022-09/26ecfb11de060410298088db364c6cf2c8335f80.jpg,https://storage.googleapis.com/traffy_public_bucket/attachment/2022-09/e1a21936cbde8fefb36f29b3560f6df629b299f0.jpg,17/263 เทียนทะเล แขวง แสมดำ เขตบางขุนเทียน กรุงเทพมหานคร 10150 ประเทศไทย,แสมดำ,บางขุนเทียน,กรุงเทพมหานคร,2022-09-05 14:04:09.417978,เสร็จสิ้น,,0,2022-09-05 16:52:42.261078,2.0,169.0,169.0,2022-09-05 14:05:31.629608,2022-09-05 16:52:42.264484,215903,{อื่นๆ},13.60683,100.43008,2.816666666666667,0.03333333333333333,2.816666666666667,Transient Surcharge Candidate
2022-CGZXCC,น้ำท่วม,"กรุงเทพมหานคร, เพื่อนชัชชาติ, เขตบางขุนเทียน, ผอ.เขตบางขุนเทียน (นางภัสรา), กลุ่มกรุงธนใต้ (นายเฉลิมพล โชตินุชิต)","เขตบางขุนเทียน, กลุ่มกรุงธนใต้ (นายเฉลิมพล โชตินุชิต), ผอ.เขตบางขุนเทียน (นางภัสรา), เพื่อนชัชชาติ, กรุงเทพมหานคร",แจ้ง,"100.42083,13.63903",https://storage.googleapis.com/traffy_public_bucket/attachment/2022-09/3c2dd1191a0d7e1ba0d9ef6cb60c94b0e4c48104.jpg,https://storage.googleapis.com/traffy_public_bucket/attachment/2022-09/73d642525f2a65fcda9e46058e9ea2ff960de1a7.jpg,19/193 ซอย สะแกงาม 15 แขวง แสมดำ เขตบางขุนเทียน กรุงเทพมหานคร 10150 ประเทศไทย,แสมดำ,บางขุนเทียน,กรุงเทพมหานคร,2022-09-05 13:55:47.665466,เสร็จสิ้น,,0,2022-09-05 16:54:28.79051,13.0,179.0,179.0,2022-09-05 14:07:59.560793,2022-09-05 16:54:28.794438,215888,{อื่นๆ},13.63903,100.42083,2.9833333333333334,0.21666666666666667,2.9833333333333334,Transient Surcharge Candidate
2022-8FLD7X,อื่นๆ,"เพื่อนชัชชาติ, กรุงเทพมหานคร, เขตบางบอน, ฝ่ายโยธา เขตบางบอน, ผอ.เขตบางบอน (นางทวีพร), กลุ่มกรุงธนใต้ (นายเฉลิมพล โชตินุชิต)","ฝ่ายโยธา เขตบางบอน, เขตบางบอน, กลุ่มกรุงธนใต้ (นายเฉลิมพล โชตินุชิต), ผอ.เขตบางบอน (นางทวีพร), กรุงเทพมหานคร, เพื่อนชัชชาติ",น้ำท่วมหน้าบ้านค่ะ,"100.42938,13.68620",https://storage.googleapis.com/traffy_public_bucket/attachment/2022-09/827ecfac332d84122e940b7f09a8a742a38d19ac.jpg,https://storage.googleapis.com/traffy_public_bucket/attachment/2022-09/d7d529f5ccd4927f8f02d9abcb8fe6f18341d584.jpg,43/67 ซอย กำนันแม้น 13 แขวง บางบอน เขตบางบอน กรุงเทพมหานคร 10150 ประเทศไทย,บางบอนเหนือ,บางบอน,กรุงเทพมหานคร,2022-09-05 12:20:20.990401,เสร็จสิ้น,,0,2022-09-05 15:23:28.02314,147.0,184.0,184.0,2022-09-05 14:47:02.845515,2022-09-05 15:23:28.026968,215787,{อื่นๆ},13.6862,100.42938,3.066666666666667,2.45,3.066666666666667,Transient Surcharge Candidate
2022-83VX3E,อื่นๆ,"เพื่อนชัชชาติ, กรุงเทพมหานคร, เขตหนองแขม, ฝ่ายโยธา เขตหนองแขม, ผอ.เขตหนองแขม (นางมณีวรรณ), กลุ่มกรุงธนใต้ (นายเฉลิมพล โชตินุชิต)","ฝ่ายโยธา เขตหนองแขม, เขตหนองแขม, กลุ่มกรุงธนใต้ (นายเฉลิมพล โชตินุชิต), ผอ.เขตหนองแขม (นางมณีวรรณ), กรุงเทพมหานคร, เพื่อนชัชชาติ","น้ำมันลดระดับลงเอง แต่หมู่บ้านมอบพื้นที่นี้เป็นสาธารณะแล้ว มีชาวบ้านชุมชนของหนองแขม ใช้ร่วมด้วย และสร้างความ เดือดร้สนโดย ชาวหมู่บ้านไม่สามารถ เดินบนฟุตบาท เวลาน้ำท่วม กว่าน้ำจะระบายลง คุณเขตหนองแขมที่อาศัยในซ.นี้เตยมาดูความลำบากของ นักเรียน หรือชาวชุมชน หรือชาวบ้านที่ค้องเดินออกไปทำงานมั้ยคะ 

การจัดการ ทางระบายน้ำ ทางเดินเท้า  คุณจะปล่อยให้มันลดเองแบบนี้ไปตลอดเหรอคะ ทั้งๆที่การจัดการท่อระบายน้ำในชุมชน เป็นเขต.หนองแขม","100.35388,13.66098",https://storage.googleapis.com/traffy_public_bucket/attachment/2022-09/cc782fd75325593453b1de5d11b14dbc2e654f0e.jpg,https://storage.googleapis.com/traffy_public_bucket/attachment/2022-09/c56d71f955d26347fc85e694a7219fa94c116992.jpg,M963+98P แขวง หนองแขม เขตหนองแขม กรุงเทพมหานคร 10160 ประเทศไทย,หนองแขม,หนองแขม,กรุงเทพมหานคร,2022-09-05 11:54:32.549290,เสร็จสิ้น,,0,2022-09-05 14:41:18.96187,3.0,167.0,167.0,2022-09-05 11:56:42.149051,2022-09-05 14:41:18.965780,215752,{อื่นๆ},13.66098,100.35388,2.783333333333333,0.05,2.783333333333333,Transient Surcharge Candidate
2022-DXYP4K,อื่นๆ,"เพื่อนชัชชาติ, เขตบางนา, กรุงเทพมหานคร, ผอ.เขตบางนา (นางประภัสสร), กลุ่มกรุงเทพใต้ (นายชาตรี วัฒนเขจร)","เขตบางนา, กลุ่มกรุงเทพใต้ (นายชาตรี วัฒนเขจร), ผอ.เขตบางนา (นางประภัสสร), กรุงเทพมหานคร, เพื่อนชัชชาติ",น้ำท่วม,"100.63568,13.67033",https://storage.googleapis.com/traffy_public_bucket/attachment/2022-09/a48965fed5f6f81ba52735ab7838dcdea3da3010.jpg,https://storage.googleapis.com/traffy_public_bucket/attachment/2022-09/948dffde9658edaeaa08b78366c2232f97a9e075.jpg,10 ซอย บางนา-ตราด 23 แขวง บางนา เขตบางนา กรุงเทพมหานคร 10260 ประเทศไทย,บางนาเหนือ,บางนา,กรุงเทพมหานคร,2022-09-05 07:33:45.731460,เสร็จสิ้น,,0,2022-09-05 14:36:32.260818,,423.0,423.0,,2022-09-05 14:36:34.272452,215348,{อื่นๆ},13.67033,100.63568,7.05,,7.05,Transient Surcharge Candidate
2022-KACU2R,น้ำท่วม,"กรุงเทพมหานคร, เพื่อนชัชชาติ, เขตหลักสี่, ผอ.เขตหลักสี่ (นางสมฤดี), กลุ่มกรุงเทพเหนือ (นางวันทนีย์ วัฒนะ)","เขตหลักสี่, กลุ่มกรุงเทพเหนือ (นางวันทนีย์ วัฒนะ), ผอ.เขตหลักสี่ (นางสมฤดี), เพื่อนชัชชาติ, กรุงเทพมหานคร",น้ำขัง,"100.55777,13.87003",https://storage.googleapis.com/traffy_public_bucket/attachment/2022-09/7614000c5f8973586b0dd60c685f68d8685a413d.jpg,https://storage.googleapis.com/traffy_public_bucket/attachment/2022-09/d82cdd460e245704033a6d823856e83e91addb12.jpg,23 ซอย งามวงศ์วาน 47 แยก 42 แขวง ทุ่งสองห้อง เขต หลักสี่ กรุงเทพมหานคร 10210 ประเทศไทย,ทุ่งสองห้อง,หลักสี่,กรุงเทพมหานคร,2022-09-05 07:10:53.649011,เสร็จสิ้น,5.0,0,2022-09-05 09:01:57.150259,,112.0,112.0,,2022-09-05 09:01:57.154215,215311,{อื่นๆ},13.87003,100.55777,1.8666666666666667,,1.8666666666666667,Transient Surcharge Candidate
2022-LH2YTH,อื่นๆ,"เพื่อนชัชชาติ, กรุงเทพมหานคร, เขตหลักสี่, ผอ.เขตหลักสี่ (นางสมฤดี), กลุ่มกรุงเทพเหนือ (นางวันทนีย์ วัฒนะ)","เขตหลักสี่, กลุ่มกรุงเทพเหนือ (นางวันทนีย์ วัฒนะ), ผอ.เขตหลักสี่ (นางสมฤดี), กรุงเทพมหานคร, เพื่อนชัชชาติ",แจ้งปัญหาน้ำท่วมค่ะ โทรไป 1555 แล้วยังไม่มีเจ้าหน้าที่มาดำเนินการเปิดเครื่องสูบน้ำเลย ทั้งที่เป็นพื้นที่น้ำท่วมซ้ำซาก ตอนนี้หมู่บ้านโสสุนคร ซอยงามวงศ์วาน 47 แยก 12 น้ำท่วมมากกว่า 40 cm ทำเข้าไปในบ้าน รบกวนดำเนินการให้ทีค่ะ,"100.55751,13.86240",https://storage.googleapis.com/traffy_public_bucket/attachment/2022-09/72bc2c041b419fb0a97183a14438d9d0ea1b602d.jpg,https://storage.googleapis.com/traffy_public_bucket/attachment/2022-09/0baecdf482c8d74a16606b1c480915cfd9448941.jpg,47/232 ซอย ชินเขต 2 แขวง ทุ่งสองห้อง เขต หลักสี่ กรุงเทพมหานคร 10210 ประเทศไทย,ทุ่งสองห้อง,หลักสี่,กรุงเทพมหานคร,2022-09-04 23:22:50.612632,เสร็จสิ้น,4.0,0,2022-09-05 00:05:47.970663,,43.0,43.0,,2022-09-05 00:05:47.975323,215219,{อื่นๆ},13.8624,100.55751,0.7166666666666667,,0.7166666666666667,Transient Surcharge Candidate
2022-CDHGEP,อื่นๆ,"เพื่อนชัชชาติ, กรุงเทพมหานคร, เขตหลักสี่, ผอ.เขตหลักสี่ (นางสมฤดี), กลุ่มกรุงเทพเหนือ (นางวันทนีย์ วัฒนะ)","เขตหลักสี่, กลุ่มกรุงเทพเหนือ (นางวันทนีย์ วัฒนะ), ผอ.เขตหลักสี่ (นางสมฤดี), กรุงเทพมหานคร, เพื่อนชัชชาติ",น้ำท่วม,"100.56594,13.85939",https://storage.googleapis.com/traffy_public_bucket/attachment/2022-09/8b9e906b2c2e2d38161ba6b3aa547e11fdc3aa83.jpg,https://storage.googleapis.com/traffy_public_bucket/attachment/2022-09/9af65a812cb7bc9d87cf3dd1a2358679f6505501.jpg,129 ถ. กำแพงเพชร 6 แขวง ตลาดบางเขน เขต หลักสี่ กรุงเทพมหานคร 10210 ประเทศไทย,ตลาดบางเขน,หลักสี่,กรุงเทพมหานคร,2022-09-04 22:43:24.721958,เสร็จสิ้น,5.0,0,2022-09-04 22:58:00.035828,,15.0,15.0,,2022-09-04 22:58:00.039077,215197,{อื่นๆ},13.85939,100.56594,0.25,,0.25,Transient Surcharge Candidate
2022-9WUQHB,อื่นๆ,"เพื่อนชัชชาติ, เขตจตุจักร, กรุงเทพมหานคร, ฝ่ายโยธา เขตจตุจักร, ผอ.เขตจตุจักร (นางสาวภัทร์กร), กลุ่มกรุงเทพเหนือ (นางวันทนีย์ วัฒนะ)","เขตจตุจักร, กลุ่มกรุงเทพเหนือ (นางวันทนีย์ วัฒนะ), ผอ.เขตจตุจักร (นางสาวภัทร์กร), ฝ่ายโยธา เขตจตุจักร, กรุงเทพมหานคร, เพื่อนชัชชาติ",น้ำท่วม,"100.56286,13.82228",https://storage.googleapis.com/traffy_public_bucket/attachment/2022-09/28192e21ce98d18dd3afab849b7fe47432796bb7.jpg,https://storage.googleapis.com/traffy_public_bucket/attachment/2022-09/eea4fd6cbac68b9c736224118a136c78da29e0e1.jpg,1693 ถ. พหลโยธิน แขวง จตุจักร เขตจตุจักร กรุงเทพมหานคร 10900 ประเทศไทย,จตุจักร,จตุจักร,กรุงเทพมหานคร,2022-09-04 21:36:41.959045,เสร็จสิ้น,,0,2023-02-14 14:16:00.20197,7.0,465.0,465.0,2022-09-04 21:42:52.848464,2022-09-05 05:20:56.964896,215142,{อื่นๆ},13.82228,100.56286,7.75,0.11666666666666667,7.75,Transient Surcharge Candidate
2022-B7BA7N,น้ำท่วม,"เพื่อนชัชชาติ, กรุงเทพมหานคร, เขตหลักสี่, ผอ.เขตหลักสี่ (นางสมฤดี), กลุ่มกรุงเทพเหนือ (นางวันทนีย์ วัฒนะ)","เขตหลักสี่, กลุ่มกรุงเทพเหนือ (นางวันทนีย์ วัฒนะ), ผอ.เขตหลักสี่ (นางสมฤดี), กรุงเทพมหานคร, เพื่อนชัชชาติ",น้ำท่วมขังซ.แจ้งวัฒนะ14,"100.56206,13.90118",https://storage.googleapis.com/traffy_public_bucket/attachment/2022-09/e9409fdb870d835f255e8b08d867f69a80cd4f82.jpg,https://storage.googleapis.com/traffy_public_bucket/attachment/2022-09/4833dada6bafed1e99ba6a66f93d7118cae57415.jpg,1/172 ถ. พิงคนคร แขวง ทุ่งสองห้อง เขต หลักสี่ กรุงเทพมหานคร 10210 ประเทศไทย,ทุ่งสองห้อง,หลักสี่,กรุงเทพมหานคร,2022-09-04 21:00:49.319975,เสร็จสิ้น,4.0,0,2022-09-04 22:02:47.374483,,62.0,62.0,,2022-09-04 22:02:47.377662,215117,{น้ำท่วม},13.90118,100.56206,1.0333333333333334,,1.0333333333333334,Transient Surcharge Candidate
2022-NZMR4M,อื่นๆ,"เพื่อนชัชชาติ, กรุงเทพมหานคร, เขตหลักสี่, ผอ.เขตหลักสี่ (นางสมฤดี), กลุ่มกรุงเทพเหนือ (นางวันทนีย์ วัฒนะ)","เขตหลักสี่, กลุ่มกรุงเทพเหนือ (นางวันทนีย์ วัฒนะ), ผอ.เขตหลักสี่ (นางสมฤดี), กรุงเทพมหานคร, เพื่อนชัชชาติ",ซอยวิภาวดี 25 ฝนตกต่อเนื่อง น้ำท่วมเข้าตัวบ้านหลายหลัง,"100.56373,13.86221",https://storage.googleapis.com/traffy_public_bucket/attachment/2022-09/c58cb2f73facf818a99181e3587027b618fa492d.jpg,https://storage.googleapis.com/traffy_public_bucket/attachment/2022-09/99343b7005fd4f8fed8ee5896e57aee3e16e3325.jpg,1/206 ซอย วิภาวดีรังสิต 25 แยก 2-1 แขวง ทุ่งสองห้อง เขต หลักสี่ กรุงเทพมหานคร 10210 ประเทศไทย,ทุ่งสองห้อง,หลักสี่,กรุงเทพมหานคร,2022-09-04 20:56:26.557296,เสร็จสิ้น,3.0,0,2022-09-04 22:35:31.843642,,100.0,100.0,,2022-09-04 22:35:33.403229,215111,{อื่นๆ},13.86221,100.56373,1.6666666666666667,,1.6666666666666667,Transient Surcharge Candidate
2022-4AXFRX,น้ำท่วม,"เพื่อนชัชชาติ, กรุงเทพมหานคร, เขตหลักสี่, ผอ.เขตหลักสี่ (นางสมฤดี), กลุ่มกรุงเทพเหนือ (นางวันทนีย์ วัฒนะ)","เขตหลักสี่, กลุ่มกรุงเทพเหนือ (นางวันทนีย์ วัฒนะ), ผอ.เขตหลักสี่ (นางสมฤดี), กรุงเทพมหานคร, เพื่อนชัชชาติ",สภาพถนนในซอยวิภาวดี 27 ทางเข้าแฟตลตำรวจส่วนกลาง ทุกครั้งที่ฝนตก จะเกิดปัญหานี้ซ้ำซาก น้ำไหลเข้าบ้านประชาชนที่อยู่ติดถนน,"100.57107,13.86997",https://storage.googleapis.com/traffy_public_bucket/attachment/2022-09/be2ac5c7c17659a74dfe36c19c573c4bfd391351.jpg,https://storage.googleapis.com/traffy_public_bucket/attachment/2022-09/6c709242ba4cc91b745c4316ccba60798dbb5177.jpg,24/1 ซอย วิภาวดีรังสิต 27 แขวง ทุ่งสองห้อง เขต หลักสี่ กรุงเทพมหานคร 10210 ประเทศไทย,ทุ่งสองห้อง,หลักสี่,กรุงเทพมหานคร,2022-09-04 20:44:09.464192,เสร็จสิ้น,4.0,0,2022-09-04 22:37:28.006971,,114.0,114.0,,2022-09-04 22:37:28.011032,215093,{น้ำท่วม},13.86997,100.57107,1.9,,1.9,Transient Surcharge Candidate
2022-AZMQ3M,น้ำท่วม,"เพื่อนชัชชาติ, กรุงเทพมหานคร, เขตหลักสี่, ผอ.เขตหลักสี่ (นางสมฤดี), กลุ่มกรุงเทพเหนือ (นางวันทนีย์ วัฒนะ)","เขตหลักสี่, กลุ่มกรุงเทพเหนือ (นางวันทนีย์ วัฒนะ), ผอ.เขตหลักสี่ (นางสมฤดี), กรุงเทพมหานคร, เพื่อนชัชชาติ",สภาพถนนในซอยวิภาวดี 27 ทางเข้าแฟตลตำรวจส่วนกลาง ทุกครั้งที่ฝนตก จะเกิดปัญหานี้ซ้ำซาก น้ำไหลเข้าบ้านประชาชนที่อยู่ติดถนน,"100.56766,13.86815",https://storage.googleapis.com/traffy_public_bucket/attachment/2022-09/a3aef242c10359aceddbec3e6276f0c5b4071ff5.jpg,https://storage.googleapis.com/traffy_public_bucket/attachment/2022-09/6f858f4582a9f1fd58094cb2d279023926235de4.jpg,25/6 ซอย ท่าทราย 2 แขวง ทุ่งสองห้อง เขต หลักสี่ กรุงเทพมหานคร 10210 ประเทศไทย,ทุ่งสองห้อง,หลักสี่,กรุงเทพมหานคร,2022-09-04 20:41:29.614637,เสร็จสิ้น,4.0,0,2022-09-04 22:20:59.197805,,100.0,100.0,,2022-09-04 22:20:59.201675,215088,{น้ำท่วม},13.86815,100.56766,1.6666666666666667,,1.6666666666666667,Transient Surcharge Candidate
2022-6Z2D6Q,น้ำท่วม,"กรุงเทพมหานคร, เพื่อนชัชชาติ, เขตหลักสี่, ผอ.เขตหลักสี่ (นางสมฤดี), กลุ่มกรุงเทพเหนือ (นางวันทนีย์ วัฒนะ)","เขตหลักสี่, กลุ่มกรุงเทพเหนือ (นางวันทนีย์ วัฒนะ), ผอ.เขตหลักสี่ (นางสมฤดี), เพื่อนชัชชาติ, กรุงเทพมหานคร",อยากให้สำนักงานเขตหลักสี่  มี จนท รับสาย 24 ชม. เพื่อรับเรื่องแจ้ง เวลามีน้ำท่วม,"100.55767,13.86271",https://storage.googleapis.com/traffy_public_bucket/attachment/2022-09/f9811437eda99b85b1d3c60a8f3306ede311f01e.jpg,https://storage.googleapis.com/traffy_public_bucket/attachment/2022-09/dbeb4a3ac4f089240c72565ce789ff58b044b57d.jpg,47/314 ซอย ชินเขต 2 แขวง ทุ่งสองห้อง เขต หลักสี่ กรุงเทพมหานคร 10210 ประเทศไทย,ทุ่งสองห้อง,หลักสี่,กรุงเทพมหานคร,2022-09-04 20:28:52.801591,เสร็จสิ้น,,0,2022-09-04 21:57:56.656755,,90.0,90.0,,2022-09-04 21:57:56.660232,215075,{อื่นๆ},13.86271,100.55767,1.5,,1.5,Transient Surcharge Candidate
2022-99K9R7,อื่นๆ,"เพื่อนชัชชาติ, กรุงเทพมหานคร, เขตหลักสี่, ผอ.เขตหลักสี่ (นางสมฤดี), กลุ่มกรุงเทพเหนือ (นางวันทนีย์ วัฒนะ)","เขตหลักสี่, กลุ่มกรุงเทพเหนือ (นางวันทนีย์ วัฒนะ), ผอ.เขตหลักสี่ (นางสมฤดี), กรุงเทพมหานคร, เพื่อนชัชชาติ",ฝนตก น้ำท่วมสูง หลังบ้านจะถึงเครื่องซักผ้าแล้ว,"100.55715,13.86185",https://storage.googleapis.com/traffy_public_bucket/attachment/2022-09/40ef6085fdb5cb5204504048ad06d2382eca7dbe.jpg,https://storage.googleapis.com/traffy_public_bucket/attachment/2022-09/7be5ad29e71a50fcb3b417ac487e140507fcfba8.jpg,47/180 ซอย ชินเขต 2 แขวง ทุ่งสองห้อง เขต หลักสี่ กรุงเทพมหานคร 10210 ประเทศไทย,ทุ่งสองห้อง,หลักสี่,กรุงเทพมหานคร,2022-09-04 20:25:55.404120,เสร็จสิ้น,,0,2022-09-04 22:05:35.363817,,100.0,100.0,,2022-09-04 22:05:35.367067,215069,{อื่นๆ},13.86185,100.55715,1.6666666666666667,,1.6666666666666667,Transient Surcharge Candidate
2022-BMXVWY,น้ำท่วม,"กรุงเทพมหานคร, เพื่อนชัชชาติ, เขตหลักสี่, ผอ.เขตหลักสี่ (นางสมฤดี), กลุ่มกรุงเทพเหนือ (นางวันทนีย์ วัฒนะ)","เขตหลักสี่, กลุ่มกรุงเทพเหนือ (นางวันทนีย์ วัฒนะ), ผอ.เขตหลักสี่ (นางสมฤดี), เพื่อนชัชชาติ, กรุงเทพมหานคร",น้ำท่วม,"100.55766,13.86266",https://storage.googleapis.com/traffy_public_bucket/attachment/2022-09/811966b508d67052ec3d12ccc29fd8224192ff98.jpg,https://storage.googleapis.com/traffy_public_bucket/attachment/2022-09/40158cbb6e25a710974cf61cad45656890a9cc26.jpg,47/314 ซอย ชินเขต 2 แขวง ทุ่งสองห้อง เขต หลักสี่ กรุงเทพมหานคร 10210 ประเทศไทย,ทุ่งสองห้อง,หลักสี่,กรุงเทพมหานคร,2022-09-04 20:17:06.753898,เสร็จสิ้น,,0,2022-09-04 22:06:46.771321,,110.0,110.0,,2022-09-04 22:06:48.313454,215059,{อื่นๆ},13.86266,100.55766,1.8333333333333333,,1.8333333333333333,Transient Surcharge Candidate
2022-P2NVWK,น้ำท่วม,"เพื่อนชัชชาติ, กรุงเทพมหานคร, เขตหลักสี่, ผอ.เขตหลักสี่ (นางสมฤดี), กลุ่มกรุงเทพเหนือ (นางวันทนีย์ วัฒนะ)","เขตหลักสี่, กลุ่มกรุงเทพเหนือ (นางวันทนีย์ วัฒนะ), ผอ.เขตหลักสี่ (นางสมฤดี), กรุงเทพมหานคร, เพื่อนชัชชาติ",น้ำท่วมขังหนักมากบริเวณเดิม,"100.54917,13.86007",https://storage.googleapis.com/traffy_public_bucket/attachment/2022-09/dba404b8e48920da047dbbe411c6d738d3594eb4.jpg,https://storage.googleapis.com/traffy_public_bucket/attachment/2022-09/1c88bb129fd736007add8487c0ff4dfe86a9af3a.jpg,เลขที่ 2/21 แยก 2-2 แขวง ทุ่งสองห้อง เขต หลักสี่ กรุงเทพมหานคร 10210 ประเทศไทย,ทุ่งสองห้อง,หลักสี่,กรุงเทพมหานคร,2022-09-04 20:01:11.474672,เสร็จสิ้น,,0,2022-09-04 22:11:32.967007,,131.0,131.0,,2022-09-04 22:11:32.971432,215040,{น้ำท่วม},13.86007,100.54917,2.183333333333333,,2.183333333333333,Transient Surcharge Candidate
2022-AV47WD,น้ำท่วม,"เพื่อนชัชชาติ, เขตประเวศ, กรุงเทพมหานคร, ฝ่ายโยธา เขตประเวศ, ผอ.เขตประเวศ (นายดิชา), กลุ่มกรุงเทพตะวันออก (นายณรงค์ เรืองศรี)","ฝ่ายโยธา เขตประเวศ, เขตประเวศ, กลุ่มกรุงเทพตะวันออก (นายณรงค์ เรืองศรี), ผอ.เขตประเวศ (นายดิชา), กรุงเทพมหานคร, เพื่อนชัชชาติ",ม.พนาสนธิ์10 เฟส1 ซ.เฉลิมพระเกียรติ ร.9 48 มีปัญหาน้ำท่วมขัง ไม่มีการแก้ไข,"100.69240,13.69295",https://storage.googleapis.com/traffy_public_bucket/attachment/2022-09/ea0bb434b33c2fd2c5997178050b430ec593ed8b.jpg,https://storage.googleapis.com/traffy_public_bucket/attachment/2022-09/3063eb4dbd4508d7fabfc65a88e628252111b477.jpg,297 เฉลิมพระเกียรติ ร. 9 ซอย 48 แยก 19 แขวง ดอกไม้ เขต ประเวศ กรุงเทพมหานคร 10250 ประเทศไทย,ดอกไม้,ประเวศ,กรุงเทพมหานคร,2022-09-04 14:15:03.135008,เสร็จสิ้น,,0,2022-09-04 17:13:26.335133,18.0,179.0,179.0,2022-09-04 14:32:09.816410,2022-09-04 17:13:26.338246,214678,{น้ำท่วม},13.69295,100.6924,2.9833333333333334,0.3,2.9833333333333334,Transient Surcharge Candidate
2022-MYMTQK,ถนน,"กรุงเทพมหานคร, เขตบางแค, เพื่อนชัชชาติ, ฝ่ายโยธา เขตบางแค, ผอ.เขตบางแค (นายณรงค์), กลุ่มกรุงธนใต้ (นายเฉลิมพล โชตินุชิต)","ฝ่ายโยธา เขตบางแค, เขตบางแค, กลุ่มกรุงธนใต้ (นายเฉลิมพล โชตินุชิต), ผอ.เขตบางแค (นายณรงค์), เพื่อนชัชชาติ, กรุงเทพมหานคร",น้ำท่วมขังในซอย,"100.42701,13.68857",https://storage.googleapis.com/traffy_public_bucket/attachment/2022-09/a1eddc95d62db43106b1ce84aedd83dfeb8dfb07.jpg,https://storage.googleapis.com/traffy_public_bucket/attachment/2022-09/84ae4727c6ce5e4c461f43ddd18a8e9d3f077876.jpg,9/59 ซอย นาคเพชรภู แขวง บางแค เขตบางแค กรุงเทพมหานคร 10160 ประเทศไทย,บางแค,บางแค,กรุงเทพมหานคร,2022-09-04 12:01:17.140036,เสร็จสิ้น,,0,2022-09-04 20:06:19.299064,95.0,486.0,486.0,2022-09-04 13:36:06.390353,2022-09-04 20:06:20.910717,214485,{ถนน},13.68857,100.42701,8.1,1.5833333333333333,8.1,Transient Surcharge Candidate
2022-6QDXGP,น้ำท่วม,"เพื่อนชัชชาติ, กรุงเทพมหานคร, เขตบางขุนเทียน, ผอ.เขตบางขุนเทียน (นางภัสรา), กลุ่มกรุงธนใต้ (นายเฉลิมพล โชตินุชิต)","เขตบางขุนเทียน, กลุ่มกรุงธนใต้ (นายเฉลิมพล โชตินุชิต), ผอ.เขตบางขุนเทียน (นางภัสรา), กรุงเทพมหานคร, เพื่อนชัชชาติ",ทุกครั้งที่ฝนตกน้ำจะระบายไม่ทันครับ มีเครื่องสูบน้ำ 2 ตัว ก็ไม่สามารถระบายน้ำได้ทัน เกิดปัญหาน้ำท่วมในซอยเป็นระยะรวมประมาณ 5ปีได้แล้วคับ จึงอยากให้หน่วยงานที่รับผิดชอบเข้าตรวจสอบดำเนินการแก้ไขด้วยครับ ขอบคุณครับ,"100.44146,13.61790",https://storage.googleapis.com/traffy_public_bucket/attachment/2022-09/2c13e313b8e325fd20e2eb0ce4c9b817b573d126.jpg,https://storage.googleapis.com/traffy_public_bucket/attachment/2022-09/acce0726bf5d400e795ee3984bae39b976b5f86d.jpg,10/7 เทียนทะเล แขวง ท่าข้าม เขตบางขุนเทียน กรุงเทพมหานคร 10150 ประเทศไทย,ท่าข้าม,บางขุนเทียน,กรุงเทพมหานคร,2022-09-04 11:49:10.945740,เสร็จสิ้น,2.0,0,2022-09-04 20:45:06.399136,72.0,536.0,536.0,2022-09-04 13:00:33.413693,2022-09-04 20:45:08.231775,214468,{น้ำท่วม},13.6179,100.44146,8.933333333333334,1.2,8.933333333333334,Hydraulic Capacity Surcharge
2022-EXUZXL,อื่นๆ,"เพื่อนชัชชาติ, เขตทุ่งครุ, กรุงเทพมหานคร, ฝ่ายโยธา เขตทุ่งครุ, ผอ.เขตทุ่งครุ (นายพงค์ศักดิ์), กลุ่มกรุงธนใต้ (นายเฉลิมพล โชตินุชิต)","ฝ่ายโยธา เขตทุ่งครุ, เขตทุ่งครุ, กลุ่มกรุงธนใต้ (นายเฉลิมพล โชตินุชิต), ผอ.เขตทุ่งครุ (นายพงค์ศักดิ์), กรุงเทพมหานคร, เพื่อนชัชชาติ",แจ้งปัญหาน้ำท่วมในซอยสุขสวัสดิ์ 64 แยก 10,"100.51581,13.65133",https://storage.googleapis.com/traffy_public_bucket/attachment/2022-09/e131be5382b8a70016abaf41c8150a5958302336.jpg,https://storage.googleapis.com/traffy_public_bucket/attachment/2022-09/c2d341d32d32d088f161d0176a3bd9402cebd534.jpg,59/23 สุขสวัสดิ์ 64 ซอย 10 แขวง บางมด เขตทุ่งครุ กรุงเทพมหานคร 10140 ประเทศไทย,บางมด,ทุ่งครุ,กรุงเทพมหานคร,2022-09-04 11:08:20.868436,เสร็จสิ้น,,0,2022-09-04 12:21:49.435764,48.0,74.0,74.0,2022-09-04 11:56:10.595796,2022-09-04 12:21:49.439387,214410,{อื่นๆ},13.65133,100.51581,1.2333333333333334,0.8,1.2333333333333334,Transient Surcharge Candidate
2022-MPBZDL,น้ำท่วม,"เพื่อนชัชชาติ, กรุงเทพมหานคร, เขตบางขุนเทียน, ผอ.เขตบางขุนเทียน (นางภัสรา), กลุ่มกรุงธนใต้ (นายเฉลิมพล โชตินุชิต)","เขตบางขุนเทียน, กลุ่มกรุงธนใต้ (นายเฉลิมพล โชตินุชิต), ผอ.เขตบางขุนเทียน (นางภัสรา), กรุงเทพมหานคร, เพื่อนชัชชาติ",น้ำท่วมเทียนทะเล19แยก1 ท่วมทุกครั้งที่ฝนตก,"100.44137,13.61788",https://storage.googleapis.com/traffy_public_bucket/attachment/2022-09/177e8cbc23cff65f9c297b16b5ef629b2005c826.jpg,https://storage.googleapis.com/traffy_public_bucket/attachment/2022-09/9835d810082b09333de79339b498bfa21378ac07.jpg,10/7 เทียนทะเล แขวง ท่าข้าม เขตบางขุนเทียน กรุงเทพมหานคร 10150 ประเทศไทย,ท่าข้าม,บางขุนเทียน,กรุงเทพมหานคร,2022-09-04 10:34:05.194526,เสร็จสิ้น,2.0,0,2022-09-04 10:58:40.01639,2.0,25.0,25.0,2022-09-04 10:35:25.360542,2022-09-04 10:58:40.019855,214362,{น้ำท่วม},13.61788,100.44137,0.4166666666666667,0.03333333333333333,0.4166666666666667,Transient Surcharge Candidate
2022-4AKKXM,น้ำท่วม,"เพื่อนชัชชาติ, กรุงเทพมหานคร, เขตหนองแขม, ฝ่ายโยธา เขตหนองแขม, ผอ.เขตหนองแขม (นางมณีวรรณ), กลุ่มกรุงธนใต้ (นายเฉลิมพล โชตินุชิต)","ฝ่ายโยธา เขตหนองแขม, เขตหนองแขม, กลุ่มกรุงธนใต้ (นายเฉลิมพล โชตินุชิต), ผอ.เขตหนองแขม (นางมณีวรรณ), กรุงเทพมหานคร, เพื่อนชัชชาติ",ต้องการแจ้งเรื่อง น้ำท่วมค่ะ จากเมื่อวานที่ฝนตกหนักในเขตพื้นที่ ตอนนี้น้ำท่วมหน้าหมู่บ้านราชพฤกษ์ บางบอน 4 ยังไม่ลดลง บริเวณหน้าป้อมยาม ตลอดทางเข้าสู่หมู่บ้านมีน้ำท่วมขังสูง ประมาณนึง อยากให้ทางเขต หรือ ผู้ที่ดูแล ช่วยตรวจสอบ และดำเนินการแก้ไข,"100.36328,13.66914",https://storage.googleapis.com/traffy_public_bucket/attachment/2022-09/131f91d059f58aab8f438faf58bbcf98545b81eb.jpg,https://storage.googleapis.com/traffy_public_bucket/attachment/2022-09/2cae3d53198ae434b89af7b26bc2722208672e82.jpg,49/122 ถนน บางบอน 4 แขวง หนองแขม เขตหนองแขม กรุงเทพมหานคร 10160 ประเทศไทย,หนองแขม,หนองแขม,กรุงเทพมหานคร,2022-09-04 10:21:02.114966,เสร็จสิ้น,4.0,0,2022-09-04 11:53:33.482753,7.0,93.0,93.0,2022-09-04 10:28:01.871411,2022-09-04 11:53:33.486407,214339,{น้ำท่วม},13.66914,100.36328,1.55,0.11666666666666667,1.55,Hydraulic Capacity Surcharge
2022-4GUPRE,น้ำท่วม,"เพื่อนชัชชาติ, กรุงเทพมหานคร, เขตหนองแขม, ฝ่ายโยธา เขตหนองแขม, ผอ.เขตหนองแขม (นางมณีวรรณ), กลุ่มกรุงธนใต้ (นายเฉลิมพล โชตินุชิต)","ฝ่ายโยธา เขตหนองแขม, เขตหนองแขม, กลุ่มกรุงธนใต้ (นายเฉลิมพล โชตินุชิต), ผอ.เขตหนองแขม (นางมณีวรรณ), กรุงเทพมหานคร, เพื่อนชัชชาติ",น้ำท่วมซอยค่ะ,"100.36111,13.68330",https://storage.googleapis.com/traffy_public_bucket/attachment/2022-09/9630ba4cc2b3248662df2c593e75efab50b9effd.jpg,https://storage.googleapis.com/traffy_public_bucket/attachment/2022-09/f442b56cd170ff3c1bbf237524389a5b9e173429.jpg,304 ซอย เลียบคลองภาษีเจริญฝั่งใต้ 5 แขวง หนองแขม เขตหนองแขม กรุงเทพมหานคร 10160 ประเทศไทย,หนองแขม,หนองแขม,กรุงเทพมหานคร,2022-09-04 09:48:39.921129,เสร็จสิ้น,5.0,0,2022-09-04 15:33:28.747545,7.0,345.0,345.0,2022-09-04 09:55:35.560090,2022-09-04 15:33:28.751470,214294,{น้ำท่วม},13.6833,100.36111,5.75,0.11666666666666667,5.75,Transient Surcharge Candidate
2022-LXWCQ6,อื่นๆ,"เพื่อนชัชชาติ, กรุงเทพมหานคร, เขตหนองแขม, ฝ่ายโยธา เขตหนองแขม, ผอ.เขตหนองแขม (นางมณีวรรณ), กลุ่มกรุงธนใต้ (นายเฉลิมพล โชตินุชิต)","ฝ่ายโยธา เขตหนองแขม, เขตหนองแขม, กลุ่มกรุงธนใต้ (นายเฉลิมพล โชตินุชิต), ผอ.เขตหนองแขม (นางมณีวรรณ), กรุงเทพมหานคร, เพื่อนชัชชาติ",น้ำท่วมขังในหมู่บ้านเกษมทอง เพชรเกษม114 แขวงหนองค้างพลู หนองแขม กทม.,"100.33623,13.71032",https://storage.googleapis.com/traffy_public_bucket/attachment/2022-09/ce781e6e2e1f9217f8daeffeddeeeb37bc9f06d7.jpg,https://storage.googleapis.com/traffy_public_bucket/attachment/2022-09/49069d69859b9a643611a28c97b278430fee856b.jpg,27/72 ซอย หมู่บ้านศิริเขต 1 แขวง หนองค้างพลู เขตหนองแขม กรุงเทพมหานคร 10160 ประเทศไทย,หนองค้างพลู,หนองแขม,กรุงเทพมหานคร,2022-09-04 09:46:57.382647,เสร็จสิ้น,3.0,0,2022-09-04 13:28:57.494771,8.0,223.0,223.0,2022-09-04 09:54:22.692230,2022-09-04 13:28:57.498861,214289,{อื่นๆ},13.71032,100.33623,3.716666666666667,0.13333333333333333,3.716666666666667,Transient Surcharge Candidate
2022-E9YF7M,อื่นๆ,"เพื่อนชัชชาติ, กรุงเทพมหานคร, เขตบางขุนเทียน, ผอ.เขตบางขุนเทียน (นางภัสรา), กลุ่มกรุงธนใต้ (นายเฉลิมพล โชตินุชิต)","เขตบางขุนเทียน, กลุ่มกรุงธนใต้ (นายเฉลิมพล โชตินุชิต), ผอ.เขตบางขุนเทียน (นางภัสรา), กรุงเทพมหานคร, เพื่อนชัชชาติ",น้ำท่วม,"100.40261,13.63156",https://storage.googleapis.com/traffy_public_bucket/attachment/2022-09/6ed5d9bd5878d3815766b589c02aba5da8ba5188.jpg,https://storage.googleapis.com/traffy_public_bucket/attachment/2022-09/0d9dd496b7dddcf36cef8a0585e88102f540fcbe.jpg,48 บางกระดี่ 1 แขวง แสมดำ เขตบางขุนเทียน กรุงเทพมหานคร 10150 ประเทศไทย,แสมดำ,บางขุนเทียน,กรุงเทพมหานคร,2022-09-04 09:23:49.452045,เสร็จสิ้น,,0,2022-09-04 11:34:13.982792,35.0,131.0,131.0,2022-09-04 09:58:42.607118,2022-09-04 11:34:13.986372,214260,{อื่นๆ},13.63156,100.40261,2.183333333333333,0.5833333333333334,2.183333333333333,Transient Surcharge Candidate
2022-7AG6WB,น้ำท่วม,"เพื่อนชัชชาติ, กรุงเทพมหานคร, เขตบางขุนเทียน, ผอ.เขตบางขุนเทียน (นางภัสรา), กลุ่มกรุงธนใต้ (นายเฉลิมพล โชตินุชิต)","เขตบางขุนเทียน, กลุ่มกรุงธนใต้ (นายเฉลิมพล โชตินุชิต), ผอ.เขตบางขุนเทียน (นางภัสรา), กรุงเทพมหานคร, เพื่อนชัชชาติ",น้ำท่วม,"100.42733,13.64707",https://storage.googleapis.com/traffy_public_bucket/attachment/2022-09/cd22e78e61db41402672c0d36defce236303f024.jpg,https://storage.googleapis.com/traffy_public_bucket/attachment/2022-09/152394ba92139420a69f97c5cb80946345937d85.jpg,88/904 ซอย 69 แขวง แสมดำ เขตบางขุนเทียน กรุงเทพมหานคร 10150 ประเทศไทย,แสมดำ,บางขุนเทียน,กรุงเทพมหานคร,2022-09-04 08:59:18.947183,เสร็จสิ้น,,0,2022-09-04 11:36:25.648476,20.0,158.0,158.0,2022-09-04 09:18:21.082204,2022-09-04 11:36:25.652130,214233,{น้ำท่วม},13.64707,100.42733,2.6333333333333333,0.3333333333333333,2.6333333333333333,Transient Surcharge Candidate
2022-ZVGTWN,น้ำท่วม,"เพื่อนชัชชาติ, เขตวัฒนา, กรุงเทพมหานคร, ฝ่ายโยธา เขตวัฒนา, ผอ.เขตวัฒนา (น.ส.สุชิรา), กลุ่มกรุงเทพใต้ (นายชาตรี วัฒนเขจร)","ฝ่ายโยธา เขตวัฒนา, เขตวัฒนา, กลุ่มกรุงเทพใต้ (นายชาตรี วัฒนเขจร), ผอ.เขตวัฒนา (น.ส.สุชิรา), กรุงเทพมหานคร, เพื่อนชัชชาติ",น้ำท่วม สุขุมวิท(65) ทองใหญ่ แยก 6,"100.59160,13.72251",https://storage.googleapis.com/traffy_public_bucket/attachment/2022-09/1d69f02324238f1c44b4c4b93e1f1c9454e6c337.jpg,https://storage.googleapis.com/traffy_public_bucket/attachment/2022-09/51218203603fb27d1d002c95f184eb8b66931514.png,162 ซอย ชัยพฤกษ์ แขวง พระโขนงเหนือ เขตวัฒนา กรุงเทพมหานคร 10110 ประเทศไทย,พระโขนงเหนือ,วัฒนา,กรุงเทพมหานคร,2022-09-04 08:53:54.154634,เสร็จสิ้น,1.0,1,2022-09-04 15:19:27.023972,117.0,386.0,386.0,2022-09-04 10:50:16.062970,2022-09-04 15:19:27.027696,214223,{น้ำท่วม},13.72251,100.5916,6.433333333333334,1.95,6.433333333333334,Transient Surcharge Candidate
2022-WMKTB2,น้ำท่วม,"เพื่อนชัชชาติ, เขตตลิ่งชัน, กรุงเทพมหานคร, ฝ่ายโยธา เขตตลิ่งชัน, ผอ.เขตตลิ่งชัน (นางชดาวรรณ), กลุ่มกรุงธนเหนือ (นายเฉลิมพล โชตินุชิต)","ฝ่ายโยธา เขตตลิ่งชัน, เขตตลิ่งชัน, กลุ่มกรุงธนเหนือ (นายเฉลิมพล โชตินุชิต), ผอ.เขตตลิ่งชัน (นางชดาวรรณ), กรุงเทพมหานคร, เพื่อนชัชชาติ",ให้ทางเขตมาเปิดเครื่องสูบน้ำที่หมู่บ้านมหาดไทย 1 เพราะมีน้ำท่วมขัง รถออกจากบ้านไม่ได้ค่ะ,"100.42060,13.76438",https://storage.googleapis.com/traffy_public_bucket/attachment/2022-09/66587e9205a2b5e777d50026651bd59c89e195d8.jpg,https://storage.googleapis.com/traffy_public_bucket/attachment/2022-09/86644ffe9d5cccb818bdd5315431dad1f356669f.jpg,39/15 ซอย 11/2 แขวง บางระมาด เขตตลิ่งชัน กรุงเทพมหานคร 10170 ประเทศไทย,บางระมาด,ตลิ่งชัน,กรุงเทพมหานคร,2022-09-04 08:48:41.132280,เสร็จสิ้น,4.0,0,2022-09-04 14:14:38.362808,82.0,326.0,326.0,2022-09-04 10:10:28.299642,2022-09-04 14:14:38.367559,214215,{น้ำท่วม},13.76438,100.4206,5.433333333333334,1.3666666666666667,5.433333333333334,Transient Surcharge Candidate
2022-9B6D8Q,อื่นๆ,"เพื่อนชัชชาติ, กรุงเทพมหานคร, เขตบางขุนเทียน, ผอ.เขตบางขุนเทียน (นางภัสรา), กลุ่มกรุงธนใต้ (นายเฉลิมพล โชตินุชิต)","เขตบางขุนเทียน, กลุ่มกรุงธนใต้ (นายเฉลิมพล โชตินุชิต), ผอ.เขตบางขุนเทียน (นางภัสรา), กรุงเทพมหานคร, เพื่อนชัชชาติ",น้ำท่วมซอยเทียนทะเล19แยกสองตั้งแต่ต้นซอยถึงท้ายซอย,"100.45007,13.61548",https://storage.googleapis.com/traffy_public_bucket/attachment/2022-09/c0b13025cf79a9578495c6e875a785a3bfb56c2f.jpg,https://storage.googleapis.com/traffy_public_bucket/attachment/2022-09/1124f62786de9cea18aef92de5513626156b3e0a.jpg,31/5 ซ. ชุมชนหลวงพ่อขาว แขวง ท่าข้าม เขตบางขุนเทียน กรุงเทพมหานคร 10150 ประเทศไทย,ท่าข้าม,บางขุนเทียน,กรุงเทพมหานคร,2022-09-04 08:48:28.318390,เสร็จสิ้น,4.0,0,2022-09-04 11:19:19.400244,1.0,151.0,151.0,2022-09-04 08:49:14.435123,2022-09-04 11:19:19.404038,214213,{อื่นๆ},13.61548,100.45007,2.5166666666666666,0.016666666666666666,2.5166666666666666,Transient Surcharge Candidate
2022-BBBBN4,อื่นๆ,"เพื่อนชัชชาติ, กรุงเทพมหานคร, เขตบางขุนเทียน, ผอ.เขตบางขุนเทียน (นางภัสรา), กลุ่มกรุงธนใต้ (นายเฉลิมพล โชตินุชิต)","เขตบางขุนเทียน, กลุ่มกรุงธนใต้ (นายเฉลิมพล โชตินุชิต), ผอ.เขตบางขุนเทียน (นางภัสรา), กรุงเทพมหานคร, เพื่อนชัชชาติ",น้ำท่วมซอยท่าข้าม8 ค่ะ,"100.44192,13.65346",https://storage.googleapis.com/traffy_public_bucket/attachment/2022-09/bbe2443b3fe2dcdcdf38227407dd47c5a821763f.jpg,https://storage.googleapis.com/traffy_public_bucket/attachment/2022-09/fdcc83851ff65d5c1dae806b61fe6789b12adabb.jpg,1 ท่าข้าม 8 แขวง แสมดำ เขตบางขุนเทียน กรุงเทพมหานคร 10150 ประเทศไทย,แสมดำ,บางขุนเทียน,กรุงเทพมหานคร,2022-09-04 08:42:16.429510,เสร็จสิ้น,5.0,0,2022-09-04 10:57:51.593377,2.0,136.0,136.0,2022-09-04 08:43:42.303978,2022-09-04 10:57:51.597986,214206,{อื่นๆ},13.65346,100.44192,2.2666666666666666,0.03333333333333333,2.2666666666666666,Transient Surcharge Candidate
2022-K92TCQ,น้ำท่วม,"เพื่อนชัชชาติ, กรุงเทพมหานคร, เขตสะพานสูง, ฝ่ายโยธา เขตสะพานสูง, ผอ.เขตสะพานสูง (นายสุพจน์), กลุ่มกรุงเทพตะวันออก (นายณรงค์ เรืองศรี)","ฝ่ายโยธา เขตสะพานสูง, เขตสะพานสูง, กลุ่มกรุงเทพตะวันออก (นายณรงค์ เรืองศรี), ผอ.เขตสะพานสูง (นายสุพจน์), กรุงเทพมหานคร, เพื่อนชัชชาติ",ซอยรามคำแหง118แยก42-4 ห่างจากสำนักงานเขตสะพานสูงประมาณ700เมตรเวลาฝนตกเบาๆก็มีน้ำท่วมขังตามภาพถ่ายเดินทางเข้าออกลำบากเพราต้องลุยน้ำขัง และมีน้ำท่วมขังบริเวณหน้าประตูบ้านโดยเฉพาะหน้าบ้านเลขที่3 ขังหน้าบ้านเลยเวลารถผ่านไปมาทำให้เหยียบน้ำกระเด็นเข้าในบ้านซึ่งโดนปัญหานี้มาเกือบ10ปีแล้วทุกครั้งที่ฝนตกหนักและไม่หนัก รบกวนช่วยแก้ปัญหาน้ำขังในซอยดังกล่าวนี้ด้วยขอบคุณมากครับท่านผู้ว่าชัชชาติและทีมงาน,"100.68625,13.76610",https://storage.googleapis.com/traffy_public_bucket/attachment/2022-09/f7e4272ea3f3fc1498ed97df55d507689acfbb25.jpg,https://storage.googleapis.com/traffy_public_bucket/attachment/2022-09/4da7a4daa361ddaebf92e78b072a55cac3a327a4.jpg,3 ซอย รามคำแหง 118 แยก 42-2 แขวง สะพานสูง เขตสะพานสูง กรุงเทพมหานคร 10240 ประเทศไทย,สะพานสูง,สะพานสูง,กรุงเทพมหานคร,2022-09-04 08:36:28.483257,เสร็จสิ้น,,0,2022-09-04 12:35:57.482811,164.0,240.0,240.0,2022-09-04 11:20:01.001190,2022-09-04 12:35:57.486356,214195,{น้ำท่วม},13.7661,100.68625,4.0,2.7333333333333334,4.0,Hydraulic Capacity Surcharge
2022-AUMFHR,น้ำท่วม,"เพื่อนชัชชาติ, กรุงเทพมหานคร, เขตสะพานสูง, ฝ่ายโยธา เขตสะพานสูง, ผอ.เขตสะพานสูง (นายสุพจน์), กลุ่มกรุงเทพตะวันออก (นายณรงค์ เรืองศรี)","ฝ่ายโยธา เขตสะพานสูง, เขตสะพานสูง, กลุ่มกรุงเทพตะวันออก (นายณรงค์ เรืองศรี), ผอ.เขตสะพานสูง (นายสุพจน์), กรุงเทพมหานคร, เพื่อนชัชชาติ",น้ำท่วม ซ. หมู่บ้านนักกีฬาแหลมทอง22 แจ้งครั้งที่ 2,"100.69711,13.74427",https://storage.googleapis.com/traffy_public_bucket/attachment/2022-09/d0f46b8c57a8fdbc7ac3497fa8d8580911753146.jpg,https://storage.googleapis.com/traffy_public_bucket/attachment/2022-09/e683b224b37d93645d251f372859c53addc1ef5d.jpg,24 ซอย นักกีฬาแหลมทอง 22 แขวง สะพานสูง เขตสะพานสูง กรุงเทพมหานคร 10240 ประเทศไทย,สะพานสูง,สะพานสูง,กรุงเทพมหานคร,2022-09-04 08:24:51.852866,เสร็จสิ้น,3.0,0,2022-09-04 12:08:59.980779,136.0,225.0,225.0,2022-09-04 10:40:16.717680,2022-09-04 12:08:59.984326,214182,{น้ำท่วม},13.74427,100.69711,3.75,2.2666666666666666,3.75,Transient Surcharge Candidate
2022-LP9N6D,อื่นๆ,"กรุงเทพมหานคร, เขตยานนาวา, เพื่อนชัชชาติ, ฝ่ายโยธา เขตยานนาวา, ผอ.เขตยานนาวา (น.ส.วรุณลักษม์), กลุ่มกรุงเทพใต้ (นายชาตรี วัฒนเขจร)","ฝ่ายโยธา เขตยานนาวา, เขตยานนาวา, กลุ่มกรุงเทพใต้ (นายชาตรี วัฒนเขจร), ผอ.เขตยานนาวา (น.ส.วรุณลักษม์), เพื่อนชัชชาติ, กรุงเทพมหานคร",น้ำท่วมในซอยสาธุประดิษฐ์ 45 แยก 3,"100.53716,13.68940",https://storage.googleapis.com/traffy_public_bucket/attachment/2022-09/3b8f1b4142e30b412571c10d63448323bb20a31d.jpg,https://storage.googleapis.com/traffy_public_bucket/attachment/2022-09/0986a13f343e11e75bcf94299e441fb97267eecb.jpg,551/93 ซอย สาธุประดิษฐ์ 45 แขวง ช่องนนทรี เขต ยานนาวา กรุงเทพมหานคร 10120 ประเทศไทย,ช่องนนทรี,ยานนาวา,กรุงเทพมหานคร,2022-09-04 08:09:31.768964,เสร็จสิ้น,,0,2022-09-04 11:36:57.327839,,208.0,208.0,,2022-09-04 11:36:57.331512,214160,{อื่นๆ},13.6894,100.53716,3.466666666666667,,3.466666666666667,Transient Surcharge Candidate
2022-NCW97U,อื่นๆ,"เพื่อนชัชชาติ, กรุงเทพมหานคร, เขตหนองแขม, ฝ่ายโยธา เขตหนองแขม, ผอ.เขตหนองแขม (นางมณีวรรณ), กลุ่มกรุงธนใต้ (นายเฉลิมพล โชตินุชิต)","ฝ่ายโยธา เขตหนองแขม, เขตหนองแขม, กลุ่มกรุงธนใต้ (นายเฉลิมพล โชตินุชิต), ผอ.เขตหนองแขม (นางมณีวรรณ), กรุงเทพมหานคร, เพื่อนชัชชาติ",น้ำท่วมขังสูงเกือบ 40 ซม. ไม่ระบาย รอบที่แล้วสามถึงสี่วัน รอบนี้ท่วมซ้ำ รถเข้าออกไม่ได้ คนเข้าออกเริ่มไม่ได้ ขอรบกวนสูบน้ำออกจากหมู่บ้าน ลดระดับน้ำลงหน่อยได้ไหมครับ,"100.35052,13.68469",https://storage.googleapis.com/traffy_public_bucket/attachment/2022-09/5dc17fad2380eeb8b9419c2108efff8228778343.jpg,https://storage.googleapis.com/traffy_public_bucket/attachment/2022-09/2a72029a1dcb084ed4a66d838ca93ee2f92d07b3.jpg,10/155 ถนน เลียบคลองภาษีเจริญฝั่งใต้ แขวง หนองแขม เขตหนองแขม กรุงเทพมหานคร 10160 ประเทศไทย,หนองแขม,หนองแขม,กรุงเทพมหานคร,2022-09-04 07:55:02.215564,เสร็จสิ้น,4.0,0,2022-09-04 15:23:31.297909,60.0,449.0,449.0,2022-09-04 08:54:17.874398,2022-09-04 15:23:31.301413,214145,{อื่นๆ},13.68469,100.35052,7.483333333333333,1.0,7.483333333333333,Transient Surcharge Candidate
2022-4XKNU6,น้ำท่วม,"เพื่อนชัชชาติ, กรุงเทพมหานคร, เขตบางขุนเทียน, ผอ.เขตบางขุนเทียน (นางภัสรา), กลุ่มกรุงธนใต้ (นายเฉลิมพล โชตินุชิต)","เขตบางขุนเทียน, กลุ่มกรุงธนใต้ (นายเฉลิมพล โชตินุชิต), ผอ.เขตบางขุนเทียน (นางภัสรา), กรุงเทพมหานคร, เพื่อนชัชชาติ","น้ำท่วมบริเวณถนนทางเข้าออกหมู่บ้านอิ่มอัมพร11
รถยนต์ออกไม่ได้ค่ะ","100.43979,13.62239",https://storage.googleapis.com/traffy_public_bucket/attachment/2022-09/8b73c222e4e5963339659afe34d29df34814d845.jpg,https://storage.googleapis.com/traffy_public_bucket/attachment/2022-09/d0dbc9f0a68e161738db40d2c4b94d5484eb90b7.jpg,16 ซอย หมู่บ้านอิ่มอัมพร 11 ซอย 4 แขวง ท่าข้าม เขตบางขุนเทียน กรุงเทพมหานคร 10150 ประเทศไทย,ท่าข้าม,บางขุนเทียน,กรุงเทพมหานคร,2022-09-04 07:51:20.297662,เสร็จสิ้น,5.0,0,2022-09-04 11:21:06.926016,2.0,210.0,210.0,2022-09-04 07:52:33.433651,2022-09-04 11:21:06.930084,214141,{น้ำท่วม},13.62239,100.43979,3.5,0.03333333333333333,3.5,Transient Surcharge Candidate
2022-9F8TUE,น้ำท่วม,"เพื่อนชัชชาติ, กรุงเทพมหานคร, เขตหนองแขม, ฝ่ายโยธา เขตหนองแขม, ผอ.เขตหนองแขม (นางมณีวรรณ), กลุ่มกรุงธนใต้ (นายเฉลิมพล โชตินุชิต)","ฝ่ายโยธา เขตหนองแขม, เขตหนองแขม, กลุ่มกรุงธนใต้ (นายเฉลิมพล โชตินุชิต), ผอ.เขตหนองแขม (นางมณีวรรณ), กรุงเทพมหานคร, เพื่อนชัชชาติ",ฝนตกทีไรท่วมทุกที,"100.34028,13.70127",https://storage.googleapis.com/traffy_public_bucket/attachment/2022-09/9d0ce576437b166d4eedab2ce4c1a9a2818ce618.jpg,https://storage.googleapis.com/traffy_public_bucket/attachment/2022-09/b2a258f6913b231aa1d8a3fb396c58af6053b620.jpg,17/129 ถนน บางบอน 5 แขวง หนองค้างพลู เขตหนองแขม กรุงเทพมหานคร 10160 ประเทศไทย,หนองค้างพลู,หนองแขม,กรุงเทพมหานคร,2022-09-04 07:47:22.786886,เสร็จสิ้น,,1,2022-09-04 14:09:55.265543,380.0,383.0,383.0,2022-09-04 14:07:22.593497,2022-09-04 14:09:55.269101,214138,{น้ำท่วม},13.70127,100.34028,6.383333333333334,6.333333333333333,6.383333333333334,Transient Surcharge Candidate
2022-FDBFFE,น้ำท่วม,"เพื่อนชัชชาติ, เขตประเวศ, กรุงเทพมหานคร, ฝ่ายโยธา เขตประเวศ, ผอ.เขตประเวศ (นายดิชา), กลุ่มกรุงเทพตะวันออก (นายณรงค์ เรืองศรี)","ฝ่ายโยธา เขตประเวศ, เขตประเวศ, กลุ่มกรุงเทพตะวันออก (นายณรงค์ เรืองศรี), ผอ.เขตประเวศ (นายดิชา), กรุงเทพมหานคร, เพื่อนชัชชาติ",น้ำท่วมซอยเฉลิมพระเกียรติ48แยก19 ตกนิดหน่อยก็ท่วม ท่วมทุกครั้งที่ฝนตก,"100.69277,13.69270",https://storage.googleapis.com/traffy_public_bucket/attachment/2022-09/ac939a17f1c2bbd44302c436773da1e367856686.jpg,https://storage.googleapis.com/traffy_public_bucket/attachment/2022-09/79c607e97aaf9579af585141224a17d6524a4a8b.jpg,291 เฉลิมพระเกียรติ ร. 9 ซอย 48 แยก 19 แขวง ดอกไม้ เขต ประเวศ กรุงเทพมหานคร 10250 ประเทศไทย,ดอกไม้,ประเวศ,กรุงเทพมหานคร,2022-09-04 07:39:35.798483,เสร็จสิ้น,5.0,0,2022-09-04 17:14:53.251209,299.0,576.0,576.0,2022-09-04 12:37:55.541573,2022-09-04 17:14:53.254418,214133,{น้ำท่วม},13.6927,100.69277,9.6,4.983333333333333,9.6,Transient Surcharge Candidate
2022-GCX74H,อื่นๆ,"เพื่อนชัชชาติ, เขตวัฒนา, กรุงเทพมหานคร, ฝ่ายโยธา เขตวัฒนา, ผอ.เขตวัฒนา (น.ส.สุชิรา), กลุ่มกรุงเทพใต้ (นายชาตรี วัฒนเขจร)","ฝ่ายโยธา เขตวัฒนา, เขตวัฒนา, กลุ่มกรุงเทพใต้ (นายชาตรี วัฒนเขจร), ผอ.เขตวัฒนา (น.ส.สุชิรา), กรุงเทพมหานคร, เพื่อนชัชชาติ","ฝนตกตั้งแต่ตีสอง..
ตอนนี้ก้อยังตกอยู่
ปรีดี 15 แยก3-4 สุขุมวิท 71
น้ำท่วมขัง.. ซ้ำซาก
แจ้ง traffy fondue ซ้ำซาก..

ถนนซอยไม่ได้ระดับ ต่ำกว่าแยกอื่น น้ำมากองรวมกันแยกนี้

ทนทุกข์มากว่า 20 ปี ไม่มีหน่วยงานใดที่มีหน้าที่มาช่วยได้🥺🥺🥺🥺🥺🥺🥺","100.59316,13.72147",https://storage.googleapis.com/traffy_public_bucket/attachment/2022-09/e1faf322fbc61a932752000fdb799d29a3b4794f.jpg,https://storage.googleapis.com/traffy_public_bucket/attachment/2022-09/a6bf4656d7d7344eea25ce2533d63d577c9acd3a.jpg,259/171 ซอย ปรีดีพนมยงค์ 15 แขวง พระโขนงเหนือ เขตวัฒนา กรุงเทพมหานคร 10110 ประเทศไทย,พระโขนงเหนือ,วัฒนา,กรุงเทพมหานคร,2022-09-04 05:46:11.925310,เสร็จสิ้น,5.0,0,2022-09-04 15:15:37.064622,308.0,570.0,570.0,2022-09-04 10:53:14.996558,2022-09-04 15:15:37.069055,214086,{อื่นๆ},13.72147,100.59316,9.5,5.133333333333334,9.5,Transient Surcharge Candidate
2022-MFW6QB,น้ำท่วม,"เพื่อนชัชชาติ, เขตวัฒนา, กรุงเทพมหานคร, ฝ่ายโยธา เขตวัฒนา, ผอ.เขตวัฒนา (น.ส.สุชิรา), กลุ่มกรุงเทพใต้ (นายชาตรี วัฒนเขจร)","ฝ่ายโยธา เขตวัฒนา, เขตวัฒนา, กลุ่มกรุงเทพใต้ (นายชาตรี วัฒนเขจร), ผอ.เขตวัฒนา (น.ส.สุชิรา), กรุงเทพมหานคร, เพื่อนชัชชาติ",น้ำท่วมในซอย,"100.60114,13.71858",https://storage.googleapis.com/traffy_public_bucket/attachment/2022-09/4421f93193e3bdeb90a4ac1d5fd42ce8a435faee.jpg,https://storage.googleapis.com/traffy_public_bucket/attachment/2022-09/9952f962b32f14145d7b5ad0cff297d0df79c032.jpg,95 ซอย มีสุวรรณ 3 แยก 8/1 แขวง พระโขนงเหนือ เขตวัฒนา กรุงเทพมหานคร 10110 ประเทศไทย,พระโขนงเหนือ,วัฒนา,กรุงเทพมหานคร,2022-09-04 05:26:31.512911,เสร็จสิ้น,4.0,0,2022-09-04 13:38:34.070663,328.0,493.0,493.0,2022-09-04 10:54:02.129065,2022-09-04 13:38:35.425990,214080,{น้ำท่วม},13.71858,100.60114,8.216666666666667,5.466666666666667,8.216666666666667,Transient Surcharge Candidate
2022-69CZ3R,อื่นๆ,"เพื่อนชัชชาติ, เขตยานนาวา, กรุงเทพมหานคร, ฝ่ายโยธา เขตยานนาวา, ผอ.เขตยานนาวา (น.ส.วรุณลักษม์), กลุ่มกรุงเทพใต้ (นายชาตรี วัฒนเขจร)","ฝ่ายโยธา เขตยานนาวา, เขตยานนาวา, กลุ่มกรุงเทพใต้ (นายชาตรี วัฒนเขจร), ผอ.เขตยานนาวา (น.ส.วรุณลักษม์), กรุงเทพมหานคร, เพื่อนชัชชาติ",แจ้งน้ำท่วมระบายไม่ทันในพื้นที่ซอยสาธุประดิษฐ์ 15 ตำบลช่องนนทรี ยานนาวา,"100.53260,13.70035",https://storage.googleapis.com/traffy_public_bucket/attachment/2022-09/d855cc3783f952e280b09417381cc93aae7337f7.jpg,https://storage.googleapis.com/traffy_public_bucket/attachment/2022-09/65ea52ab4f99bf630a4b58fda5479737c05c7b8d.jpg,265/286 ถนน สาธุประดิษฐ์ แขวง ช่องนนทรี เขต ยานนาวา กรุงเทพมหานคร 10120 ประเทศไทย,ช่องนนทรี,ยานนาวา,กรุงเทพมหานคร,2022-09-04 04:38:29.136856,เสร็จสิ้น,1.0,1,2022-09-04 12:06:48.539587,144.0,449.0,449.0,2022-09-04 07:01:56.222244,2022-09-04 12:06:48.544256,214076,{อื่นๆ},13.70035,100.5326,7.483333333333333,2.4,7.483333333333333,Hydraulic Capacity Surcharge
2022-FCG3R7,อื่นๆ,"เพื่อนชัชชาติ, เขตวัฒนา, กรุงเทพมหานคร, ฝ่ายโยธา เขตวัฒนา, ผอ.เขตวัฒนา (น.ส.สุชิรา), กลุ่มกรุงเทพใต้ (นายชาตรี วัฒนเขจร)","ฝ่ายโยธา เขตวัฒนา, เขตวัฒนา, กลุ่มกรุงเทพใต้ (นายชาตรี วัฒนเขจร), ผอ.เขตวัฒนา (น.ส.สุชิรา), กรุงเทพมหานคร, เพื่อนชัชชาติ",น้ำท่วม,"100.59900,13.73277",https://storage.googleapis.com/traffy_public_bucket/attachment/2022-09/274a7f66ec14b5cdc227a31157be454662f05176.jpg,https://storage.googleapis.com/traffy_public_bucket/attachment/2022-09/a10a74e2f07e7a1f3925a1bb3d97747951858a5a.jpg,240 ซอย ปรีดี พนมยงค์ 42 แขวง คลองตันเหนือ เขตวัฒนา กรุงเทพมหานคร 10110 ประเทศไทย,คลองตันเหนือ,วัฒนา,กรุงเทพมหานคร,2022-09-04 03:41:33.691376,เสร็จสิ้น,5.0,0,2022-09-04 13:35:27.093446,434.0,594.0,594.0,2022-09-04 10:55:25.372720,2022-09-04 13:35:27.097614,214066,{อื่นๆ},13.73277,100.599,9.9,7.233333333333333,9.9,Transient Surcharge Candidate
2022-BAYA7M,อื่นๆ,"กรุงเทพมหานคร, เขตจตุจักร, เพื่อนชัชชาติ, ฝ่ายโยธา เขตจตุจักร, ผอ.เขตจตุจักร (นางสาวภัทร์กร), กลุ่มกรุงเทพเหนือ (นางวันทนีย์ วัฒนะ)","เขตจตุจักร, กลุ่มกรุงเทพเหนือ (นางวันทนีย์ วัฒนะ), ผอ.เขตจตุจักร (นางสาวภัทร์กร), ฝ่ายโยธา เขตจตุจักร, เพื่อนชัชชาติ, กรุงเทพมหานคร",แจ้งปัญหาน้ำท่วมขังขณะฝนตกในซอยพหลโยธิน 24,"100.57105,13.82023",https://storage.googleapis.com/traffy_public_bucket/attachment/2022-09/e23f0d296f69b90d95e90ecde55204a7db2009d8.jpg,https://storage.googleapis.com/traffy_public_bucket/attachment/2022-09/59219cfb336d84dcbe36b8631af20f9bdd1d0063.jpg,610 ซอย พหลโยธิน 24 แยก 2-1-2 แขวง จอมพล เขตจตุจักร กรุงเทพมหานคร 10900 ประเทศไทย,จอมพล,จตุจักร,กรุงเทพมหานคร,2022-09-03 14:35:13.773513,เสร็จสิ้น,5.0,0,2023-02-14 14:20:11.525364,50.0,287.0,287.0,2022-09-03 15:25:05.854759,2022-09-03 19:22:11.818277,213532,{อื่นๆ},13.82023,100.57105,4.783333333333333,0.8333333333333334,4.783333333333333,Hydraulic Capacity Surcharge
2022-HYQYPV,อื่นๆ,"เพื่อนชัชชาติ, เขตจตุจักร, กรุงเทพมหานคร, ฝ่ายโยธา เขตจตุจักร, ผอ.เขตจตุจักร (นางสาวภัทร์กร), กลุ่มกรุงเทพเหนือ (นางวันทนีย์ วัฒนะ)","เขตจตุจักร, กลุ่มกรุงเทพเหนือ (นางวันทนีย์ วัฒนะ), ผอ.เขตจตุจักร (นางสาวภัทร์กร), ฝ่ายโยธา เขตจตุจักร, กรุงเทพมหานคร, เพื่อนชัชชาติ",ปัญหาน้ำท่วมเวลาฝนตก,"100.58179,13.82202",https://storage.googleapis.com/traffy_public_bucket/attachment/2022-09/69acce9de5c8fb00e32ba2381c55c7a7ce44f8ba.jpg,https://storage.googleapis.com/traffy_public_bucket/attachment/2022-09/8a13705922c3db713151e9966349dac77466ba46.jpg,15/220 ซอย รัขดาภิเษก แขวง จันทรเกษม เขตจตุจักร กรุงเทพมหานคร 10900 ประเทศไทย,จันทรเกษม,จตุจักร,กรุงเทพมหานคร,2022-09-03 13:36:03.693123,เสร็จสิ้น,5.0,0,2023-02-14 14:20:33.456492,30.0,343.0,343.0,2022-09-03 14:05:09.784977,2022-09-03 19:18:17.041968,213478,{อื่นๆ},13.82202,100.58179,5.716666666666667,0.5,5.716666666666667,Hydraulic Capacity Surcharge
2022-8P76G3,น้ำท่วม,"เพื่อนชัชชาติ, เขตพระโขนง, กรุงเทพมหานคร, ฝ่ายโยธา เขตพระโขนง, ผอ.เขตพระโขนง (น.ส.วรุณลักษม์), กลุ่มกรุงเทพใต้ (นายชาตรี วัฒนเขจร)","ฝ่ายโยธา เขตพระโขนง, เขตพระโขนง, กลุ่มกรุงเทพใต้ (นายชาตรี วัฒนเขจร), ผอ.เขตพระโขนง (น.ส.วรุณลักษม์), กรุงเทพมหานคร, เพื่อนชัชชาติ",น้ำท่วมถนนสัญจรตรงทางลงทางด่วนสุขุมวิท 62,"100.60540,13.69744",https://storage.googleapis.com/traffy_public_bucket/attachment/2022-09/9e82d361237e48d1775fb84d78ff39ad9e3e6664.jpg,https://storage.googleapis.com/traffy_public_bucket/attachment/2022-09/c989c0df042af0c2f9a5bc483f44ab97e18ebfd6.jpg,39 ซอย สุขุมวิท 97 แขวง บางจาก เขตพระโขนง กรุงเทพมหานคร 10260 ประเทศไทย,บางจาก,พระโขนง,กรุงเทพมหานคร,2022-09-01 14:31:03.354367,เสร็จสิ้น,5.0,0,2022-09-01 18:09:33.117054,,219.0,219.0,,2022-09-01 18:09:33.120823,210988,{น้ำท่วม},13.69744,100.6054,3.65,,3.65,Transient Surcharge Candidate
