unique_key,created_date,closed_date,complaint_type,descriptor,incident_address,street_name,cross_street_1,cross_street_2,borough,incident_zip,latitude,longitude,resolution_description,drain_category,duration_hours
69810560,2026-07-22 15:32:00,2026-07-22 19:50:00,Sewer,Street Flooding (SJ),271 CENTRAL PARK WEST,CENTRAL PARK WEST,W 87 ST,W 88 ST,MANHATTAN,10024,40.78624587514839,-73.96865905731963,"The Department of Environment Protection inspected your complaint but could not find the problem you reported. If the condition persists, please call 311 (or 212-639-9675 if calling from a non-New York City area code) with more detailed information to submit a new complaint.",Naturally Receded (Unobserved),4.3
69807635,2026-07-22 10:24:00,2026-07-22 11:00:00,Sewer,Street Flooding (SJ),162 AVENUE B,AVENUE B,E 10 ST,E 11 ST,MANHATTAN,10009,40.7270661703141,-73.97977401836124,"The Department of Environment Protection inspected your complaint but could not find the problem you reported. If the condition persists, please call 311 (or 212-639-9675 if calling from a non-New York City area code) with more detailed information to submit a new complaint.",Naturally Receded (Unobserved),0.6
69812060,2026-07-22 06:58:00,2026-07-22 10:55:00,Sewer,Street Flooding (SJ),40 NORTH    4 STREET,NORTH    4 STREET,N 4 PL,WYTHE AVE,BROOKLYN,11249,40.71848195630628,-73.96321480997295,"The Department of Environment Protection inspected your complaint but could not find the problem you reported. If the condition persists, please call 311 (or 212-639-9675 if calling from a non-New York City area code) with more detailed information to submit a new complaint.",Naturally Receded (Unobserved),3.95
69796293,2026-07-21 16:15:00,2026-07-21 16:35:00,Sewer,Street Flooding (SJ),248 EAST   31 STREET,EAST   31 STREET,3 AVE,2 AVE,MANHATTAN,10016,40.743339560392265,-73.97837969074094,"The Department of Environment Protection inspected your complaint but could not find the problem you reported. If the condition persists, please call 311 (or 212-639-9675 if calling from a non-New York City area code) with more detailed information to submit a new complaint.",Naturally Receded (Unobserved),0.3333333333333333
69799030,2026-07-21 14:47:00,2026-07-21 16:40:00,Sewer,Street Flooding (SJ),493A CENTRAL AVENUE,CENTRAL AVENUE,JEFFERSON AVE,HANCOCK ST,BROOKLYN,11221,40.69103731013362,-73.91275721436878,"The Department of Environment Protection inspected your complaint but could not find the problem you reported. If the condition persists, please call 311 (or 212-639-9675 if calling from a non-New York City area code) with more detailed information to submit a new complaint.",Naturally Receded (Unobserved),1.8833333333333333
69792232,2026-07-21 13:30:00,2026-07-21 19:45:00,Sewer,Street Flooding (SJ),47-18 73 STREET,73 STREET,47 AVE,48 AVE,QUEENS,11377,40.73876372453538,-73.89080163422426,"The Department of Environment Protection inspected your complaint but could not find the problem you reported. If the condition persists, please call 311 (or 212-639-9675 if calling from a non-New York City area code) with more detailed information to submit a new complaint.",Naturally Receded (Unobserved),6.25
69800354,2026-07-21 13:14:00,2026-07-21 20:35:00,Sewer,Street Flooding (SJ),,,,,QUEENS,11432,40.721353048353635,-73.78650879224409,"The Department of Environment Protection inspected your complaint but could not find the problem you reported. If the condition persists, please call 311 (or 212-639-9675 if calling from a non-New York City area code) with more detailed information to submit a new complaint.",Naturally Receded (Unobserved),7.35
69799029,2026-07-21 11:41:00,2026-07-21 18:20:00,Sewer,Street Flooding (SJ),60-11 BROADWAY,BROADWAY,60 ST,61 ST,QUEENS,11377,40.75110854400235,-73.90180396065647,"The Department of Environment Protection inspected your complaint but could not find the problem you reported. If the condition persists, please call 311 (or 212-639-9675 if calling from a non-New York City area code) with more detailed information to submit a new complaint.",Naturally Receded (Unobserved),6.65
69794926,2026-07-21 11:10:00,2026-07-21 20:15:00,Sewer,Street Flooding (SJ),,,,,QUEENS,11377,40.7390675980332,-73.89587117610836,"The Department of Environment Protection inspected your complaint but could not find the problem you reported. If the condition persists, please call 311 (or 212-639-9675 if calling from a non-New York City area code) with more detailed information to submit a new complaint.",Naturally Receded (Unobserved),9.083333333333334
69800352,2026-07-21 11:06:00,2026-07-21 19:15:00,Sewer,Street Flooding (SJ),,,,,BROOKLYN,11211,40.70994851264965,-73.95549695218213,"The Department of Environment Protection inspected your complaint but could not find the problem you reported. If the condition persists, please call 311 (or 212-639-9675 if calling from a non-New York City area code) with more detailed information to submit a new complaint.",Naturally Receded (Unobserved),8.15
69790902,2026-07-21 10:42:00,2026-07-21 20:50:00,Sewer,Street Flooding (SJ),61-35 98 STREET,98 STREET,HORACE HARDING EXPY SR S,DRIVEWAY,QUEENS,11374,40.73439714395866,-73.86058913220121,"The Department of Environment Protection inspected your complaint but could not find the problem you reported. If the condition persists, please call 311 (or 212-639-9675 if calling from a non-New York City area code) with more detailed information to submit a new complaint.",Naturally Receded (Unobserved),10.133333333333333
69784539,2026-07-20 10:29:00,2026-07-20 11:45:00,Sewer,Street Flooding (SJ),41-10 47 STREET,47 STREET,SKILLMAN AVE,43 AVE,QUEENS,11104,40.74619926792375,-73.91714925490226,"The Department of Environment Protection inspected your complaint but could not find the problem you reported. If the condition persists, please call 311 (or 212-639-9675 if calling from a non-New York City area code) with more detailed information to submit a new complaint.",Naturally Receded (Unobserved),1.2666666666666666
69777032,2026-07-19 01:48:00,2026-07-19 12:25:00,Sewer,Street Flooding (SJ),146-26 HAWTHORNE AVENUE,HAWTHORNE AVENUE,BURLING ST,PARSONS BLVD,QUEENS,11355,40.754013312810805,-73.81530085955949,"The Department of Environment Protection inspected your complaint but could not find the problem you reported. If the condition persists, please call 311 (or 212-639-9675 if calling from a non-New York City area code) with more detailed information to submit a new complaint.",Naturally Receded (Unobserved),10.616666666666667
69765622,2026-07-18 22:21:00,2026-07-19 10:10:00,Sewer,Street Flooding (SJ),175-19 68 AVENUE,68 AVENUE,FRESH MEADOW LN,UTOPIA PKWY,QUEENS,11365,40.73359235140183,-73.79426707223482,"The Department of Environment Protection inspected your complaint but could not find the problem you reported. If the condition persists, please call 311 (or 212-639-9675 if calling from a non-New York City area code) with more detailed information to submit a new complaint.",Naturally Receded (Unobserved),11.816666666666666
69766788,2026-07-18 19:19:00,2026-07-18 20:10:00,Sewer,Street Flooding (SJ),,,,,BROOKLYN,11232,40.65542942447386,-74.00325805445905,"The Department of Environment Protection inspected your complaint but could not find the problem you reported. If the condition persists, please call 311 (or 212-639-9675 if calling from a non-New York City area code) with more detailed information to submit a new complaint.",Naturally Receded (Unobserved),0.85
69760904,2026-07-18 18:12:00,2026-07-18 19:15:00,Sewer,Street Flooding (SJ),1369 84 STREET,84 STREET,13 AVE,14 AVE,BROOKLYN,11228,40.61430926738149,-74.01116925149776,"The Department of Environment Protection inspected your complaint but could not find the problem you reported. If the condition persists, please call 311 (or 212-639-9675 if calling from a non-New York City area code) with more detailed information to submit a new complaint.",Naturally Receded (Unobserved),1.05
69766793,2026-07-18 17:00:00,2026-07-18 21:20:00,Sewer,Street Flooding (SJ),2300 5 AVENUE,5 AVENUE,HARLEM RIVER DRV NB EN E 139 ST,W 141 ST,MANHATTAN,10037,40.815510167325854,-73.93563231275274,"The Department of Environment Protection inspected your complaint but could not find the problem you reported. If the condition persists, please call 311 (or 212-639-9675 if calling from a non-New York City area code) with more detailed information to submit a new complaint.",Naturally Receded (Unobserved),4.333333333333333
69765624,2026-07-18 16:53:00,2026-07-18 18:05:00,Sewer,Street Flooding (SJ),161 SCHOLES STREET,SCHOLES STREET,GRAHAM AVE,HUMBOLDT ST,BROOKLYN,11206,40.70882045878851,-73.94312954290254,The Department of Environmental Protection has investigated this complaint. Surcharge conditions have been confirmed due to rain intensity or volume.,Hydraulic Capacity Surcharge,1.2
69765612,2026-07-18 16:22:00,2026-07-18 17:10:00,Sewer,Street Flooding (SJ),,,,,BROOKLYN,11217,40.67670745451643,-73.97710342267006,"The Department of Environment Protection inspected your complaint but could not find the problem you reported. If the condition persists, please call 311 (or 212-639-9675 if calling from a non-New York City area code) with more detailed information to submit a new complaint.",Naturally Receded (Unobserved),0.8
69762031,2026-07-18 14:47:00,2026-07-18 20:40:00,Sewer,Street Flooding (SJ),27 EAST  198 STREET,EAST  198 STREET,JEROME AVE,CRESTON AVE,BRONX,10468,40.87112708526664,-73.89259100178545,"The Department of Environment Protection inspected your complaint but could not find the problem you reported. If the condition persists, please call 311 (or 212-639-9675 if calling from a non-New York City area code) with more detailed information to submit a new complaint.",Naturally Receded (Unobserved),5.883333333333334
69759691,2026-07-18 14:43:00,2026-07-18 20:10:00,Sewer,Street Flooding (SJ),25-36 88 STREET,88 STREET,25 AVE,30 AVE,QUEENS,11369,40.76302588570337,-73.88104770198315,"The Department of Environment Protection inspected your complaint but could not find the problem you reported. If the condition persists, please call 311 (or 212-639-9675 if calling from a non-New York City area code) with more detailed information to submit a new complaint.",Naturally Receded (Unobserved),5.45
69763172,2026-07-18 14:12:00,2026-07-18 18:15:00,Sewer,Street Flooding (SJ),401 GRAND STREET,GRAND STREET,RODNEY ST,KEAP ST,BROOKLYN,11211,40.7117842189887,-73.9541214252435,"The Department of Environment Protection inspected your complaint but could not find the problem you reported. If the condition persists, please call 311 (or 212-639-9675 if calling from a non-New York City area code) with more detailed information to submit a new complaint.",Naturally Receded (Unobserved),4.05
69758514,2026-07-18 14:09:00,2026-07-18 21:30:00,Sewer,Street Flooding (SJ),66-06 QUEENS BOULEVARD,QUEENS BOULEVARD,66 ST,LAUREL HILL BLVD,QUEENS,11377,40.74073595237735,-73.89843432558979,"The Department of Environment Protection inspected your complaint but could not find the problem you reported. If the condition persists, please call 311 (or 212-639-9675 if calling from a non-New York City area code) with more detailed information to submit a new complaint.",Naturally Receded (Unobserved),7.35
69762034,2026-07-18 14:02:00,2026-07-18 17:40:00,Sewer,Street Flooding (SJ),928 82 STREET,82 STREET,7 AVE,10 AVE,BROOKLYN,11228,40.621054879499425,-74.01936175245181,"The Department of Environment Protection inspected your complaint but could not find the problem you reported. If the condition persists, please call 311 (or 212-639-9675 if calling from a non-New York City area code) with more detailed information to submit a new complaint.",Naturally Receded (Unobserved),3.6333333333333333
69766797,2026-07-18 14:00:00,2026-07-18 20:50:00,Sewer,Street Flooding (SJ),,,,,QUEENS,11368,40.747629875730745,-73.86310220147196,"The Department of Environment Protection inspected your complaint but could not find the problem you reported. If the condition persists, please call 311 (or 212-639-9675 if calling from a non-New York City area code) with more detailed information to submit a new complaint.",Naturally Receded (Unobserved),6.833333333333333
69766798,2026-07-18 13:56:00,2026-07-18 19:50:00,Sewer,Street Flooding (SJ),711 SHEPHARD AVENUE,SHEPHARD AVENUE,NEW LOTS AVE,HEGEMAN AVE,BROOKLYN,11208,40.6668301891388,-73.87844006050624,"The Department of Environment Protection inspected your complaint but could not find the problem you reported. If the condition persists, please call 311 (or 212-639-9675 if calling from a non-New York City area code) with more detailed information to submit a new complaint.",Naturally Receded (Unobserved),5.9
69765631,2026-07-18 13:51:00,2026-07-18 17:50:00,Sewer,Street Flooding (SJ),8002 14 AVENUE,14 AVENUE,80 ST,81 ST,BROOKLYN,11228,40.61604422106397,-74.00828080508207,"The Department of Environment Protection inspected your complaint but could not find the problem you reported. If the condition persists, please call 311 (or 212-639-9675 if calling from a non-New York City area code) with more detailed information to submit a new complaint.",Naturally Receded (Unobserved),3.9833333333333334
69759695,2026-07-18 13:47:00,2026-07-18 21:00:00,Sewer,Street Flooding (SJ),51-16 IRELAND STREET,IRELAND STREET,51 AVE,KNEELAND AVE,QUEENS,11373,40.736618774281546,-73.8866193626403,"The Department of Environment Protection inspected your complaint but could not find the problem you reported. If the condition persists, please call 311 (or 212-639-9675 if calling from a non-New York City area code) with more detailed information to submit a new complaint.",Naturally Receded (Unobserved),7.216666666666667
69763181,2026-07-18 13:24:00,2026-07-18 17:20:00,Sewer,Street Flooding (SJ),51-25 VANKLEECK STREET,VANKLEECK STREET,CODWISE PL,KNEELAND AVE,QUEENS,11373,40.73642775347293,-73.88225709965161,"The Department of Environment Protection inspected your complaint but could not find the problem you reported. If the condition persists, please call 311 (or 212-639-9675 if calling from a non-New York City area code) with more detailed information to submit a new complaint.",Naturally Receded (Unobserved),3.933333333333333
69758517,2026-07-18 13:17:00,2026-07-18 16:30:00,Sewer,Street Flooding (SJ),,,,,QUEENS,11373,40.736752343034745,-73.8776701929152,"The Department of Environment Protection inspected your complaint but could not find the problem you reported. If the condition persists, please call 311 (or 212-639-9675 if calling from a non-New York City area code) with more detailed information to submit a new complaint.",Naturally Receded (Unobserved),3.216666666666667
69763183,2026-07-18 13:16:00,2026-07-18 19:55:00,Sewer,Street Flooding (SJ),47-14 73 STREET,73 STREET,47 AVE,48 AVE,QUEENS,11377,40.7387829377848,-73.89080160273542,"The Department of Environment Protection inspected your complaint but could not find the problem you reported. If the condition persists, please call 311 (or 212-639-9675 if calling from a non-New York City area code) with more detailed information to submit a new complaint.",Naturally Receded (Unobserved),6.65
69765635,2026-07-18 13:07:00,2026-07-18 20:50:00,Sewer,Street Flooding (SJ),72-39 43 AVENUE,43 AVENUE,AMTRAK-CONNECTING RAIL LINE,74 ST,QUEENS,11377,40.742189714243246,-73.89136980846726,"The Department of Environment Protection inspected your complaint but could not find the problem you reported. If the condition persists, please call 311 (or 212-639-9675 if calling from a non-New York City area code) with more detailed information to submit a new complaint.",Naturally Receded (Unobserved),7.716666666666667
69759678,2026-07-18 13:05:00,2026-07-18 17:40:00,Sewer,Street Flooding (SJ),,,,,MANHATTAN,10011,40.74344858052988,-74.00354023666831,"The Department of Environment Protection inspected your complaint but could not find the problem you reported. If the condition persists, please call 311 (or 212-639-9675 if calling from a non-New York City area code) with more detailed information to submit a new complaint.",Naturally Receded (Unobserved),4.583333333333333
69765636,2026-07-18 13:01:00,2026-07-18 20:35:00,Sewer,Street Flooding (SJ),270 RICHARDS STREET,RICHARDS STREET,BEARD ST,DEAD END,BROOKLYN,11231,40.6735717145845,-74.01305378803349,"The Department of Environment Protection inspected your complaint but could not find the problem you reported. If the condition persists, please call 311 (or 212-639-9675 if calling from a non-New York City area code) with more detailed information to submit a new complaint.",Naturally Receded (Unobserved),7.566666666666666
69764442,2026-07-18 12:59:00,2026-07-18 18:30:00,Sewer,Street Flooding (SJ),45-57 DAVIS STREET,DAVIS STREET,FLUSHING LINE,DEAD END,QUEENS,11101,40.74425874322234,-73.94461500871317,"The Department of Environment Protection inspected your complaint but could not find the problem you reported. If the condition persists, please call 311 (or 212-639-9675 if calling from a non-New York City area code) with more detailed information to submit a new complaint.",Naturally Receded (Unobserved),5.516666666666667
69764427,2026-07-18 12:58:00,2026-07-18 13:30:00,Sewer,Street Flooding (SJ),61 GUERNSEY STREET,GUERNSEY STREET,NASSAU AVE,NORMAN AVE,BROOKLYN,11222,40.723608084310165,-73.95273152491903,"The Department of Environment Protection inspected your complaint but could not find the problem you reported. If the condition persists, please call 311 (or 212-639-9675 if calling from a non-New York City area code) with more detailed information to submit a new complaint.",Naturally Receded (Unobserved),0.5333333333333333
69762037,2026-07-18 12:58:00,2026-07-18 21:10:00,Sewer,Street Flooding (SJ),72-19 48 AVENUE,48 AVENUE,72 ST,73 ST,QUEENS,11377,40.738273422114666,-73.89187056160074,"The Department of Environment Protection inspected your complaint but could not find the problem you reported. If the condition persists, please call 311 (or 212-639-9675 if calling from a non-New York City area code) with more detailed information to submit a new complaint.",Naturally Receded (Unobserved),8.2
69759699,2026-07-18 12:57:00,2026-07-18 21:20:00,Sewer,Street Flooding (SJ),69-02 47 AVENUE,47 AVENUE,69 ST,LIRR MAIN LINE,QUEENS,11377,40.73905650803443,-73.89574850210755,"The Department of Environment Protection inspected your complaint but could not find the problem you reported. If the condition persists, please call 311 (or 212-639-9675 if calling from a non-New York City area code) with more detailed information to submit a new complaint.",Naturally Receded (Unobserved),8.383333333333333
69762038,2026-07-18 12:55:00,2026-07-18 21:40:00,Sewer,Street Flooding (SJ),48-24 66 STREET,66 STREET,48 AVE,49 AVE,QUEENS,11377,40.73818924668233,-73.89891814100203,"The Department of Environment Protection inspected your complaint but could not find the problem you reported. If the condition persists, please call 311 (or 212-639-9675 if calling from a non-New York City area code) with more detailed information to submit a new complaint.",Naturally Receded (Unobserved),8.75
69763189,2026-07-18 12:49:00,2026-07-18 15:30:00,Sewer,Street Flooding (SJ),540 ROCKAWAY AVENUE,ROCKAWAY AVENUE,SUTTER AVE,BLAKE AVE,BROOKLYN,11212,40.6668317770443,-73.91002049516406,"The Department of Environment Protection inspected your complaint but could not find the problem you reported. If the condition persists, please call 311 (or 212-639-9675 if calling from a non-New York City area code) with more detailed information to submit a new complaint.",Naturally Receded (Unobserved),2.683333333333333
69763191,2026-07-18 12:33:00,2026-07-18 19:30:00,Sewer,Street Flooding (SJ),34 NORTH    6 STREET,NORTH    6 STREET,UNNAMED ST,KENT AVE,BROOKLYN,11249,40.719955701423515,-73.96262236128253,The Department of Environmental Protection has investigated this complaint. Surcharge conditions have been confirmed due to rain intensity or volume.,Hydraulic Capacity Surcharge,6.95
69759681,2026-07-18 12:26:00,2026-07-18 16:40:00,Sewer,Street Flooding (SJ),1060 LAFAYETTE AVENUE,LAFAYETTE AVENUE,MALCOLM X BLVD,KOSSUTH PL,BROOKLYN,11221,40.692377274607296,-73.92953437061477,"The Department of Environment Protection inspected your complaint but could not find the problem you reported. If the condition persists, please call 311 (or 212-639-9675 if calling from a non-New York City area code) with more detailed information to submit a new complaint.",Naturally Receded (Unobserved),4.233333333333333
69762040,2026-07-18 12:18:00,2026-07-18 20:10:00,Sewer,Street Flooding (SJ),159 PIONEER STREET,PIONEER STREET,IMLAY ST,CONOVER ST,BROOKLYN,11231,40.67941547578501,-74.01178945796946,"The Department of Environment Protection inspected your complaint but could not find the problem you reported. If the condition persists, please call 311 (or 212-639-9675 if calling from a non-New York City area code) with more detailed information to submit a new complaint.",Naturally Receded (Unobserved),7.866666666666666
69758510,2026-07-18 12:14:00,2026-07-18 20:20:00,Sewer,Street Flooding (SJ),150 SULLIVAN STREET,SULLIVAN STREET,CONOVER ST,FERRIS ST,BROOKLYN,11231,40.67918189451157,-74.01422661720741,"The Department of Environment Protection inspected your complaint but could not find the problem you reported. If the condition persists, please call 311 (or 212-639-9675 if calling from a non-New York City area code) with more detailed information to submit a new complaint.",Naturally Receded (Unobserved),8.1
69749560,2026-07-17 07:47:00,2026-07-17 09:45:00,Sewer,Street Flooding (SJ),25-84 47 STREET,47 STREET,AMTRAK-CONNECTING RAIL LINE,28 AVE,QUEENS,11103,40.76324803190341,-73.90781095089865,"The Department of Environment Protection inspected your complaint but could not find the problem you reported. If the condition persists, please call 311 (or 212-639-9675 if calling from a non-New York City area code) with more detailed information to submit a new complaint.",Naturally Receded (Unobserved),1.9666666666666666
69742426,2026-07-16 08:20:00,2026-07-16 09:35:00,Sewer,Street Flooding (SJ),200 WEST   24 STREET,WEST   24 STREET,7 AVE,8 AVE,MANHATTAN,10011,40.74492248012736,-73.99556107294812,"The Department of Environment Protection inspected your complaint but could not find the problem you reported. If the condition persists, please call 311 (or 212-639-9675 if calling from a non-New York City area code) with more detailed information to submit a new complaint.",Naturally Receded (Unobserved),1.25
69724032,2026-07-15 21:43:00,2026-07-16 08:10:00,Sewer,Street Flooding (SJ),575 74 STREET,74 STREET,5 AVE,6 AVE,BROOKLYN,11209,40.629547042507276,-74.02061793656976,"The Department of Environment Protection inspected your complaint but could not find the problem you reported. If the condition persists, please call 311 (or 212-639-9675 if calling from a non-New York City area code) with more detailed information to submit a new complaint.",Naturally Receded (Unobserved),10.45
69732651,2026-07-15 06:19:00,2026-07-15 11:05:00,Sewer,Street Flooding (SJ),172-40 HIGHLAND AVENUE,HIGHLAND AVENUE,KINGSTON PL,AVA PL,QUEENS,11432,40.713366383800185,-73.78982412674061,"The Department of Environment Protection inspected your complaint but could not find the problem you reported. If the condition persists, please call 311 (or 212-639-9675 if calling from a non-New York City area code) with more detailed information to submit a new complaint.",Naturally Receded (Unobserved),4.766666666666667
69705057,2026-07-13 13:55:00,2026-07-13 14:45:00,Sewer,Street Flooding (SJ),140 8 AVENUE,8 AVENUE,MONTGOMERY PL,GARFIELD PL,BROOKLYN,11215,40.671694897338206,-73.97427527999729,"The Department of Environment Protection inspected your complaint but could not find the problem you reported. If the condition persists, please call 311 (or 212-639-9675 if calling from a non-New York City area code) with more detailed information to submit a new complaint.",Naturally Receded (Unobserved),0.8333333333333334
69708090,2026-07-13 13:42:00,2026-07-13 14:10:00,Sewer,Street Flooding (SJ),344 GRAHAM AVENUE,GRAHAM AVENUE,METROPOLITAN AVE,CONSELYEA ST,BROOKLYN,11211,40.71463722884382,-73.94439432999722,"The Department of Environment Protection inspected your complaint but could not find the problem you reported. If the condition persists, please call 311 (or 212-639-9675 if calling from a non-New York City area code) with more detailed information to submit a new complaint.",Naturally Receded (Unobserved),0.4666666666666667
69702097,2026-07-13 09:26:00,2026-07-13 11:25:00,Sewer,Street Flooding (SJ),52 STANHOPE STREET,STANHOPE STREET,EVERGREEN AVE,CENTRAL AVE,BROOKLYN,11221,40.69594266856505,-73.9250913285543,"The Department of Environment Protection inspected your complaint but could not find the problem you reported. If the condition persists, please call 311 (or 212-639-9675 if calling from a non-New York City area code) with more detailed information to submit a new complaint.",Naturally Receded (Unobserved),1.9833333333333334
69643149,2026-07-08 10:48:00,2026-07-08 12:00:00,Sewer,Street Flooding (SJ),,,,,QUEENS,11375,40.70831791071146,-73.84665608865323,"The Department of Environment Protection inspected your complaint but could not find the problem you reported. If the condition persists, please call 311 (or 212-639-9675 if calling from a non-New York City area code) with more detailed information to submit a new complaint.",Naturally Receded (Unobserved),1.2
69649335,2026-07-08 08:29:00,2026-07-08 12:00:00,Sewer,Street Flooding (SJ),,,,,STATEN ISLAND,10306,40.5675511458259,-74.1337392914252,"The Department of Environment Protection inspected your complaint but could not find the problem you reported. If the condition persists, please call 311 (or 212-639-9675 if calling from a non-New York City area code) with more detailed information to submit a new complaint.",Naturally Receded (Unobserved),3.5166666666666666
69636745,2026-07-07 15:32:00,2026-07-07 19:10:00,Sewer,Street Flooding (SJ),93 AMADOR STREET,AMADOR STREET,KNOLLWOOD CT,BRIARWOOD RD,STATEN ISLAND,10303,40.62358427248867,-74.16486761332867,"The Department of Environment Protection inspected your complaint but could not find the problem you reported. If the condition persists, please call 311 (or 212-639-9675 if calling from a non-New York City area code) with more detailed information to submit a new complaint.",Naturally Receded (Unobserved),3.6333333333333333
69639945,2026-07-07 10:25:00,2026-07-07 14:55:00,Sewer,Street Flooding (SJ),146 EAST  116 STREET,EAST  116 STREET,LEXINGTON AVE,3 AVE,MANHATTAN,10029,40.79847943442469,-73.9413048407629,"The Department of Environment Protection inspected your complaint but could not find the problem you reported. If the condition persists, please call 311 (or 212-639-9675 if calling from a non-New York City area code) with more detailed information to submit a new complaint.",Naturally Receded (Unobserved),4.5
69618186,2026-07-06 14:33:00,2026-07-06 19:15:00,Sewer,Street Flooding (SJ),785 EAST   52 STREET,EAST   52 STREET,AVENUE D,FOSTER AVE,BROOKLYN,11203,40.64108694158011,-73.92727883928872,"The Department of Environment Protection inspected your complaint but could not find the problem you reported. If the condition persists, please call 311 (or 212-639-9675 if calling from a non-New York City area code) with more detailed information to submit a new complaint.",Naturally Receded (Unobserved),4.7
69621265,2026-07-06 14:22:00,2026-07-06 18:55:00,Sewer,Street Flooding (SJ),FARRAGUT ROAD,FARRAGUT ROAD,BROOKLYN AVENUE,EAST   35 STREET,BROOKLYN,11210,,,"The Department of Environment Protection inspected your complaint but could not find the problem you reported. If the condition persists, please call 311 (or 212-639-9675 if calling from a non-New York City area code) with more detailed information to submit a new complaint.",Naturally Receded (Unobserved),4.55
69624336,2026-07-06 14:11:00,2026-07-06 20:15:00,Sewer,Street Flooding (SJ),95 EBONY STREET,EBONY STREET,ILION PL,BISHOP ST,STATEN ISLAND,10306,40.57326373986264,-74.12587837545473,"The Department of Environment Protection inspected your complaint but could not find the problem you reported. If the condition persists, please call 311 (or 212-639-9675 if calling from a non-New York City area code) with more detailed information to submit a new complaint.",Naturally Receded (Unobserved),6.066666666666666
69624338,2026-07-06 14:00:00,2026-07-06 22:30:00,Sewer,Street Flooding (SJ),55 GALLOWAY AVENUE,GALLOWAY AVENUE,DEAD END,CRYSTAL AVE,STATEN ISLAND,10302,40.622773824863394,-74.14062943977525,"The Department of Environment Protection inspected your complaint but could not find the problem you reported. If the condition persists, please call 311 (or 212-639-9675 if calling from a non-New York City area code) with more detailed information to submit a new complaint.",Naturally Receded (Unobserved),8.5
69621269,2026-07-06 13:02:00,2026-07-06 13:50:00,Sewer,Street Flooding (SJ),,,,,QUEENS,11432,40.71302066718798,-73.79140154875994,"The Department of Environment Protection inspected your complaint but could not find the problem you reported. If the condition persists, please call 311 (or 212-639-9675 if calling from a non-New York City area code) with more detailed information to submit a new complaint.",Naturally Receded (Unobserved),0.8
69621273,2026-07-06 12:34:00,2026-07-06 21:00:00,Sewer,Street Flooding (SJ),111 GOODALL STREET,GOODALL STREET,BEND,TENNYSON DR,STATEN ISLAND,10308,40.53809370886964,-74.14513188298248,"The Department of Environment Protection inspected your complaint but could not find the problem you reported. If the condition persists, please call 311 (or 212-639-9675 if calling from a non-New York City area code) with more detailed information to submit a new complaint.",Naturally Receded (Unobserved),8.433333333333334
69621275,2026-07-06 11:58:00,2026-07-06 18:00:00,Sewer,Street Flooding (SJ),8524 10 AVENUE,10 AVENUE,85 ST,86 ST,BROOKLYN,11228,40.61846915759523,-74.02010662616047,"The Department of Environment Protection inspected your complaint but could not find the problem you reported. If the condition persists, please call 311 (or 212-639-9675 if calling from a non-New York City area code) with more detailed information to submit a new complaint.",Naturally Receded (Unobserved),6.033333333333333
69627356,2026-07-06 11:54:00,2026-07-06 17:55:00,Sewer,Street Flooding (SJ),9 CLARKSON AVENUE,CLARKSON AVENUE,FLATBUSH AVE,BEDFORD AVE,BROOKLYN,11226,40.654892420597356,-73.95900074056499,"The Department of Environment Protection inspected your complaint but could not find the problem you reported. If the condition persists, please call 311 (or 212-639-9675 if calling from a non-New York City area code) with more detailed information to submit a new complaint.",Naturally Receded (Unobserved),6.016666666666667
69627355,2026-07-06 11:54:00,2026-07-06 21:45:00,Sewer,Street Flooding (SJ),410 KING STREET,KING STREET,RETFORD AVE,PRESTON AVE,STATEN ISLAND,10312,40.534075822371875,-74.15723955131409,"The Department of Environment Protection inspected your complaint but could not find the problem you reported. If the condition persists, please call 311 (or 212-639-9675 if calling from a non-New York City area code) with more detailed information to submit a new complaint.",Naturally Receded (Unobserved),9.85
69621276,2026-07-06 11:22:00,2026-07-06 19:30:00,Sewer,Street Flooding (SJ),394 ADELAIDE AVENUE,ADELAIDE AVENUE,LYNN ST,AMHERST AVE,STATEN ISLAND,10306,40.55744048198816,-74.11757501349359,"The Department of Environment Protection inspected your complaint but could not find the problem you reported. If the condition persists, please call 311 (or 212-639-9675 if calling from a non-New York City area code) with more detailed information to submit a new complaint.",Naturally Receded (Unobserved),8.133333333333333
69621255,2026-07-06 10:57:00,2026-07-06 11:16:00,Sewer,Street Flooding (SJ),4601 2 AVENUE,2 AVENUE,46 ST,47 ST,BROOKLYN,11232,40.65124548688174,-74.01467474096316,"The Department of Environment Protection inspected your complaint but could not find the problem you reported. If the condition persists, please call 311 (or 212-639-9675 if calling from a non-New York City area code) with more detailed information to submit a new complaint.",Naturally Receded (Unobserved),0.31666666666666665
69622774,2026-07-06 10:49:00,2026-07-06 14:10:00,Sewer,Street Flooding (SJ),373 WYTHE AVENUE,WYTHE AVENUE,S 4 ST,S 5 ST,BROOKLYN,11249,40.712175374877106,-73.96607872946683,"The Department of Environment Protection inspected your complaint but could not find the problem you reported. If the condition persists, please call 311 (or 212-639-9675 if calling from a non-New York City area code) with more detailed information to submit a new complaint.",Naturally Receded (Unobserved),3.35
69625826,2026-07-06 10:48:00,2026-07-06 12:45:00,Sewer,Street Flooding (SJ),,,,,BROOKLYN,11206,40.704112680317785,-73.94785469693444,"The Department of Environment Protection inspected your complaint but could not find the problem you reported. If the condition persists, please call 311 (or 212-639-9675 if calling from a non-New York City area code) with more detailed information to submit a new complaint.",Naturally Receded (Unobserved),1.95
69622795,2026-07-06 10:41:00,2026-07-06 19:00:00,Sewer,Street Flooding (SJ),176 HART BOULEVARD,HART BOULEVARD,FOREST AVE,REVERE ST,STATEN ISLAND,10301,40.63089660966597,-74.10046180469476,"The Department of Environment Protection inspected your complaint but could not find the problem you reported. If the condition persists, please call 311 (or 212-639-9675 if calling from a non-New York City area code) with more detailed information to submit a new complaint.",Naturally Receded (Unobserved),8.316666666666666
69621256,2026-07-06 10:35:00,2026-07-06 13:50:00,Sewer,Street Flooding (SJ),1396 2 AVENUE,2 AVENUE,E 72 ST,E 73 ST,MANHATTAN,10021,40.769016584744776,-73.95819039480817,"The Department of Environment Protection inspected your complaint but could not find the problem you reported. If the condition persists, please call 311 (or 212-639-9675 if calling from a non-New York City area code) with more detailed information to submit a new complaint.",Naturally Receded (Unobserved),3.25
69618200,2026-07-06 10:33:00,2026-07-06 19:00:00,Sewer,Street Flooding (SJ),421 AVENUE C,AVENUE C,E 4 ST,E 5 ST,BROOKLYN,11218,40.64069838956446,-73.97567447987569,"The Department of Environment Protection inspected your complaint but could not find the problem you reported. If the condition persists, please call 311 (or 212-639-9675 if calling from a non-New York City area code) with more detailed information to submit a new complaint.",Naturally Receded (Unobserved),8.45
69625851,2026-07-06 10:23:00,2026-07-06 18:30:00,Sewer,Street Flooding (SJ),771 MACON STREET,MACON STREET,RALPH AVE,HOWARD AVE,BROOKLYN,11233,40.68439259348858,-73.92087131798482,"The Department of Environment Protection inspected your complaint but could not find the problem you reported. If the condition persists, please call 311 (or 212-639-9675 if calling from a non-New York City area code) with more detailed information to submit a new complaint.",Naturally Receded (Unobserved),8.116666666666667
69621280,2026-07-06 10:21:00,2026-07-06 19:30:00,Sewer,Street Flooding (SJ),116 ARBUTUS AVENUE,ARBUTUS AVENUE,CHRISTINE CT,DENISE CT,STATEN ISLAND,10312,40.531329388396244,-74.18417010366714,"The Department of Environment Protection inspected your complaint but could not find the problem you reported. If the condition persists, please call 311 (or 212-639-9675 if calling from a non-New York City area code) with more detailed information to submit a new complaint.",Naturally Receded (Unobserved),9.15
69627361,2026-07-06 10:18:00,2026-07-06 17:50:00,Sewer,Street Flooding (SJ),621 EAST   24 STREET,EAST   24 STREET,FARRAGUT RD,GLENWOOD RD,BROOKLYN,11210,40.63501014974412,-73.9542426629287,"The Department of Environment Protection inspected your complaint but could not find the problem you reported. If the condition persists, please call 311 (or 212-639-9675 if calling from a non-New York City area code) with more detailed information to submit a new complaint.",Naturally Receded (Unobserved),7.533333333333333
69628954,2026-07-06 09:29:00,2026-07-06 11:15:00,Sewer,Street Flooding (SJ),18 FLETCHER STREET,FLETCHER STREET,BELL ST,ST MARYS AVE,STATEN ISLAND,10305,40.612352066120685,-74.07642844157903,"The Department of Environment Protection inspected your complaint but could not find the problem you reported. If the condition persists, please call 311 (or 212-639-9675 if calling from a non-New York City area code) with more detailed information to submit a new complaint.",Naturally Receded (Unobserved),1.7666666666666666
69582508,2026-07-03 22:46:00,2026-07-04 09:35:00,Sewer,Street Flooding (SJ),,,,,QUEENS,11372,40.75516746512142,-73.88908913402213,"The Department of Environment Protection inspected your complaint but could not find the problem you reported. If the condition persists, please call 311 (or 212-639-9675 if calling from a non-New York City area code) with more detailed information to submit a new complaint.",Naturally Receded (Unobserved),10.816666666666666
69571719,2026-07-02 23:19:00,2026-07-02 23:41:00,Sewer,Street Flooding (SJ),,,,,MANHATTAN,10026,40.80236292744624,-73.95258891215241,"The Department of Environmental Protection has investigated this complaint. Surcharge conditions have been confirmed, due to either a pump station malfunction, high tides, water main break, or another issue.",Hydraulic Capacity Surcharge,0.36666666666666664
69543539,2026-06-30 11:09:00,2026-06-30 12:05:00,Sewer,Street Flooding (SJ),,,,,QUEENS,11374,40.71827799347932,-73.8635701318199,"The Department of Environment Protection inspected your complaint but could not find the problem you reported. If the condition persists, please call 311 (or 212-639-9675 if calling from a non-New York City area code) with more detailed information to submit a new complaint.",Naturally Receded (Unobserved),0.9333333333333333
69523790,2026-06-28 08:20:00,2026-06-28 10:45:00,Sewer,Street Flooding (SJ),4809 4 AVENUE,4 AVENUE,48 ST,49 ST,BROOKLYN,11220,40.647469024132995,-74.0115243529559,"The Department of Environment Protection inspected your complaint but could not find the problem you reported. If the condition persists, please call 311 (or 212-639-9675 if calling from a non-New York City area code) with more detailed information to submit a new complaint.",Naturally Receded (Unobserved),2.4166666666666665
69479819,2026-06-24 14:01:00,2026-06-24 15:20:00,Sewer,Street Flooding (SJ),,,,,MANHATTAN,10128,40.780436870370714,-73.94988197391493,"The Department of Environment Protection inspected your complaint but could not find the problem you reported. If the condition persists, please call 311 (or 212-639-9675 if calling from a non-New York City area code) with more detailed information to submit a new complaint.",Naturally Receded (Unobserved),1.3166666666666667
69464899,2026-06-23 16:18:00,2026-06-23 21:15:00,Sewer,Street Flooding (SJ),100 BAY    8 STREET,BAY    8 STREET,BENSON AVE,BATH AVE,BROOKLYN,11228,40.60970885532109,-74.01250106430136,"The Department of Environment Protection inspected your complaint but could not find the problem you reported. If the condition persists, please call 311 (or 212-639-9675 if calling from a non-New York City area code) with more detailed information to submit a new complaint.",Naturally Receded (Unobserved),4.95
69458927,2026-06-23 11:03:00,2026-06-23 12:15:00,Sewer,Street Flooding (SJ),243 STARR STREET,STARR STREET,IRVING AVE,WYCKOFF AVE,BROOKLYN,11237,40.70565750223542,-73.92260978169487,"The Department of Environment Protection inspected your complaint but could not find the problem you reported. If the condition persists, please call 311 (or 212-639-9675 if calling from a non-New York City area code) with more detailed information to submit a new complaint.",Naturally Receded (Unobserved),1.2
69466333,2026-06-23 10:24:00,2026-06-23 14:00:00,Sewer,Street Flooding (SJ),,,,,QUEENS,11432,40.721353048353635,-73.78650879224409,"The Department of Environment Protection inspected your complaint but could not find the problem you reported. If the condition persists, please call 311 (or 212-639-9675 if calling from a non-New York City area code) with more detailed information to submit a new complaint.",Naturally Receded (Unobserved),3.6
69457403,2026-06-23 00:02:00,2026-06-23 02:25:00,Sewer,Street Flooding (SJ),191 LEXINGTON AVENUE,LEXINGTON AVENUE,CATHERINE ST,DEAD END,STATEN ISLAND,10302,40.62765886926337,-74.13664811053397,"The Department of Environment Protection inspected your complaint but could not find the problem you reported. If the condition persists, please call 311 (or 212-639-9675 if calling from a non-New York City area code) with more detailed information to submit a new complaint.",Naturally Receded (Unobserved),2.3833333333333333
69450404,2026-06-22 23:31:00,2026-06-23 08:30:00,Sewer,Street Flooding (SJ),98-02 32 AVENUE,32 AVENUE,98 ST,99 ST,QUEENS,11369,40.75899081999454,-73.87059414335226,"The Department of Environment Protection inspected your complaint but could not find the problem you reported. If the condition persists, please call 311 (or 212-639-9675 if calling from a non-New York City area code) with more detailed information to submit a new complaint.",Naturally Receded (Unobserved),8.983333333333333
69451772,2026-06-22 23:00:00,2026-06-23 10:15:00,Sewer,Street Flooding (SJ),23-10 42 ROAD,42 ROAD,23 ST,24 ST,QUEENS,11101,40.750554243568075,-73.94266442144271,"The Department of Environment Protection inspected your complaint but could not find the problem you reported. If the condition persists, please call 311 (or 212-639-9675 if calling from a non-New York City area code) with more detailed information to submit a new complaint.",Naturally Receded (Unobserved),11.25
69451773,2026-06-22 18:47:00,2026-06-22 20:25:00,Sewer,Street Flooding (SJ),32-24 30 AVENUE,30 AVENUE,32 ST,33 ST,QUEENS,11102,40.7663946129613,-73.92033346550544,"The Department of Environment Protection inspected your complaint but could not find the problem you reported. If the condition persists, please call 311 (or 212-639-9675 if calling from a non-New York City area code) with more detailed information to submit a new complaint.",Naturally Receded (Unobserved),1.6333333333333333
69447671,2026-06-22 18:14:00,2026-06-22 19:15:00,Sewer,Street Flooding (SJ),68 BOND STREET,BOND STREET,SCHERMERHORN ST,STATE ST,BROOKLYN,11217,40.68770971179324,-73.98431482524828,The Department of Environmental Protection has investigated this complaint. Surcharge conditions have been confirmed due to rain intensity or volume.,Hydraulic Capacity Surcharge,1.0166666666666666
69446290,2026-06-22 18:07:00,2026-06-22 19:50:00,Sewer,Street Flooding (SJ),,,,,BROOKLYN,11217,40.6770772681263,-73.9736855542015,"The Department of Environment Protection inspected your complaint but could not find the problem you reported. If the condition persists, please call 311 (or 212-639-9675 if calling from a non-New York City area code) with more detailed information to submit a new complaint.",Naturally Receded (Unobserved),1.7166666666666666
69455989,2026-06-22 17:17:00,2026-06-22 18:25:00,Sewer,Street Flooding (SJ),1759 WESTFARM ROAD,WESTFARM ROAD,E 174 ST,CROSS BRONX EXPWY EB ET    4 A,BRONX,10460,40.83561689944004,-73.88216829216293,The Department of Environmental Protection has investigated this complaint. Surcharge conditions have been confirmed due to rain intensity or volume.,Hydraulic Capacity Surcharge,1.1333333333333333
69450407,2026-06-22 17:16:00,2026-06-22 18:10:00,Sewer,Street Flooding (SJ),36-27 24 STREET,24 STREET,36 AVE,37 AVE,QUEENS,11106,40.75825447832706,-73.93464807531936,"The Department of Environment Protection inspected your complaint but could not find the problem you reported. If the condition persists, please call 311 (or 212-639-9675 if calling from a non-New York City area code) with more detailed information to submit a new complaint.",Naturally Receded (Unobserved),0.9
69449045,2026-06-22 16:56:00,2026-06-22 19:15:00,Sewer,Street Flooding (SJ),51-09 DOUGLASTON PARKWAY,DOUGLASTON PARKWAY,51 AVE,52 AVE,QUEENS,11362,40.76022014877457,-73.74158390737348,"The Department of Environment Protection inspected your complaint but could not find the problem you reported. If the condition persists, please call 311 (or 212-639-9675 if calling from a non-New York City area code) with more detailed information to submit a new complaint.",Naturally Receded (Unobserved),2.316666666666667
69454577,2026-06-22 16:42:00,2026-06-22 17:30:00,Sewer,Street Flooding (SJ),820 SAINT ANNS AVENUE,SAINT ANNS AVENUE,E 158 ST,E 159 ST,BRONX,10456,40.821166285763645,-73.90992381729878,The Department of Environmental Protection has investigated this complaint. Surcharge conditions have been confirmed due to rain intensity or volume.,Hydraulic Capacity Surcharge,0.8
69453182,2026-06-22 16:13:00,2026-06-22 17:25:00,Sewer,Street Flooding (SJ),312 KNICKERBOCKER AVENUE,KNICKERBOCKER AVENUE,SUYDAM ST,HART ST,BROOKLYN,11237,40.7015874446772,-73.92325286392911,"The Department of Environment Protection inspected your complaint but could not find the problem you reported. If the condition persists, please call 311 (or 212-639-9675 if calling from a non-New York City area code) with more detailed information to submit a new complaint.",Naturally Receded (Unobserved),1.2
69406762,2026-06-18 09:48:00,2026-06-18 11:10:00,Sewer,Street Flooding (SJ),29 COURT STREET,COURT STREET,BOROUGH HALL PEDESTRIAN PATH,BOROUGH HALL PEDESTRIAN PATH,BROOKLYN,11201,40.693065451496274,-73.99071074583719,"The Department of Environment Protection inspected your complaint but could not find the problem you reported. If the condition persists, please call 311 (or 212-639-9675 if calling from a non-New York City area code) with more detailed information to submit a new complaint.",Naturally Receded (Unobserved),1.3666666666666667
69371276,2026-06-15 19:35:00,2026-06-15 21:15:00,Sewer,Street Flooding (SJ),405 PATTERSON AVENUE,PATTERSON AVENUE,SEAVIEW AVE,DEAD END,STATEN ISLAND,10305,40.58112020913434,-74.0826063600602,"The Department of Environment Protection inspected your complaint but could not find the problem you reported. If the condition persists, please call 311 (or 212-639-9675 if calling from a non-New York City area code) with more detailed information to submit a new complaint.",Naturally Receded (Unobserved),1.6666666666666667
69372847,2026-06-15 08:21:00,2026-06-15 17:20:00,Sewer,Street Flooding (SJ),,,,,STATEN ISLAND,10314,40.618363930074516,-74.14856986484477,"The Department of Environment Protection inspected your complaint but could not find the problem you reported. If the condition persists, please call 311 (or 212-639-9675 if calling from a non-New York City area code) with more detailed information to submit a new complaint.",Naturally Receded (Unobserved),8.983333333333333
69363592,2026-06-14 23:15:00,2026-06-15 01:40:00,Sewer,Street Flooding (SJ),1 WASHINGTON SQUARE VILLAGE,WASHINGTON SQUARE VILLAGE,MERCER ST,LA GUARDIA PL,MANHATTAN,10012,40.72911276304618,-73.99750685293887,"The Department of Environment Protection inspected your complaint but could not find the problem you reported. If the condition persists, please call 311 (or 212-639-9675 if calling from a non-New York City area code) with more detailed information to submit a new complaint.",Naturally Receded (Unobserved),2.4166666666666665
69362297,2026-06-14 21:09:00,2026-06-15 01:20:00,Sewer,Street Flooding (SJ),24 9 AVENUE,9 AVENUE,W 13 ST,W 14 ST,MANHATTAN,10014,40.74041005248214,-74.00574495386901,"The Department of Environment Protection inspected your complaint but could not find the problem you reported. If the condition persists, please call 311 (or 212-639-9675 if calling from a non-New York City area code) with more detailed information to submit a new complaint.",Naturally Receded (Unobserved),4.183333333333334
69340697,2026-06-12 18:54:00,2026-06-12 22:00:00,Sewer,Street Flooding (SJ),1939 NEREID AVENUE,NEREID AVENUE,GRACE AVE,EDSON AVE,BRONX,10466,40.89899498759613,-73.84726157439594,"The Department of Environment Protection inspected your complaint but could not find the problem you reported. If the condition persists, please call 311 (or 212-639-9675 if calling from a non-New York City area code) with more detailed information to submit a new complaint.",Naturally Receded (Unobserved),3.1
69324302,2026-06-11 17:39:00,2026-06-11 19:05:00,Sewer,Street Flooding (SJ),,,,,BROOKLYN,11208,40.68569584931617,-73.87160174684475,"The Department of Environment Protection inspected your complaint but could not find the problem you reported. If the condition persists, please call 311 (or 212-639-9675 if calling from a non-New York City area code) with more detailed information to submit a new complaint.",Naturally Receded (Unobserved),1.4333333333333333
69319884,2026-06-11 14:26:00,2026-06-11 17:15:00,Sewer,Street Flooding (SJ),211 BUTLER STREET,BUTLER STREET,BOND ST,NEVINS ST,BROOKLYN,11217,40.682275428873574,-73.98726900261758,"The Department of Environment Protection inspected your complaint but could not find the problem you reported. If the condition persists, please call 311 (or 212-639-9675 if calling from a non-New York City area code) with more detailed information to submit a new complaint.",Naturally Receded (Unobserved),2.816666666666667
69325756,2026-06-11 09:53:00,2026-06-11 17:35:00,Sewer,Street Flooding (SJ),,,,,BROOKLYN,11215,40.66013838961066,-73.98391762689835,"The Department of Environment Protection inspected your complaint but could not find the problem you reported. If the condition persists, please call 311 (or 212-639-9675 if calling from a non-New York City area code) with more detailed information to submit a new complaint.",Naturally Receded (Unobserved),7.7
69307656,2026-06-10 23:02:00,2026-06-11 01:55:00,Sewer,Street Flooding (SJ),4501 INDEPENDENCE AVENUE,INDEPENDENCE AVENUE,W 240 ST,PLOUGHMANS BUSH,BRONX,10471,40.8915450276438,-73.91229875637164,"The Department of Environment Protection inspected your complaint but could not find the problem you reported. If the condition persists, please call 311 (or 212-639-9675 if calling from a non-New York City area code) with more detailed information to submit a new complaint.",Naturally Receded (Unobserved),2.8833333333333333
69288216,2026-06-08 13:11:00,2026-06-08 14:15:00,Sewer,Street Flooding (SJ),43 ANDROS AVENUE,ANDROS AVENUE,RICHMOND TER,CHRISTOPHER ST,STATEN ISLAND,10303,40.636982433029935,-74.1623605630869,"The Department of Environment Protection inspected your complaint but could not find the problem you reported. If the condition persists, please call 311 (or 212-639-9675 if calling from a non-New York City area code) with more detailed information to submit a new complaint.",Naturally Receded (Unobserved),1.0666666666666667
69278502,2026-06-07 11:44:00,2026-06-07 12:45:00,Sewer,Street Flooding (SJ),340 EAST   10 STREET,EAST   10 STREET,AVENUE A,AVENUE B,MANHATTAN,10009,40.727005870199655,-73.98026110499988,"The Department of Environment Protection inspected your complaint but could not find the problem you reported. If the condition persists, please call 311 (or 212-639-9675 if calling from a non-New York City area code) with more detailed information to submit a new complaint.",Naturally Receded (Unobserved),1.0166666666666666
69256712,2026-06-05 08:29:00,2026-06-05 18:45:00,Sewer,Street Flooding (SJ),913 RATHBUN AVENUE,RATHBUN AVENUE,FOSTER RD,LENEVAR AVE,STATEN ISLAND,10309,40.53689659438824,-74.20634702689829,"The Department of Environment Protection inspected your complaint but could not find the problem you reported. If the condition persists, please call 311 (or 212-639-9675 if calling from a non-New York City area code) with more detailed information to submit a new complaint.",Naturally Receded (Unobserved),10.266666666666667
69239452,2026-06-04 13:29:00,2026-06-04 14:40:00,Sewer,Street Flooding (SJ),2 WASHINGTON SQUARE VILLAGE,WASHINGTON SQUARE VILLAGE,MERCER ST,LA GUARDIA PL,MANHATTAN,10012,40.72836340128487,-73.99597348649338,"The Department of Environment Protection inspected your complaint but could not find the problem you reported. If the condition persists, please call 311 (or 212-639-9675 if calling from a non-New York City area code) with more detailed information to submit a new complaint.",Naturally Receded (Unobserved),1.1833333333333333
69217987,2026-06-02 13:57:00,2026-06-02 18:00:00,Sewer,Street Flooding (SJ),123 INDIANA PLACE,INDIANA PLACE,ARKANSAS DR,NATIONAL DR,BROOKLYN,11234,40.6055447743936,-73.90491354714604,"The Department of Environment Protection inspected your complaint but could not find the problem you reported. If the condition persists, please call 311 (or 212-639-9675 if calling from a non-New York City area code) with more detailed information to submit a new complaint.",Naturally Receded (Unobserved),4.05
69202334,2026-06-01 08:26:00,2026-06-01 09:45:00,Sewer,Street Flooding (SJ),913 RATHBUN AVENUE,RATHBUN AVENUE,FOSTER RD,LENEVAR AVE,STATEN ISLAND,10309,40.53689659438824,-74.20634702689829,"The Department of Environment Protection inspected your complaint but could not find the problem you reported. If the condition persists, please call 311 (or 212-639-9675 if calling from a non-New York City area code) with more detailed information to submit a new complaint.",Naturally Receded (Unobserved),1.3166666666666667
69187559,2026-05-31 22:25:00,2026-06-01 01:45:00,Sewer,Street Flooding (SJ),145-58 159 STREET,159 STREET,145 RD,146 AVE,QUEENS,11434,40.663258187326434,-73.7798065734474,"The Department of Environment Protection inspected your complaint but could not find the problem you reported. If the condition persists, please call 311 (or 212-639-9675 if calling from a non-New York City area code) with more detailed information to submit a new complaint.",Naturally Receded (Unobserved),3.3333333333333335
69186157,2026-05-31 20:23:00,2026-06-01 08:20:00,Sewer,Street Flooding (SJ),397 PATTERSON AVENUE,PATTERSON AVENUE,SEAVIEW AVE,DEAD END,STATEN ISLAND,10305,40.58127676624158,-74.08246255199393,"The Department of Environment Protection inspected your complaint but could not find the problem you reported. If the condition persists, please call 311 (or 212-639-9675 if calling from a non-New York City area code) with more detailed information to submit a new complaint.",Naturally Receded (Unobserved),11.95
69194568,2026-05-31 19:43:00,2026-05-31 20:45:00,Sewer,Street Flooding (SJ),722 LOGAN STREET,LOGAN STREET,DUMONT AVE,HEGEMAN AVE,BROOKLYN,11208,40.668326999677866,-73.87417652629547,"The Department of Environment Protection inspected your complaint but could not find the problem you reported. If the condition persists, please call 311 (or 212-639-9675 if calling from a non-New York City area code) with more detailed information to submit a new complaint.",Naturally Receded (Unobserved),1.0333333333333334
69190314,2026-05-31 10:57:00,2026-05-31 18:00:00,Sewer,Street Flooding (SJ),3 BEATRICE COURT,BEATRICE COURT,DICKENS ST,DEAD END,QUEENS,11691,40.60406605820903,-73.76030278009442,"The Department of Environment Protection inspected your complaint but could not find the problem you reported. If the condition persists, please call 311 (or 212-639-9675 if calling from a non-New York City area code) with more detailed information to submit a new complaint.",Naturally Receded (Unobserved),7.05
69170625,2026-05-29 09:41:00,2026-05-29 12:05:00,Sewer,Street Flooding (SJ),12-12 37 AVENUE,37 AVENUE,12 ST,13 ST,QUEENS,11101,40.759390868110046,-73.93980517681409,"The Department of Environment Protection inspected your complaint but could not find the problem you reported. If the condition persists, please call 311 (or 212-639-9675 if calling from a non-New York City area code) with more detailed information to submit a new complaint.",Naturally Receded (Unobserved),2.4
69159164,2026-05-28 21:06:00,2026-05-29 08:40:00,Sewer,Street Flooding (SJ),946 BUSHWICK AVENUE,BUSHWICK AVENUE,BLEECKER ST,MENAHAN ST,BROOKLYN,11221,40.692521637620324,-73.92349769239121,"The Department of Environment Protection inspected your complaint but could not find the problem you reported. If the condition persists, please call 311 (or 212-639-9675 if calling from a non-New York City area code) with more detailed information to submit a new complaint.",Naturally Receded (Unobserved),11.566666666666666
69157694,2026-05-28 12:26:00,2026-05-28 13:20:00,Sewer,Street Flooding (SJ),217-14 56 AVENUE,56 AVENUE,LUKE PL,218 ST,QUEENS,11364,40.75166444893626,-73.76182175412156,"The Department of Environment Protection inspected your complaint but could not find the problem you reported. If the condition persists, please call 311 (or 212-639-9675 if calling from a non-New York City area code) with more detailed information to submit a new complaint.",Naturally Receded (Unobserved),0.9
69150376,2026-05-28 10:25:00,2026-05-28 13:35:00,Sewer,Street Flooding (SJ),1030 NOSTRAND AVENUE,NOSTRAND AVENUE,EMPIRE BLVD,STERLING ST,BROOKLYN,11225,40.66329102997602,-73.95092157063372,"The Department of Environment Protection inspected your complaint but could not find the problem you reported. If the condition persists, please call 311 (or 212-639-9675 if calling from a non-New York City area code) with more detailed information to submit a new complaint.",Naturally Receded (Unobserved),3.1666666666666665
69133650,2026-05-26 10:43:00,2026-05-26 11:50:00,Sewer,Street Flooding (SJ),2321 SOUTHERN BOULEVARD,SOUTHERN BOULEVARD,E 183 ST,E 185 ST,BRONX,10460,40.85131947702001,-73.88225975869638,"The Department of Environment Protection inspected your complaint but could not find the problem you reported. If the condition persists, please call 311 (or 212-639-9675 if calling from a non-New York City area code) with more detailed information to submit a new complaint.",Naturally Receded (Unobserved),1.1166666666666667
69123696,2026-05-26 08:51:00,2026-05-26 11:00:00,Sewer,Street Flooding (SJ),33 PARK ROW,PARK ROW,BEND,BEEKMAN ST,MANHATTAN,10038,40.7115296534465,-74.0069616563536,"The Department of Environment Protection inspected your complaint but could not find the problem you reported. If the condition persists, please call 311 (or 212-639-9675 if calling from a non-New York City area code) with more detailed information to submit a new complaint.",Naturally Receded (Unobserved),2.15
69118500,2026-05-25 18:46:00,2026-05-26 01:50:00,Sewer,Street Flooding (SJ),253-01 147 DRIVE,147 DRIVE,253 ST,WELLER LN,QUEENS,11422,40.655868304790964,-73.73631169848007,The Department of Environmental Protection has investigated this complaint. Surcharge conditions have been confirmed due to rain intensity or volume.,Hydraulic Capacity Surcharge,7.066666666666666
69118502,2026-05-25 17:04:00,2026-05-26 02:20:00,Sewer,Street Flooding (SJ),18-58 CORNAGA AVENUE,CORNAGA AVENUE,MORSE CT,BEACH 19 ST,QUEENS,11691,40.60229256647911,-73.75110090887345,The Department of Environmental Protection has investigated this complaint. Surcharge conditions have been confirmed due to rain intensity or volume.,Hydraulic Capacity Surcharge,9.266666666666667
69121150,2026-05-25 16:52:00,2026-05-25 18:30:00,Sewer,Street Flooding (SJ),521 WESTWOOD AVENUE,WESTWOOD AVENUE,CLERMONT PL,SUFFOLK AVE,STATEN ISLAND,10314,40.605921666257984,-74.12812598463731,"The Department of Environment Protection inspected your complaint but could not find the problem you reported. If the condition persists, please call 311 (or 212-639-9675 if calling from a non-New York City area code) with more detailed information to submit a new complaint.",Naturally Receded (Unobserved),1.6333333333333333
69122359,2026-05-25 16:02:00,2026-05-26 02:10:00,Sewer,Street Flooding (SJ),97-17 164 AVENUE,164 AVENUE,97 ST,98 ST,QUEENS,11414,40.65139259656177,-73.8338095347511,The Department of Environmental Protection has investigated this complaint. Surcharge conditions have been confirmed due to rain intensity or volume.,Hydraulic Capacity Surcharge,10.133333333333333
69119864,2026-05-25 11:27:00,2026-05-25 11:45:00,Sewer,Street Flooding (SJ),270 PARK AVENUE,PARK AVENUE,WASHINGTON AVE,HALL ST,BROOKLYN,11205,40.695674116646536,-73.96700671060958,"The Department of Environment Protection inspected your complaint but could not find the problem you reported. If the condition persists, please call 311 (or 212-639-9675 if calling from a non-New York City area code) with more detailed information to submit a new complaint.",Naturally Receded (Unobserved),0.3
69105703,2026-05-24 14:18:00,2026-05-24 16:30:00,Sewer,Street Flooding (SJ),128-01 233 STREET,233 STREET,128 AVE,128 RD,QUEENS,11422,40.68291345054212,-73.73306072054153,"The Department of Environment Protection inspected your complaint but could not find the problem you reported. If the condition persists, please call 311 (or 212-639-9675 if calling from a non-New York City area code) with more detailed information to submit a new complaint.",Naturally Receded (Unobserved),2.2
69107809,2026-05-24 13:56:00,2026-05-24 16:50:00,Sewer,Street Flooding (SJ),75 WEST   95 STREET,WEST   95 STREET,CENTRAL PARK W,COLUMBUS AVE,MANHATTAN,10025,40.791976553354715,-73.96749708899007,"The Department of Environment Protection inspected your complaint but could not find the problem you reported. If the condition persists, please call 311 (or 212-639-9675 if calling from a non-New York City area code) with more detailed information to submit a new complaint.",Naturally Receded (Unobserved),2.9
69112120,2026-05-24 12:27:00,2026-05-24 16:10:00,Sewer,Street Flooding (SJ),15 VAN BUREN STREET,VAN BUREN STREET,TOMPKINS AVE,THROOP AVE,BROOKLYN,11221,40.68993434605874,-73.94441853678426,"The Department of Environment Protection inspected your complaint but could not find the problem you reported. If the condition persists, please call 311 (or 212-639-9675 if calling from a non-New York City area code) with more detailed information to submit a new complaint.",Naturally Receded (Unobserved),3.716666666666667
69106759,2026-05-24 11:16:00,2026-05-24 11:55:00,Sewer,Street Flooding (SJ),2402 SNYDER AVENUE,SNYDER AVENUE,WOODS PL,LOTT ST,BROOKLYN,11226,40.648703909400055,-73.95430174143274,"The Department of Environment Protection inspected your complaint but could not find the problem you reported. If the condition persists, please call 311 (or 212-639-9675 if calling from a non-New York City area code) with more detailed information to submit a new complaint.",Naturally Receded (Unobserved),0.65
69104674,2026-05-24 10:42:00,2026-05-24 14:30:00,Sewer,Street Flooding (SJ),101 LIVERMORE AVENUE,LIVERMORE AVENUE,COLLEGE AVE,MAINE AVE,STATEN ISLAND,10314,40.62141331832858,-74.1376079210319,"The Department of Environment Protection inspected your complaint but could not find the problem you reported. If the condition persists, please call 311 (or 212-639-9675 if calling from a non-New York City area code) with more detailed information to submit a new complaint.",Naturally Receded (Unobserved),3.8
69107811,2026-05-24 10:26:00,2026-05-24 11:25:00,Sewer,Street Flooding (SJ),318 KNICKERBOCKER AVENUE,KNICKERBOCKER AVENUE,HART ST,DE KALB AVE,BROOKLYN,11237,40.70140607573066,-73.92293209160103,"The Department of Environment Protection inspected your complaint but could not find the problem you reported. If the condition persists, please call 311 (or 212-639-9675 if calling from a non-New York City area code) with more detailed information to submit a new complaint.",Naturally Receded (Unobserved),0.9833333333333333
69104675,2026-05-24 10:20:00,2026-05-24 10:55:00,Sewer,Street Flooding (SJ),1509 DEAN STREET,DEAN STREET,ALBANY AVE,TROY AVE,BROOKLYN,11213,40.676223530352786,-73.937738773417,"The Department of Environment Protection inspected your complaint but could not find the problem you reported. If the condition persists, please call 311 (or 212-639-9675 if calling from a non-New York City area code) with more detailed information to submit a new complaint.",Naturally Receded (Unobserved),0.5833333333333334
69104677,2026-05-24 09:30:00,2026-05-24 09:50:00,Sewer,Street Flooding (SJ),197 ADELPHI STREET,ADELPHI STREET,MYRTLE AVE,WILLOUGHBY AVE,BROOKLYN,11205,40.69187932559936,-73.97159543691475,"The Department of Environment Protection inspected your complaint but could not find the problem you reported. If the condition persists, please call 311 (or 212-639-9675 if calling from a non-New York City area code) with more detailed information to submit a new complaint.",Naturally Receded (Unobserved),0.3333333333333333
69108860,2026-05-24 07:03:00,2026-05-24 09:35:00,Sewer,Street Flooding (SJ),211 WEST   56 STREET,WEST   56 STREET,7 AVE,BROADWAY,MANHATTAN,10019,40.765138829467396,-73.98120644804382,"The Department of Environment Protection inspected your complaint but could not find the problem you reported. If the condition persists, please call 311 (or 212-639-9675 if calling from a non-New York City area code) with more detailed information to submit a new complaint.",Naturally Receded (Unobserved),2.533333333333333
69105698,2026-05-24 00:12:00,2026-05-24 03:00:00,Sewer,Street Flooding (SJ),248-56 ROCKAWAY BOULEVARD,ROCKAWAY BOULEVARD,BROOKVILLE BLVD,BROOKVILLE BLVD,QUEENS,11422,40.639187346964576,-73.74199497530586,The Department of Environmental Protection has investigated this complaint. Surcharge conditions have been confirmed due to rain intensity or volume.,Hydraulic Capacity Surcharge,2.8
69099571,2026-05-23 19:10:00,2026-05-23 19:25:00,Sewer,Street Flooding (SJ),9452 RIDGE BOULEVARD,RIDGE BOULEVARD,95 ST,SHORE RD,BROOKLYN,11209,40.6177018044407,-74.03732398238182,"The Department of Environment Protection inspected your complaint but could not find the problem you reported. If the condition persists, please call 311 (or 212-639-9675 if calling from a non-New York City area code) with more detailed information to submit a new complaint.",Naturally Receded (Unobserved),0.25
69099572,2026-05-23 08:26:00,2026-05-23 18:20:00,Sewer,Street Flooding (SJ),115-69 203 STREET,203 STREET,115 AVE,116 AVE,QUEENS,11412,40.697236248243605,-73.75041828451266,"The Department of Environment Protection inspected your complaint but could not find the problem you reported. If the condition persists, please call 311 (or 212-639-9675 if calling from a non-New York City area code) with more detailed information to submit a new complaint.",Naturally Receded (Unobserved),9.9
69090888,2026-05-22 13:44:00,2026-05-22 16:40:00,Sewer,Street Flooding (SJ),57-37 ARVERNE BOULEVARD,ARVERNE BOULEVARD,BEACH 57 ST,BEACH 59 ST,QUEENS,11692,40.59264875210142,-73.78735596086027,"The Department of Environment Protection inspected your complaint but could not find the problem you reported. If the condition persists, please call 311 (or 212-639-9675 if calling from a non-New York City area code) with more detailed information to submit a new complaint.",Naturally Receded (Unobserved),2.933333333333333
69089380,2026-05-22 12:36:00,2026-05-22 14:05:00,Sewer,Street Flooding (SJ),,,,,BROOKLYN,11238,40.675302308772544,-73.96661301562044,"The Department of Environment Protection inspected your complaint but could not find the problem you reported. If the condition persists, please call 311 (or 212-639-9675 if calling from a non-New York City area code) with more detailed information to submit a new complaint.",Naturally Receded (Unobserved),1.4833333333333334
69085156,2026-05-22 09:31:00,2026-05-22 10:40:00,Sewer,Street Flooding (SJ),23-01 42 ROAD,42 ROAD,23 ST,24 ST,QUEENS,11101,40.75043042472849,-73.9420545760926,"The Department of Environment Protection inspected your complaint but could not find the problem you reported. If the condition persists, please call 311 (or 212-639-9675 if calling from a non-New York City area code) with more detailed information to submit a new complaint.",Naturally Receded (Unobserved),1.15
69086571,2026-05-22 09:12:00,2026-05-22 10:10:00,Sewer,Street Flooding (SJ),1279 PUTNAM AVENUE,PUTNAM AVENUE,CENTRAL AVE,WILSON AVE,BROOKLYN,11221,40.692762095316866,-73.91417935212267,"The Department of Environment Protection inspected your complaint but could not find the problem you reported. If the condition persists, please call 311 (or 212-639-9675 if calling from a non-New York City area code) with more detailed information to submit a new complaint.",Naturally Receded (Unobserved),0.9666666666666667
69080458,2026-05-21 14:48:00,2026-05-21 20:05:00,Sewer,Street Flooding (SJ),,,,,BROOKLYN,11209,40.62432694495243,-74.03070654341498,"The Department of Environment Protection inspected your complaint but could not find the problem you reported. If the condition persists, please call 311 (or 212-639-9675 if calling from a non-New York City area code) with more detailed information to submit a new complaint.",Naturally Receded (Unobserved),5.283333333333333
69073944,2026-05-21 13:28:00,2026-05-21 16:50:00,Sewer,Street Flooding (SJ),45-98 CLEARVIEW EXPRESSWAY,CLEARVIEW EXPRESSWAY,45 DR,46 AVE,QUEENS,11361,40.7560509106899,-73.77707786077768,"The Department of Environment Protection inspected your complaint but could not find the problem you reported. If the condition persists, please call 311 (or 212-639-9675 if calling from a non-New York City area code) with more detailed information to submit a new complaint.",Naturally Receded (Unobserved),3.3666666666666667
69080463,2026-05-21 13:22:00,2026-05-21 17:15:00,Sewer,Street Flooding (SJ),179-31 HILLSIDE AVENUE,HILLSIDE AVENUE,179 PL,180 ST,QUEENS,11432,40.71277247246761,-73.78334033695047,"The Department of Environment Protection inspected your complaint but could not find the problem you reported. If the condition persists, please call 311 (or 212-639-9675 if calling from a non-New York City area code) with more detailed information to submit a new complaint.",Naturally Receded (Unobserved),3.8833333333333333
69075600,2026-05-21 13:21:00,2026-05-21 20:50:00,Sewer,Street Flooding (SJ),70-14 65 STREET,65 STREET,OTTO RD,CENTRAL AVE,QUEENS,11385,40.70327703327868,-73.89114107998917,"The Department of Environment Protection inspected your complaint but could not find the problem you reported. If the condition persists, please call 311 (or 212-639-9675 if calling from a non-New York City area code) with more detailed information to submit a new complaint.",Naturally Receded (Unobserved),7.483333333333333
69077177,2026-05-21 13:19:00,2026-05-21 17:55:00,Sewer,Street Flooding (SJ),,,,,QUEENS,11364,40.752403329861195,-73.75944058191111,"The Department of Environment Protection inspected your complaint but could not find the problem you reported. If the condition persists, please call 311 (or 212-639-9675 if calling from a non-New York City area code) with more detailed information to submit a new complaint.",Naturally Receded (Unobserved),4.6
69083669,2026-05-21 12:55:00,2026-05-21 22:35:00,Sewer,Street Flooding (SJ),143-14 94 AVENUE,94 AVENUE,143 ST,LIVERPOOL ST,QUEENS,11435,40.69814523905812,-73.80953038597337,"The Department of Environment Protection inspected your complaint but could not find the problem you reported. If the condition persists, please call 311 (or 212-639-9675 if calling from a non-New York City area code) with more detailed information to submit a new complaint.",Naturally Receded (Unobserved),9.666666666666666
69077178,2026-05-21 12:53:00,2026-05-21 22:50:00,Sewer,Street Flooding (SJ),127-15 177 STREET,177 STREET,127 AVE,129 AVE,QUEENS,11434,40.681115711558704,-73.76588107624555,"The Department of Environment Protection inspected your complaint but could not find the problem you reported. If the condition persists, please call 311 (or 212-639-9675 if calling from a non-New York City area code) with more detailed information to submit a new complaint.",Naturally Receded (Unobserved),9.95
69080464,2026-05-21 12:45:00,2026-05-21 21:50:00,Sewer,Street Flooding (SJ),185-02 HILLSIDE AVENUE,HILLSIDE AVENUE,184 PL,186 ST,QUEENS,11432,40.714291879175256,-73.77696501807561,"The Department of Environment Protection inspected your complaint but could not find the problem you reported. If the condition persists, please call 311 (or 212-639-9675 if calling from a non-New York City area code) with more detailed information to submit a new complaint.",Naturally Receded (Unobserved),9.083333333333334
69082016,2026-05-21 12:29:00,2026-05-21 22:20:00,Sewer,Street Flooding (SJ),145-52 LIBERTY AVENUE,LIBERTY AVENUE,ALLENDALE ST,LIVERPOOL ST,QUEENS,11435,40.694314383005654,-73.80674656113753,"The Department of Environment Protection inspected your complaint but could not find the problem you reported. If the condition persists, please call 311 (or 212-639-9675 if calling from a non-New York City area code) with more detailed information to submit a new complaint.",Naturally Receded (Unobserved),9.85
69082018,2026-05-21 12:02:00,2026-05-21 18:40:00,Sewer,Street Flooding (SJ),648 THROOP AVENUE,THROOP AVENUE,DECATUR ST,FULTON ST,BROOKLYN,11216,40.68039152737292,-73.94043892640725,"The Department of Environment Protection inspected your complaint but could not find the problem you reported. If the condition persists, please call 311 (or 212-639-9675 if calling from a non-New York City area code) with more detailed information to submit a new complaint.",Naturally Receded (Unobserved),6.633333333333334
69078803,2026-05-21 12:02:00,2026-05-21 16:05:00,Sewer,Street Flooding (SJ),119 INGRAHAM STREET,INGRAHAM STREET,KNICKERBOCKER AVE,PORTER AVE,BROOKLYN,11237,40.70752271775534,-73.92923702546577,"The Department of Environment Protection inspected your complaint but could not find the problem you reported. If the condition persists, please call 311 (or 212-639-9675 if calling from a non-New York City area code) with more detailed information to submit a new complaint.",Naturally Receded (Unobserved),4.05
69082019,2026-05-21 11:46:00,2026-05-21 17:35:00,Sewer,Street Flooding (SJ),,,,,QUEENS,11364,40.749360654989324,-73.7694524884833,"The Department of Environment Protection inspected your complaint but could not find the problem you reported. If the condition persists, please call 311 (or 212-639-9675 if calling from a non-New York City area code) with more detailed information to submit a new complaint.",Naturally Receded (Unobserved),5.816666666666666
69083672,2026-05-21 11:03:00,2026-05-21 17:25:00,Sewer,Street Flooding (SJ),612 ST MARKS AVENUE,ST MARKS AVENUE,FRANKLIN AVE,BEDFORD AVE,BROOKLYN,11216,40.67551481413837,-73.95404903702966,The Department of Environmental Protection has investigated this complaint. Surcharge conditions have been confirmed due to rain intensity or volume.,Hydraulic Capacity Surcharge,6.366666666666666
69073945,2026-05-21 10:58:00,2026-05-21 20:30:00,Sewer,Street Flooding (SJ),1925 GATES AVENUE,GATES AVENUE,WOODWARD AVE,FAIRVIEW AVE,QUEENS,11385,40.705636908710396,-73.90600789529596,"The Department of Environment Protection inspected your complaint but could not find the problem you reported. If the condition persists, please call 311 (or 212-639-9675 if calling from a non-New York City area code) with more detailed information to submit a new complaint.",Naturally Receded (Unobserved),9.533333333333333
69077181,2026-05-21 10:20:00,2026-05-21 19:35:00,Sewer,Street Flooding (SJ),2830 OCEAN PARKWAY,OCEAN PARKWAY,WEST AVE,NEPTUNE AVE,BROOKLYN,11235,40.580824169163144,-73.96750624912566,"The Department of Environment Protection inspected your complaint but could not find the problem you reported. If the condition persists, please call 311 (or 212-639-9675 if calling from a non-New York City area code) with more detailed information to submit a new complaint.",Naturally Receded (Unobserved),9.25
69082022,2026-05-21 10:19:00,2026-05-21 18:15:00,Sewer,Street Flooding (SJ),202-10 33 AVENUE,33 AVENUE,202 ST,203 ST,QUEENS,11361,40.76858756435216,-73.78649817222022,"The Department of Environment Protection inspected your complaint but could not find the problem you reported. If the condition persists, please call 311 (or 212-639-9675 if calling from a non-New York City area code) with more detailed information to submit a new complaint.",Naturally Receded (Unobserved),7.933333333333334
69080460,2026-05-21 08:37:00,2026-05-21 18:05:00,Sewer,Street Flooding (SJ),457 CENTRAL AVENUE,CENTRAL AVENUE,PUTNAM AVE,CORNELIA ST,BROOKLYN,11221,40.69194153067422,-73.91434267910223,"The Department of Environment Protection inspected your complaint but could not find the problem you reported. If the condition persists, please call 311 (or 212-639-9675 if calling from a non-New York City area code) with more detailed information to submit a new complaint.",Naturally Receded (Unobserved),9.466666666666667
69072355,2026-05-21 07:27:00,2026-05-21 13:05:00,Sewer,Street Flooding (SJ),,,,,QUEENS,11375,40.717725789258154,-73.83584826647586,"The Department of Environment Protection inspected your complaint but could not find the problem you reported. If the condition persists, please call 311 (or 212-639-9675 if calling from a non-New York City area code) with more detailed information to submit a new complaint.",Naturally Receded (Unobserved),5.633333333333334
69083663,2026-05-21 05:57:00,2026-05-21 12:00:00,Sewer,Street Flooding (SJ),145 GROVE STREET,GROVE STREET,EVERGREEN AVE,CENTRAL AVE,BROOKLYN,11221,40.69422635151651,-73.91977780484775,"The Department of Environment Protection inspected your complaint but could not find the problem you reported. If the condition persists, please call 311 (or 212-639-9675 if calling from a non-New York City area code) with more detailed information to submit a new complaint.",Naturally Receded (Unobserved),6.05
69078799,2026-05-21 02:50:00,2026-05-21 12:20:00,Sewer,Street Flooding (SJ),28-11 QUEENS PLAZA,QUEENS PLAZA,,,QUEENS,11101,40.750079842139414,-73.93820751219802,"The Department of Environment Protection inspected your complaint but could not find the problem you reported. If the condition persists, please call 311 (or 212-639-9675 if calling from a non-New York City area code) with more detailed information to submit a new complaint.",Naturally Receded (Unobserved),9.5
69067210,2026-05-20 22:59:00,2026-05-21 09:50:00,Sewer,Street Flooding (SJ),90-04 204 STREET,204 STREET,90 AVE,93 AVE,QUEENS,11423,40.717120702885744,-73.75875626383134,"The Department of Environment Protection inspected your complaint but could not find the problem you reported. If the condition persists, please call 311 (or 212-639-9675 if calling from a non-New York City area code) with more detailed information to submit a new complaint.",Naturally Receded (Unobserved),10.85
69070641,2026-05-20 22:44:00,2026-05-21 09:40:00,Sewer,Street Flooding (SJ),204-05 100 AVENUE,100 AVENUE,204 ST,205 ST,QUEENS,11423,40.711457313622745,-73.75571434516506,"The Department of Environment Protection inspected your complaint but could not find the problem you reported. If the condition persists, please call 311 (or 212-639-9675 if calling from a non-New York City area code) with more detailed information to submit a new complaint.",Naturally Receded (Unobserved),10.933333333333334
69067211,2026-05-20 22:40:00,2026-05-21 10:15:00,Sewer,Street Flooding (SJ),110-12 213 STREET,213 STREET,110 AVE,112 AVE,QUEENS,11429,40.707616812138916,-73.7440854145294,"The Department of Environment Protection inspected your complaint but could not find the problem you reported. If the condition persists, please call 311 (or 212-639-9675 if calling from a non-New York City area code) with more detailed information to submit a new complaint.",Naturally Receded (Unobserved),11.583333333333334
69067222,2026-05-20 20:35:00,2026-05-21 08:25:00,Sewer,Street Flooding (SJ),311 LINCOLN PLACE,LINCOLN PLACE,UNDERHILL AVE,WASHINGTON AVE,BROOKLYN,11238,40.673419160322574,-73.96582085502968,"The Department of Environment Protection inspected your complaint but could not find the problem you reported. If the condition persists, please call 311 (or 212-639-9675 if calling from a non-New York City area code) with more detailed information to submit a new complaint.",Naturally Receded (Unobserved),11.833333333333334
69060412,2026-05-20 18:35:00,2026-05-20 21:15:00,Sewer,Street Flooding (SJ),714 WEST  232 STREET,WEST  232 STREET,INDEPENDENCE AVE,PALISADE AVE,BRONX,10463,40.885115035120975,-73.91710632863419,"The Department of Environment Protection inspected your complaint but could not find the problem you reported. If the condition persists, please call 311 (or 212-639-9675 if calling from a non-New York City area code) with more detailed information to submit a new complaint.",Naturally Receded (Unobserved),2.6666666666666665
69045484,2026-05-19 20:56:00,2026-05-19 22:40:00,Sewer,Street Flooding (SJ),910 HOME STREET,HOME STREET,FOX ST,SIMPSON ST,BRONX,10459,40.828393040617584,-73.89370426202132,"The Department of Environment Protection inspected your complaint but could not find the problem you reported. If the condition persists, please call 311 (or 212-639-9675 if calling from a non-New York City area code) with more detailed information to submit a new complaint.",Naturally Receded (Unobserved),1.7333333333333334
69057011,2026-05-19 10:28:00,2026-05-19 12:40:00,Sewer,Street Flooding (SJ),,,,,QUEENS,11365,40.74333394213635,-73.7811045369151,"The Department of Environment Protection inspected your complaint but could not find the problem you reported. If the condition persists, please call 311 (or 212-639-9675 if calling from a non-New York City area code) with more detailed information to submit a new complaint.",Naturally Receded (Unobserved),2.2
69048759,2026-05-19 10:23:00,2026-05-19 12:10:00,Sewer,Street Flooding (SJ),,,,,BROOKLYN,11225,40.663126330972496,-73.95089285614004,"The Department of Environment Protection inspected your complaint but could not find the problem you reported. If the condition persists, please call 311 (or 212-639-9675 if calling from a non-New York City area code) with more detailed information to submit a new complaint.",Naturally Receded (Unobserved),1.7833333333333334
69052068,2026-05-19 10:21:00,2026-05-19 12:30:00,Sewer,Street Flooding (SJ),,,,,BROOKLYN,11226,40.64966928621234,-73.95236227244426,"The Department of Environment Protection inspected your complaint but could not find the problem you reported. If the condition persists, please call 311 (or 212-639-9675 if calling from a non-New York City area code) with more detailed information to submit a new complaint.",Naturally Receded (Unobserved),2.15
69047108,2026-05-19 09:23:00,2026-05-19 20:20:00,Sewer,Street Flooding (SJ),115-73 222 STREET,222 STREET,115 RD,116 AVE,QUEENS,11411,40.69748606759613,-73.73688278730107,"The Department of Environment Protection inspected your complaint but could not find the problem you reported. If the condition persists, please call 311 (or 212-639-9675 if calling from a non-New York City area code) with more detailed information to submit a new complaint.",Naturally Receded (Unobserved),10.95
68998197,2026-05-15 16:06:00,2026-05-15 17:10:00,Sewer,Street Flooding (SJ),3915 FLATLANDS AVENUE,FLATLANDS AVENUE,HARDEN ST,E 43 ST,BROOKLYN,11234,40.622039491771666,-73.93413664474258,"The Department of Environment Protection inspected your complaint but could not find the problem you reported. If the condition persists, please call 311 (or 212-639-9675 if calling from a non-New York City area code) with more detailed information to submit a new complaint.",Naturally Receded (Unobserved),1.0666666666666667
68996784,2026-05-14 08:01:00,2026-05-14 12:00:00,Sewer,Street Flooding (SJ),977 80 STREET,80 STREET,7 AVE,10 AVE,BROOKLYN,11228,40.62190054014994,-74.01771937988045,"The Department of Environment Protection inspected your complaint but could not find the problem you reported. If the condition persists, please call 311 (or 212-639-9675 if calling from a non-New York City area code) with more detailed information to submit a new complaint.",Naturally Receded (Unobserved),3.9833333333333334
68960950,2026-05-11 11:58:00,2026-05-11 13:05:00,Sewer,Street Flooding (SJ),,,,,BROOKLYN,11249,40.69948473095209,-73.96103258590688,"The Department of Environment Protection inspected your complaint but could not find the problem you reported. If the condition persists, please call 311 (or 212-639-9675 if calling from a non-New York City area code) with more detailed information to submit a new complaint.",Naturally Receded (Unobserved),1.1166666666666667
68934829,2026-05-09 21:19:00,2026-05-10 09:00:00,Sewer,Street Flooding (SJ),179 23 STREET,23 STREET,3 AVE,4 AVE,BROOKLYN,11232,40.661789091337944,-73.99716334810267,"The Department of Environment Protection inspected your complaint but could not find the problem you reported. If the condition persists, please call 311 (or 212-639-9675 if calling from a non-New York City area code) with more detailed information to submit a new complaint.",Naturally Receded (Unobserved),11.683333333333334
68933630,2026-05-09 14:01:00,2026-05-09 21:35:00,Sewer,Street Flooding (SJ),,,,,QUEENS,11694,40.580558707697094,-73.8345761948839,"The Department of Environment Protection inspected your complaint but could not find the problem you reported. If the condition persists, please call 311 (or 212-639-9675 if calling from a non-New York City area code) with more detailed information to submit a new complaint.",Naturally Receded (Unobserved),7.566666666666666
68916770,2026-05-07 22:17:00,2026-05-08 03:55:00,Sewer,Street Flooding (SJ),,,,,MANHATTAN,10031,40.82450977848781,-73.9518504924377,"The Department of Environment Protection inspected your complaint but could not find the problem you reported. If the condition persists, please call 311 (or 212-639-9675 if calling from a non-New York City area code) with more detailed information to submit a new complaint.",Naturally Receded (Unobserved),5.633333333333334
68918103,2026-05-07 12:47:00,2026-05-07 13:50:00,Sewer,Street Flooding (SJ),17-46 CLINTONVILLE STREET,CLINTONVILLE STREET,17 RD,18 AVE,QUEENS,11357,40.78284620672066,-73.8081723096779,"The Department of Environment Protection inspected your complaint but could not find the problem you reported. If the condition persists, please call 311 (or 212-639-9675 if calling from a non-New York City area code) with more detailed information to submit a new complaint.",Naturally Receded (Unobserved),1.05
68907177,2026-05-06 13:05:00,2026-05-06 13:25:00,Sewer,Street Flooding (SJ),132-19 11 AVENUE,11 AVENUE,132 ST,133 PL,QUEENS,11356,40.787719650914696,-73.83582014487035,"The Department of Environment Protection inspected your complaint but could not find the problem you reported. If the condition persists, please call 311 (or 212-639-9675 if calling from a non-New York City area code) with more detailed information to submit a new complaint.",Naturally Receded (Unobserved),0.3333333333333333
68811186,2026-04-27 16:34:00,2026-04-27 19:30:00,Sewer,Street Flooding (SJ),1014 EAST   21 STREET,EAST   21 STREET,DEAD END,AVENUE I,BROOKLYN,11210,40.62869229664332,-73.9559077927308,"The Department of Environment Protection inspected your complaint but could not find the problem you reported. If the condition persists, please call 311 (or 212-639-9675 if calling from a non-New York City area code) with more detailed information to submit a new complaint.",Naturally Receded (Unobserved),2.933333333333333
68811188,2026-04-27 12:25:00,2026-04-27 17:20:00,Sewer,Street Flooding (SJ),87-64 133 STREET,133 STREET,JAMAICA AVE,DEAD END,QUEENS,11418,40.70172655494932,-73.81936604495003,"The Department of Environment Protection inspected your complaint but could not find the problem you reported. If the condition persists, please call 311 (or 212-639-9675 if calling from a non-New York City area code) with more detailed information to submit a new complaint.",Naturally Receded (Unobserved),4.916666666666667
68795104,2026-04-26 19:29:00,2026-04-26 22:45:00,Sewer,Street Flooding (SJ),440 EAST   23 STREET,EAST   23 STREET,1 AVE,ASSER LEVY PL,MANHATTAN,10010,40.73613981212383,-73.97701444018315,"The Department of Environment Protection inspected your complaint but could not find the problem you reported. If the condition persists, please call 311 (or 212-639-9675 if calling from a non-New York City area code) with more detailed information to submit a new complaint.",Naturally Receded (Unobserved),3.2666666666666666
68798586,2026-04-26 18:24:00,2026-04-26 22:15:00,Sewer,Street Flooding (SJ),116 5 AVENUE,5 AVENUE,E 16 ST,E 17 ST,MANHATTAN,10011,40.73783261602878,-73.99229585298316,"The Department of Environment Protection inspected your complaint but could not find the problem you reported. If the condition persists, please call 311 (or 212-639-9675 if calling from a non-New York City area code) with more detailed information to submit a new complaint.",Naturally Receded (Unobserved),3.85
68786312,2026-04-25 21:59:00,2026-04-25 23:10:00,Sewer,Street Flooding (SJ),801 EAST  241 STREET,EAST  241 STREET,BARNES AVE,OSMAN PL,BRONX,10470,40.90235273682766,-73.84802075471896,"The Department of Environment Protection inspected your complaint but could not find the problem you reported. If the condition persists, please call 311 (or 212-639-9675 if calling from a non-New York City area code) with more detailed information to submit a new complaint.",Naturally Receded (Unobserved),1.1833333333333333
68785265,2026-04-25 20:29:00,2026-04-26 05:55:00,Sewer,Street Flooding (SJ),324 BEACH  101 STREET,BEACH  101 STREET,CONSTANCE CT,BEACH CHANNEL DR,QUEENS,11694,40.58544353284849,-73.82290281229301,"The Department of Environment Protection inspected your complaint but could not find the problem you reported. If the condition persists, please call 311 (or 212-639-9675 if calling from a non-New York City area code) with more detailed information to submit a new complaint.",Naturally Receded (Unobserved),9.433333333333334
68784216,2026-04-25 19:22:00,2026-04-26 04:45:00,Sewer,Street Flooding (SJ),,,,,QUEENS,11419,40.69444067425836,-73.81511969790562,"The Department of Environment Protection inspected your complaint but could not find the problem you reported. If the condition persists, please call 311 (or 212-639-9675 if calling from a non-New York City area code) with more detailed information to submit a new complaint.",Naturally Receded (Unobserved),9.383333333333333
68787345,2026-04-25 15:55:00,2026-04-25 19:40:00,Sewer,Street Flooding (SJ),16 MILBANK ROAD,MILBANK ROAD,NEUTRAL AVE,CEDAR GROVE AVE,STATEN ISLAND,10306,40.56117669237102,-74.10271788097906,"The Department of Environment Protection inspected your complaint but could not find the problem you reported. If the condition persists, please call 311 (or 212-639-9675 if calling from a non-New York City area code) with more detailed information to submit a new complaint.",Naturally Receded (Unobserved),3.75
68783176,2026-04-25 15:38:00,2026-04-25 19:05:00,Sewer,Street Flooding (SJ),1 OLIVER PLACE,OLIVER PLACE,FIELDSTONE RD,COMMERCE ST,STATEN ISLAND,10314,40.61317131763636,-74.1662141694739,"The Department of Environment Protection inspected your complaint but could not find the problem you reported. If the condition persists, please call 311 (or 212-639-9675 if calling from a non-New York City area code) with more detailed information to submit a new complaint.",Naturally Receded (Unobserved),3.45
68777649,2026-04-24 15:38:00,2026-04-24 21:35:00,Sewer,Street Flooding (SJ),3101 AVENUE L,AVENUE L,E 31 ST,E 32 ST,BROOKLYN,11210,40.62213021014982,-73.94483162172487,"The Department of Environment Protection inspected your complaint but could not find the problem you reported. If the condition persists, please call 311 (or 212-639-9675 if calling from a non-New York City area code) with more detailed information to submit a new complaint.",Naturally Receded (Unobserved),5.95
68780405,2026-04-24 15:18:00,2026-04-24 21:35:00,Sewer,Street Flooding (SJ),3201 AVENUE L,AVENUE L,E 32 ST,NEW YORK AVE,BROOKLYN,11210,40.62223131941094,-73.94390575972643,"The Department of Environment Protection inspected your complaint but could not find the problem you reported. If the condition persists, please call 311 (or 212-639-9675 if calling from a non-New York City area code) with more detailed information to submit a new complaint.",Naturally Receded (Unobserved),6.283333333333333
68733678,2026-04-20 10:58:00,2026-04-20 13:40:00,Sewer,Street Flooding (SJ),42-16 223 STREET,223 STREET,42 AVE,43 AVE,QUEENS,11361,40.76388933286131,-73.75905976341832,The Department of Environmental Protection has investigated this complaint. Surcharge conditions have been confirmed and attributed to grease. Work was performed to relieve the blockage.,Hydraulic Capacity Surcharge,2.7
68729226,2026-04-20 09:00:00,2026-04-20 13:15:00,Sewer,Street Flooding (SJ),42 STREET,42 STREET,10 AVENUE,NEW UTRECHT AVENUE,BROOKLYN,11219,,,"The Department of Environment Protection inspected your complaint but could not find the problem you reported. If the condition persists, please call 311 (or 212-639-9675 if calling from a non-New York City area code) with more detailed information to submit a new complaint.",Naturally Receded (Unobserved),4.25
68735124,2026-04-20 08:25:00,2026-04-20 11:00:00,Sewer,Street Flooding (SJ),567 MORGAN AVENUE,MORGAN AVENUE,DRIGGS AVE,NASSAU AVE,BROOKLYN,11222,40.72432103645052,-73.93953380079157,"The Department of Environment Protection inspected your complaint but could not find the problem you reported. If the condition persists, please call 311 (or 212-639-9675 if calling from a non-New York City area code) with more detailed information to submit a new complaint.",Naturally Receded (Unobserved),2.5833333333333335
68735125,2026-04-20 07:48:00,2026-04-20 14:00:00,Sewer,Street Flooding (SJ),42-33 24 STREET,24 STREET,42 RD,ED KOCH BR UPPER ROADWAY APPR,QUEENS,11101,40.75012581404527,-73.94216672521141,"The Department of Environment Protection inspected your complaint but could not find the problem you reported. If the condition persists, please call 311 (or 212-639-9675 if calling from a non-New York City area code) with more detailed information to submit a new complaint.",Naturally Receded (Unobserved),6.2
68672522,2026-04-15 08:54:00,2026-04-15 09:10:00,Sewer,Street Flooding (SJ),42-33 24 STREET,24 STREET,42 RD,ED KOCH BR UPPER ROADWAY APPR,QUEENS,11101,40.75012581404527,-73.94216672521141,"The Department of Environment Protection inspected your complaint but could not find the problem you reported. If the condition persists, please call 311 (or 212-639-9675 if calling from a non-New York City area code) with more detailed information to submit a new complaint.",Naturally Receded (Unobserved),0.26666666666666666
68608884,2026-04-09 12:50:00,2026-04-09 14:50:00,Sewer,Street Flooding (SJ),214-27 45 DRIVE,45 DRIVE,BELL BLVD,215 ST,QUEENS,11361,40.7590387468716,-73.76812673141653,"The Department of Environment Protection inspected your complaint but could not find the problem you reported. If the condition persists, please call 311 (or 212-639-9675 if calling from a non-New York City area code) with more detailed information to submit a new complaint.",Naturally Receded (Unobserved),2.0
68596893,2026-04-08 01:33:00,2026-04-08 02:35:00,Sewer,Street Flooding (SJ),,,,,BRONX,10451,40.829957876314346,-73.93008607198803,"The Department of Environment Protection inspected your complaint but could not find the problem you reported. If the condition persists, please call 311 (or 212-639-9675 if calling from a non-New York City area code) with more detailed information to submit a new complaint.",Naturally Receded (Unobserved),1.0333333333333334
68549028,2026-04-03 20:43:00,2026-04-03 22:00:00,Sewer,Street Flooding (SJ),318 GRAND STREET,GRAND STREET,HAVEMEYER ST,MARCY AVE,BROOKLYN,11211,40.71267448812107,-73.95661334500146,"The Department of Environment Protection inspected your complaint but could not find the problem you reported. If the condition persists, please call 311 (or 212-639-9675 if calling from a non-New York City area code) with more detailed information to submit a new complaint.",Naturally Receded (Unobserved),1.2833333333333334
68542502,2026-04-02 18:38:00,2026-04-02 20:30:00,Sewer,Street Flooding (SJ),101 WEST   90 STREET,WEST   90 STREET,COLUMBUS AVE,AMSTERDAM AVE,MANHATTAN,10024,40.789095363543794,-73.97038390702454,"The Department of Environment Protection inspected your complaint but could not find the problem you reported. If the condition persists, please call 311 (or 212-639-9675 if calling from a non-New York City area code) with more detailed information to submit a new complaint.",Naturally Receded (Unobserved),1.8666666666666667
68546371,2026-04-02 08:30:00,2026-04-02 09:00:00,Sewer,Street Flooding (SJ),149 REMSEN AVENUE,REMSEN AVENUE,RUTLAND RD,E 53 ST,BROOKLYN,11212,40.66041094405647,-73.92843638361249,"The Department of Environment Protection inspected your complaint but could not find the problem you reported. If the condition persists, please call 311 (or 212-639-9675 if calling from a non-New York City area code) with more detailed information to submit a new complaint.",Naturally Receded (Unobserved),0.5
68513204,2026-03-31 16:18:00,2026-03-31 21:15:00,Sewer,Street Flooding (SJ),60 WEST   37 STREET,WEST   37 STREET,5 AVE,AVENUE OF THE AMERICAS,MANHATTAN,10018,40.751113744806574,-73.98502534951668,"The Department of Environment Protection inspected your complaint but could not find the problem you reported. If the condition persists, please call 311 (or 212-639-9675 if calling from a non-New York City area code) with more detailed information to submit a new complaint.",Naturally Receded (Unobserved),4.95
68519475,2026-03-31 05:44:00,2026-03-31 09:00:00,Sewer,Street Flooding (SJ),68 ST MARKS PLACE,ST MARKS PLACE,3 AVE,4 AVE,BROOKLYN,11217,40.682019212987505,-73.98047632787211,"The Department of Environment Protection inspected your complaint but could not find the problem you reported. If the condition persists, please call 311 (or 212-639-9675 if calling from a non-New York City area code) with more detailed information to submit a new complaint.",Naturally Receded (Unobserved),3.2666666666666666
68500810,2026-03-30 13:25:00,2026-03-30 14:40:00,Sewer,Street Flooding (SJ),146-01 23 AVENUE,23 AVENUE,146 ST,RYAN CT,QUEENS,11357,40.77831107928621,-73.82132471684025,"The Department of Environment Protection inspected your complaint but could not find the problem you reported. If the condition persists, please call 311 (or 212-639-9675 if calling from a non-New York City area code) with more detailed information to submit a new complaint.",Naturally Receded (Unobserved),1.25
68502281,2026-03-30 09:31:00,2026-03-30 14:35:00,Sewer,Street Flooding (SJ),376 EAST   94 STREET,EAST   94 STREET,LENOX RD,WILLMOHR ST,BROOKLYN,11212,40.65729827282237,-73.91996998230053,"The Department of Environment Protection inspected your complaint but could not find the problem you reported. If the condition persists, please call 311 (or 212-639-9675 if calling from a non-New York City area code) with more detailed information to submit a new complaint.",Naturally Receded (Unobserved),5.066666666666666
68497195,2026-03-29 16:28:00,2026-03-29 19:50:00,Sewer,Street Flooding (SJ),4220 BROADWAY,BROADWAY,W 179 ST,W 180 ST,MANHATTAN,10033,40.849023849592875,-73.93696256098224,"The Department of Environment Protection inspected your complaint but could not find the problem you reported. If the condition persists, please call 311 (or 212-639-9675 if calling from a non-New York City area code) with more detailed information to submit a new complaint.",Naturally Receded (Unobserved),3.3666666666666667
68473991,2026-03-27 15:43:00,2026-03-27 20:35:00,Sewer,Street Flooding (SJ),1502 DITMAS AVENUE,DITMAS AVENUE,E 15 ST,NYCTA SUBWAY,BROOKLYN,11226,40.63712696703705,-73.96356231330066,"The Department of Environment Protection inspected your complaint but could not find the problem you reported. If the condition persists, please call 311 (or 212-639-9675 if calling from a non-New York City area code) with more detailed information to submit a new complaint.",Naturally Receded (Unobserved),4.866666666666666
68478325,2026-03-27 10:33:00,2026-03-27 11:55:00,Sewer,Street Flooding (SJ),53-03 65 PLACE,65 PLACE,53 AVE,53 DR,QUEENS,11378,40.73105944545373,-73.90014850608017,"The Department of Environment Protection inspected your complaint but could not find the problem you reported. If the condition persists, please call 311 (or 212-639-9675 if calling from a non-New York City area code) with more detailed information to submit a new complaint.",Naturally Receded (Unobserved),1.3666666666666667
68451828,2026-03-25 00:38:00,2026-03-25 09:30:00,Sewer,Street Flooding (SJ),8 SUFFOLK AVENUE,SUFFOLK AVENUE,WESTWOOD AVE,HOLDEN BLVD,STATEN ISLAND,10314,40.60551536462741,-74.1281900292297,"The Department of Environment Protection inspected your complaint but could not find the problem you reported. If the condition persists, please call 311 (or 212-639-9675 if calling from a non-New York City area code) with more detailed information to submit a new complaint.",Naturally Receded (Unobserved),8.866666666666667
68432377,2026-03-23 12:18:00,2026-03-23 13:35:00,Sewer,Street Flooding (SJ),75-03 169 STREET,169 STREET,75 AVE,76 AVE,QUEENS,11366,40.72734475835832,-73.80021059997553,"The Department of Environment Protection inspected your complaint but could not find the problem you reported. If the condition persists, please call 311 (or 212-639-9675 if calling from a non-New York City area code) with more detailed information to submit a new complaint.",Naturally Receded (Unobserved),1.2833333333333334
68427869,2026-03-23 08:57:00,2026-03-23 09:20:00,Sewer,Street Flooding (SJ),391 KISSEL AVENUE,KISSEL AVENUE,CASTLETON AVE,DELAFIELD AVE,STATEN ISLAND,10301,40.63429659069534,-74.10445533745401,"The Department of Environment Protection inspected your complaint but could not find the problem you reported. If the condition persists, please call 311 (or 212-639-9675 if calling from a non-New York City area code) with more detailed information to submit a new complaint.",Naturally Receded (Unobserved),0.38333333333333336
68395098,2026-03-20 13:26:00,2026-03-20 14:45:00,Sewer,Street Flooding (SJ),435 WEST   46 STREET,WEST   46 STREET,9 AVE,10 AVE,MANHATTAN,10036,40.76148957245769,-73.99193213848935,"The Department of Environment Protection inspected your complaint but could not find the problem you reported. If the condition persists, please call 311 (or 212-639-9675 if calling from a non-New York City area code) with more detailed information to submit a new complaint.",Naturally Receded (Unobserved),1.3166666666666667
68381462,2026-03-19 09:59:00,2026-03-19 10:35:00,Sewer,Street Flooding (SJ),76-17 BROADWAY,BROADWAY,76 ST,41 AVE,QUEENS,11373,40.745714590091765,-73.88913374251628,"The Department of Environment Protection inspected your complaint but could not find the problem you reported. If the condition persists, please call 311 (or 212-639-9675 if calling from a non-New York City area code) with more detailed information to submit a new complaint.",Naturally Receded (Unobserved),0.6
68372350,2026-03-18 12:23:00,2026-03-18 13:50:00,Sewer,Street Flooding (SJ),31-26 101 STREET,101 STREET,31 AVE,32 AVE,QUEENS,11369,40.76050026886065,-73.86803191086847,"The Department of Environment Protection inspected your complaint but could not find the problem you reported. If the condition persists, please call 311 (or 212-639-9675 if calling from a non-New York City area code) with more detailed information to submit a new complaint.",Naturally Receded (Unobserved),1.45
68375289,2026-03-18 09:37:00,2026-03-18 12:15:00,Sewer,Street Flooding (SJ),157 BACHE AVENUE,BACHE AVENUE,EDISON ST,CLAWSON ST,STATEN ISLAND,10306,40.572856371916934,-74.11100769941865,"The Department of Environment Protection inspected your complaint but could not find the problem you reported. If the condition persists, please call 311 (or 212-639-9675 if calling from a non-New York City area code) with more detailed information to submit a new complaint.",Naturally Receded (Unobserved),2.6333333333333333
68359884,2026-03-17 18:52:00,2026-03-17 20:40:00,Sewer,Street Flooding (SJ),99 AVENUE A,AVENUE A,E 6 ST,E 7 ST,MANHATTAN,10009,40.725677962831824,-73.98381883023241,"The Department of Environment Protection inspected your complaint but could not find the problem you reported. If the condition persists, please call 311 (or 212-639-9675 if calling from a non-New York City area code) with more detailed information to submit a new complaint.",Naturally Receded (Unobserved),1.8
68363231,2026-03-17 12:41:00,2026-03-17 13:20:00,Sewer,Street Flooding (SJ),23-10 42 ROAD,42 ROAD,23 ST,24 ST,QUEENS,11101,40.750554243568075,-73.94266442144271,"The Department of Environment Protection inspected your complaint but could not find the problem you reported. If the condition persists, please call 311 (or 212-639-9675 if calling from a non-New York City area code) with more detailed information to submit a new complaint.",Naturally Receded (Unobserved),0.65
68344716,2026-03-16 14:11:00,2026-03-16 15:10:00,Sewer,Street Flooding (SJ),147 WINTHROP STREET,WINTHROP STREET,BEDFORD AVE,ROGERS AVE,BROOKLYN,11225,40.656804072403354,-73.95508909850025,"The Department of Environment Protection inspected your complaint but could not find the problem you reported. If the condition persists, please call 311 (or 212-639-9675 if calling from a non-New York City area code) with more detailed information to submit a new complaint.",Naturally Receded (Unobserved),0.9833333333333333
68346147,2026-03-16 12:18:00,2026-03-16 13:35:00,Sewer,Street Flooding (SJ),31-26 101 STREET,101 STREET,31 AVE,32 AVE,QUEENS,11369,40.76050026886065,-73.86803191086847,"The Department of Environment Protection inspected your complaint but could not find the problem you reported. If the condition persists, please call 311 (or 212-639-9675 if calling from a non-New York City area code) with more detailed information to submit a new complaint.",Naturally Receded (Unobserved),1.2833333333333334
68346149,2026-03-16 10:07:00,2026-03-16 12:55:00,Sewer,Street Flooding (SJ),10-09 50 AVENUE,50 AVENUE,VERNON BLVD,JACKSON AVE,QUEENS,11101,40.742637813227404,-73.95358051761183,"The Department of Environment Protection inspected your complaint but could not find the problem you reported. If the condition persists, please call 311 (or 212-639-9675 if calling from a non-New York City area code) with more detailed information to submit a new complaint.",Naturally Receded (Unobserved),2.8
68337060,2026-03-15 12:31:00,2026-03-15 13:10:00,Sewer,Street Flooding (SJ),490 GRAND STREET,GRAND STREET,GRAND STREET EXTENSION,UNION AVE,BROOKLYN,11211,40.71090759232181,-73.95156463534393,"The Department of Environment Protection inspected your complaint but could not find the problem you reported. If the condition persists, please call 311 (or 212-639-9675 if calling from a non-New York City area code) with more detailed information to submit a new complaint.",Naturally Receded (Unobserved),0.65
68314429,2026-03-13 14:34:00,2026-03-13 14:50:00,Sewer,Street Flooding (SJ),212 BETTS AVENUE,BETTS AVENUE,GILDERSLEEVE AVE,DEAD END,BRONX,10473,40.81032842895785,-73.85023940536335,"The Department of Environment Protection inspected your complaint but could not find the problem you reported. If the condition persists, please call 311 (or 212-639-9675 if calling from a non-New York City area code) with more detailed information to submit a new complaint.",Naturally Receded (Unobserved),0.26666666666666666
68299357,2026-03-12 22:43:00,2026-03-13 09:30:00,Sewer,Street Flooding (SJ),309 ADAMS AVENUE,ADAMS AVENUE,BOUNDARY AVE,HAVEN AVE,STATEN ISLAND,10306,40.57921677912253,-74.09818811111971,"The Department of Environment Protection inspected your complaint but could not find the problem you reported. If the condition persists, please call 311 (or 212-639-9675 if calling from a non-New York City area code) with more detailed information to submit a new complaint.",Naturally Receded (Unobserved),10.783333333333333
68300809,2026-03-12 22:41:00,2026-03-13 10:30:00,Sewer,Street Flooding (SJ),135 HAVEN AVENUE,HAVEN AVENUE,ADAMS AVE,HUNTER AVE,STATEN ISLAND,10306,40.57901088211321,-74.09823100748203,"The Department of Environment Protection inspected your complaint but could not find the problem you reported. If the condition persists, please call 311 (or 212-639-9675 if calling from a non-New York City area code) with more detailed information to submit a new complaint.",Naturally Receded (Unobserved),11.816666666666666
68303717,2026-03-12 09:56:00,2026-03-12 11:30:00,Sewer,Street Flooding (SJ),1150 EAST   84 STREET,EAST   84 STREET,AVENUE K,AVENUE L,BROOKLYN,11236,40.633270658199415,-73.90579276855426,"The Department of Environment Protection inspected your complaint but could not find the problem you reported. If the condition persists, please call 311 (or 212-639-9675 if calling from a non-New York City area code) with more detailed information to submit a new complaint.",Naturally Receded (Unobserved),1.5666666666666667
68306701,2026-03-12 07:43:00,2026-03-12 10:25:00,Sewer,Street Flooding (SJ),1693 RICHMOND TERRACE,RICHMOND TERRACE,ALASKA ST,TAYLOR ST,STATEN ISLAND,10310,40.638717295587234,-74.12232303702534,"The Department of Environment Protection inspected your complaint but could not find the problem you reported. If the condition persists, please call 311 (or 212-639-9675 if calling from a non-New York City area code) with more detailed information to submit a new complaint.",Naturally Receded (Unobserved),2.7
68300808,2026-03-12 01:33:00,2026-03-12 09:30:00,Sewer,Street Flooding (SJ),286 WINGHAM STREET,WINGHAM STREET,MARYLAND AVE,ST JOHNS AVE,STATEN ISLAND,10305,40.611901931512286,-74.06765059843964,"The Department of Environment Protection inspected your complaint but could not find the problem you reported. If the condition persists, please call 311 (or 212-639-9675 if calling from a non-New York City area code) with more detailed information to submit a new complaint.",Naturally Receded (Unobserved),7.95
68278338,2026-03-10 19:33:00,2026-03-10 22:45:00,Sewer,Street Flooding (SJ),1321 HOLLYWOOD AVENUE,HOLLYWOOD AVENUE,WATERBURY AVE,LA SALLE AVE,BRONX,10461,40.839266254310914,-73.82688198294437,"The Department of Environment Protection inspected your complaint but could not find the problem you reported. If the condition persists, please call 311 (or 212-639-9675 if calling from a non-New York City area code) with more detailed information to submit a new complaint.",Naturally Receded (Unobserved),3.2
68275106,2026-03-10 16:34:00,2026-03-10 20:00:00,Sewer,Street Flooding (SJ),,,,,BRONX,10471,40.90414009236751,-73.90500728090025,"The Department of Environment Protection inspected your complaint but could not find the problem you reported. If the condition persists, please call 311 (or 212-639-9675 if calling from a non-New York City area code) with more detailed information to submit a new complaint.",Naturally Receded (Unobserved),3.433333333333333
68271942,2026-03-10 08:59:00,2026-03-10 13:40:00,Sewer,Street Flooding (SJ),82-34 TRYON PLACE,TRYON PLACE,TUDOR RD,ABERDEEN RD,QUEENS,11432,40.72181562871659,-73.78729738428606,"The Department of Environment Protection inspected your complaint but could not find the problem you reported. If the condition persists, please call 311 (or 212-639-9675 if calling from a non-New York City area code) with more detailed information to submit a new complaint.",Naturally Receded (Unobserved),4.683333333333334
68257793,2026-03-09 16:24:00,2026-03-09 22:40:00,Sewer,Street Flooding (SJ),195 WARWICK AVENUE,WARWICK AVENUE,ASH PL,WESTWOOD AVE,STATEN ISLAND,10314,40.60641099218624,-74.13699357170186,"The Department of Environment Protection inspected your complaint but could not find the problem you reported. If the condition persists, please call 311 (or 212-639-9675 if calling from a non-New York City area code) with more detailed information to submit a new complaint.",Naturally Receded (Unobserved),6.266666666666667
68251665,2026-03-08 13:52:00,2026-03-08 14:10:00,Sewer,Street Flooding (SJ),26 JUDGE STREET,JUDGE STREET,POWERS ST,DEVOE ST,BROOKLYN,11211,40.71363619205443,-73.940506613635,"The Department of Environment Protection inspected your complaint but could not find the problem you reported. If the condition persists, please call 311 (or 212-639-9675 if calling from a non-New York City area code) with more detailed information to submit a new complaint.",Naturally Receded (Unobserved),0.3
68228708,2026-03-06 08:24:00,2026-03-06 13:05:00,Sewer,Street Flooding (SJ),23 AVENUE,23 AVENUE,130 STREET,LINDEN PLACE,QUEENS,11356,,,"The Department of Environment Protection inspected your complaint but could not find the problem you reported. If the condition persists, please call 311 (or 212-639-9675 if calling from a non-New York City area code) with more detailed information to submit a new complaint.",Naturally Receded (Unobserved),4.683333333333334
68223721,2026-03-06 00:29:00,2026-03-06 03:00:00,Sewer,Street Flooding (SJ),22-10 LORETTA ROAD,LORETTA ROAD,BEACH 22 ST,PRESIDENT ST,QUEENS,11691,40.60312815494954,-73.75548049505456,"The Department of Environment Protection inspected your complaint but could not find the problem you reported. If the condition persists, please call 311 (or 212-639-9675 if calling from a non-New York City area code) with more detailed information to submit a new complaint.",Naturally Receded (Unobserved),2.5166666666666666
68220569,2026-03-05 23:24:00,2026-03-06 04:40:00,Sewer,Street Flooding (SJ),132-20 95 AVENUE,95 AVENUE,132 ST,133 ST,QUEENS,11419,40.69546087501762,-73.81629970725834,"The Department of Environment Protection inspected your complaint but could not find the problem you reported. If the condition persists, please call 311 (or 212-639-9675 if calling from a non-New York City area code) with more detailed information to submit a new complaint.",Naturally Receded (Unobserved),5.266666666666667
68220573,2026-03-05 21:53:00,2026-03-06 07:50:00,Sewer,Street Flooding (SJ),,,,,BROOKLYN,11211,40.71846169054754,-73.95280371639421,"The Department of Environment Protection inspected your complaint but could not find the problem you reported. If the condition persists, please call 311 (or 212-639-9675 if calling from a non-New York City area code) with more detailed information to submit a new complaint.",Naturally Receded (Unobserved),9.95
68220578,2026-03-05 11:56:00,2026-03-05 13:10:00,Sewer,Street Flooding (SJ),355 EAST   10 STREET,EAST   10 STREET,AVENUE B,AVENUE C,MANHATTAN,10009,40.726618689066235,-73.97929069655987,"The Department of Environment Protection inspected your complaint but could not find the problem you reported. If the condition persists, please call 311 (or 212-639-9675 if calling from a non-New York City area code) with more detailed information to submit a new complaint.",Naturally Receded (Unobserved),1.2333333333333334
68217737,2026-03-05 11:53:00,2026-03-05 12:50:00,Sewer,Street Flooding (SJ),,,,,BROOKLYN,11210,40.612314432586544,-73.94996137307788,"The Department of Environment Protection inspected your complaint but could not find the problem you reported. If the condition persists, please call 311 (or 212-639-9675 if calling from a non-New York City area code) with more detailed information to submit a new complaint.",Naturally Receded (Unobserved),0.95
68219162,2026-03-05 10:05:00,2026-03-05 11:05:00,Sewer,Street Flooding (SJ),16 WEST    9 STREET,WEST    9 STREET,5 AVE,BEND,MANHATTAN,10011,40.73319145021023,-73.99675618465889,"The Department of Environment Protection inspected your complaint but could not find the problem you reported. If the condition persists, please call 311 (or 212-639-9675 if calling from a non-New York City area code) with more detailed information to submit a new complaint.",Naturally Receded (Unobserved),1.0
68198677,2026-03-04 16:32:00,2026-03-04 17:55:00,Sewer,Street Flooding (SJ),305 WEST   28 STREET,WEST   28 STREET,8 AVE,BEND,MANHATTAN,10001,40.74854557865333,-73.99641979258774,"The Department of Environment Protection inspected your complaint but could not find the problem you reported. If the condition persists, please call 311 (or 212-639-9675 if calling from a non-New York City area code) with more detailed information to submit a new complaint.",Naturally Receded (Unobserved),1.3833333333333333
68206198,2026-03-04 14:32:00,2026-03-04 20:20:00,Sewer,Street Flooding (SJ),466 CHAUNCEY STREET,CHAUNCEY STREET,THOMAS S BOYLAND ST,ROCKAWAY AVE,BROOKLYN,11233,40.68224077575322,-73.91336723451317,"The Department of Environment Protection inspected your complaint but could not find the problem you reported. If the condition persists, please call 311 (or 212-639-9675 if calling from a non-New York City area code) with more detailed information to submit a new complaint.",Naturally Receded (Unobserved),5.8
68191774,2026-03-03 18:17:00,2026-03-03 22:55:00,Sewer,Street Flooding (SJ),235 WEST   75 STREET,WEST   75 STREET,BROADWAY,WEST END AVE,MANHATTAN,10023,40.781247797318926,-73.98181935716096,"The Department of Environment Protection inspected your complaint but could not find the problem you reported. If the condition persists, please call 311 (or 212-639-9675 if calling from a non-New York City area code) with more detailed information to submit a new complaint.",Naturally Receded (Unobserved),4.633333333333334
68132676,2026-02-26 11:14:00,2026-02-26 14:50:00,Sewer,Street Flooding (SJ),41-58 56 STREET,56 STREET,ROOSEVELT AVE,43 AVE,QUEENS,11377,40.744801299280674,-73.90870982541358,"The Department of Environment Protection inspected your complaint but could not find the problem you reported. If the condition persists, please call 311 (or 212-639-9675 if calling from a non-New York City area code) with more detailed information to submit a new complaint.",Naturally Receded (Unobserved),3.6
68135973,2026-02-26 08:47:00,2026-02-26 10:00:00,Sewer,Street Flooding (SJ),129-02 NORTHERN BOULEVARD,NORTHERN BOULEVARD,WILLETS POINT BLVD,VAN WYCK EP SB EN NORTHERN BLVD,QUEENS,11368,40.76176557594917,-73.83986934296057,"The Department of Environment Protection inspected your complaint but could not find the problem you reported. If the condition persists, please call 311 (or 212-639-9675 if calling from a non-New York City area code) with more detailed information to submit a new complaint.",Naturally Receded (Unobserved),1.2166666666666666
68124127,2026-02-25 15:38:00,2026-02-25 18:30:00,Sewer,Street Flooding (SJ),755 AMSTERDAM AVENUE,AMSTERDAM AVENUE,W 96 ST,W 97 ST,MANHATTAN,10025,40.794524344880784,-73.97001311139296,"The Department of Environment Protection inspected your complaint but could not find the problem you reported. If the condition persists, please call 311 (or 212-639-9675 if calling from a non-New York City area code) with more detailed information to submit a new complaint.",Naturally Receded (Unobserved),2.8666666666666667
68125836,2026-02-25 15:26:00,2026-02-25 18:10:00,Sewer,Street Flooding (SJ),1 FORDHAM PLAZA,FORDHAM PLAZA,MILL RIVER RD,WASHINGTON AVE,BRONX,10458,40.860738309185045,-73.88958549699862,"The Department of Environment Protection inspected your complaint but could not find the problem you reported. If the condition persists, please call 311 (or 212-639-9675 if calling from a non-New York City area code) with more detailed information to submit a new complaint.",Naturally Receded (Unobserved),2.7333333333333334
68101745,2026-02-24 12:20:00,2026-02-24 13:40:00,Sewer,Street Flooding (SJ),78-11 19 ROAD,19 ROAD,78 ST,19 AVE,QUEENS,11370,40.773024630690685,-73.89182857743307,"The Department of Environment Protection inspected your complaint but could not find the problem you reported. If the condition persists, please call 311 (or 212-639-9675 if calling from a non-New York City area code) with more detailed information to submit a new complaint.",Naturally Receded (Unobserved),1.3333333333333333
68087740,2026-02-23 17:53:00,2026-02-23 19:50:00,Sewer,Street Flooding (SJ),,,,,STATEN ISLAND,10314,40.60202450859627,-74.12771517559379,"The Department of Environment Protection inspected your complaint but could not find the problem you reported. If the condition persists, please call 311 (or 212-639-9675 if calling from a non-New York City area code) with more detailed information to submit a new complaint.",Naturally Receded (Unobserved),1.95
68089708,2026-02-23 09:02:00,2026-02-23 09:50:00,Sewer,Street Flooding (SJ),146 NAGLE AVENUE,NAGLE AVENUE,ARDEN ST,THAYER ST,MANHATTAN,10040,40.86122015649701,-73.92579812177587,"The Department of Environment Protection inspected your complaint but could not find the problem you reported. If the condition persists, please call 311 (or 212-639-9675 if calling from a non-New York City area code) with more detailed information to submit a new complaint.",Naturally Receded (Unobserved),0.8
68060050,2026-02-20 15:11:00,2026-02-20 20:00:00,Sewer,Street Flooding (SJ),6201 BROADWAY,BROADWAY,W 251 ST,W 252 ST,BRONX,10471,40.89611579963316,-73.8967609210215,"The Department of Environment Protection inspected your complaint but could not find the problem you reported. If the condition persists, please call 311 (or 212-639-9675 if calling from a non-New York City area code) with more detailed information to submit a new complaint.",Naturally Receded (Unobserved),4.816666666666666
68050348,2026-02-20 12:56:00,2026-02-20 13:45:00,Sewer,Street Flooding (SJ),,,,,BROOKLYN,11233,40.685499257645425,-73.91770062146085,"The Department of Environment Protection inspected your complaint but could not find the problem you reported. If the condition persists, please call 311 (or 212-639-9675 if calling from a non-New York City area code) with more detailed information to submit a new complaint.",Naturally Receded (Unobserved),0.8166666666666667
68055903,2026-02-20 11:56:00,2026-02-20 12:30:00,Sewer,Street Flooding (SJ),,,,,QUEENS,11385,40.69511664556036,-73.90321711048776,"The Department of Environment Protection inspected your complaint but could not find the problem you reported. If the condition persists, please call 311 (or 212-639-9675 if calling from a non-New York City area code) with more detailed information to submit a new complaint.",Naturally Receded (Unobserved),0.5666666666666667
68054492,2026-02-20 11:05:00,2026-02-20 11:45:00,Sewer,Street Flooding (SJ),18 MILBANK ROAD,MILBANK ROAD,NEUTRAL AVE,CEDAR GROVE AVE,STATEN ISLAND,10306,40.561154772543695,-74.10267465976658,"The Department of Environment Protection inspected your complaint but could not find the problem you reported. If the condition persists, please call 311 (or 212-639-9675 if calling from a non-New York City area code) with more detailed information to submit a new complaint.",Naturally Receded (Unobserved),0.6666666666666666
68060054,2026-02-20 08:59:00,2026-02-20 12:35:00,Sewer,Street Flooding (SJ),26-07 HOYT AVENUE NORTH,HOYT AVENUE NORTH,26 ST,27 ST,QUEENS,11102,40.77286657172632,-73.92013076153053,"The Department of Environment Protection inspected your complaint but could not find the problem you reported. If the condition persists, please call 311 (or 212-639-9675 if calling from a non-New York City area code) with more detailed information to submit a new complaint.",Naturally Receded (Unobserved),3.6
68015055,2026-02-16 14:38:00,2026-02-16 22:15:00,Sewer,Street Flooding (SJ),,,,,BROOKLYN,11224,40.57670559930593,-73.9728179501905,"The Department of Environment Protection inspected your complaint but could not find the problem you reported. If the condition persists, please call 311 (or 212-639-9675 if calling from a non-New York City area code) with more detailed information to submit a new complaint.",Naturally Receded (Unobserved),7.616666666666666
68001311,2026-02-15 13:02:00,2026-02-15 17:15:00,Sewer,Street Flooding (SJ),10423 SEAVIEW AVENUE,SEAVIEW AVENUE,E 104 ST,E 105 ST,BROOKLYN,11236,40.63735168150108,-73.88422624356642,"The Department of Environment Protection inspected your complaint but could not find the problem you reported. If the condition persists, please call 311 (or 212-639-9675 if calling from a non-New York City area code) with more detailed information to submit a new complaint.",Naturally Receded (Unobserved),4.216666666666667
67936062,2026-02-11 12:38:00,2026-02-11 13:10:00,Sewer,Street Flooding (SJ),,,,,BROOKLYN,11225,40.656762015382455,-73.96013488775384,"The Department of Environment Protection inspected your complaint but could not find the problem you reported. If the condition persists, please call 311 (or 212-639-9675 if calling from a non-New York City area code) with more detailed information to submit a new complaint.",Naturally Receded (Unobserved),0.5333333333333333
67925748,2026-02-10 15:53:00,2026-02-10 19:40:00,Sewer,Street Flooding (SJ),2737A KINGSBRIDGE TERRACE,KINGSBRIDGE TERRACE,W KINGSBRIDGE RD,W 229 ST,BRONX,10463,40.87189148330003,-73.90346240922081,"The Department of Environment Protection inspected your complaint but could not find the problem you reported. If the condition persists, please call 311 (or 212-639-9675 if calling from a non-New York City area code) with more detailed information to submit a new complaint.",Naturally Receded (Unobserved),3.783333333333333
67927514,2026-02-10 06:44:00,2026-02-10 14:15:00,Sewer,Street Flooding (SJ),EAST   91 STREET,EAST   91 STREET,AVENUE A,AVENUE B,BROOKLYN,11236,,,"The Department of Environment Protection inspected your complaint but could not find the problem you reported. If the condition persists, please call 311 (or 212-639-9675 if calling from a non-New York City area code) with more detailed information to submit a new complaint.",Naturally Receded (Unobserved),7.516666666666667
67927513,2026-02-09 12:38:00,2026-02-09 16:55:00,Sewer,Street Flooding (SJ),2865 KINGSBRIDGE TERRACE,KINGSBRIDGE TERRACE,W 229 ST,W 230 ST,BRONX,10463,40.87431709464755,-73.90263084439134,"The Department of Environment Protection inspected your complaint but could not find the problem you reported. If the condition persists, please call 311 (or 212-639-9675 if calling from a non-New York City area code) with more detailed information to submit a new complaint.",Naturally Receded (Unobserved),4.283333333333333
67910823,2026-02-09 06:38:00,2026-02-09 11:20:00,Sewer,Street Flooding (SJ),82-15 164 PLACE,164 PLACE,GOETHALS AVE,82 RD,QUEENS,11432,40.718999227825016,-73.8025552327158,"The Department of Environment Protection inspected your complaint but could not find the problem you reported. If the condition persists, please call 311 (or 212-639-9675 if calling from a non-New York City area code) with more detailed information to submit a new complaint.",Naturally Receded (Unobserved),4.7
67857568,2026-02-05 10:29:00,2026-02-05 11:45:00,Sewer,Street Flooding (SJ),130-34 58 ROAD,58 ROAD,COLLEGE POINT BLVD,LAWRENCE ST,QUEENS,11355,40.74539055219216,-73.83416330833082,"The Department of Environment Protection inspected your complaint but could not find the problem you reported. If the condition persists, please call 311 (or 212-639-9675 if calling from a non-New York City area code) with more detailed information to submit a new complaint.",Naturally Receded (Unobserved),1.2666666666666666
67849740,2026-02-04 08:11:00,2026-02-04 11:35:00,Sewer,Street Flooding (SJ),100-49 67 DRIVE,67 DRIVE,AUSTIN ST,BOOTH ST,QUEENS,11375,40.724130464040854,-73.85294050560357,"The Department of Environment Protection inspected your complaint but could not find the problem you reported. If the condition persists, please call 311 (or 212-639-9675 if calling from a non-New York City area code) with more detailed information to submit a new complaint.",Naturally Receded (Unobserved),3.4
67826156,2026-02-02 17:20:00,2026-02-02 18:30:00,Sewer,Street Flooding (SJ),2208 RALPH AVENUE,RALPH AVENUE,AVENUE L,E 66 ST,BROOKLYN,11234,40.62395851783344,-73.91774048133993,"The Department of Environment Protection inspected your complaint but could not find the problem you reported. If the condition persists, please call 311 (or 212-639-9675 if calling from a non-New York City area code) with more detailed information to submit a new complaint.",Naturally Receded (Unobserved),1.1666666666666667
67820638,2026-02-02 08:20:00,2026-02-02 09:15:00,Sewer,Street Flooding (SJ),70-20 52 AVENUE,52 AVENUE,70 ST,71 ST,QUEENS,11378,40.733600900760216,-73.89380135357062,"The Department of Environment Protection inspected your complaint but could not find the problem you reported. If the condition persists, please call 311 (or 212-639-9675 if calling from a non-New York City area code) with more detailed information to submit a new complaint.",Naturally Receded (Unobserved),0.9166666666666666
67633340,2026-01-27 12:59:00,2026-01-27 13:30:00,Sewer,Street Flooding (SJ),1360 OCEAN PARKWAY,OCEAN PARKWAY,AVENUE M,AVENUE N,BROOKLYN,11230,40.615623092362476,-73.96885802937882,"The Department of Environment Protection inspected your complaint but could not find the problem you reported. If the condition persists, please call 311 (or 212-639-9675 if calling from a non-New York City area code) with more detailed information to submit a new complaint.",Naturally Receded (Unobserved),0.5166666666666667
67619240,2026-01-26 17:23:00,2026-01-26 18:25:00,Sewer,Street Flooding (SJ),237 94 STREET,94 STREET,RIDGE BLVD,3 AVE,BROOKLYN,11209,40.61831468410826,-74.0348028978477,"The Department of Environment Protection inspected your complaint but could not find the problem you reported. If the condition persists, please call 311 (or 212-639-9675 if calling from a non-New York City area code) with more detailed information to submit a new complaint.",Naturally Receded (Unobserved),1.0333333333333334
67580753,2026-01-23 08:35:00,2026-01-23 11:45:00,Sewer,Street Flooding (SJ),60-38 68 ROAD,68 ROAD,60 ST,60 LN,QUEENS,11385,40.70385191932708,-73.89849412707923,"The Department of Environment Protection inspected your complaint but could not find the problem you reported. If the condition persists, please call 311 (or 212-639-9675 if calling from a non-New York City area code) with more detailed information to submit a new complaint.",Naturally Receded (Unobserved),3.1666666666666665
67551774,2026-01-20 04:02:00,2026-01-20 08:35:00,Sewer,Street Flooding (SJ),,,,,QUEENS,11355,40.75372168208527,-73.83282153934903,"The Department of Environment Protection inspected your complaint but could not find the problem you reported. If the condition persists, please call 311 (or 212-639-9675 if calling from a non-New York City area code) with more detailed information to submit a new complaint.",Naturally Receded (Unobserved),4.55
67542318,2026-01-19 11:47:00,2026-01-19 20:10:00,Sewer,Street Flooding (SJ),236-02 148 DRIVE,148 DRIVE,236 ST,BROOKVILLE BLVD,QUEENS,11422,40.65334819000608,-73.74713710047753,"The Department of Environment Protection inspected your complaint but could not find the problem you reported. If the condition persists, please call 311 (or 212-639-9675 if calling from a non-New York City area code) with more detailed information to submit a new complaint.",Naturally Receded (Unobserved),8.383333333333333
67527339,2026-01-18 10:32:00,2026-01-18 11:15:00,Sewer,Street Flooding (SJ),25 WATER STREET,WATER STREET,BROAD ST,COENTIES SLIP,MANHATTAN,10004,40.70302604076353,-74.01120214844252,"The Department of Environment Protection inspected your complaint but could not find the problem you reported. If the condition persists, please call 311 (or 212-639-9675 if calling from a non-New York City area code) with more detailed information to submit a new complaint.",Naturally Receded (Unobserved),0.7166666666666667
67497783,2026-01-15 13:53:00,2026-01-15 17:15:00,Sewer,Street Flooding (SJ),761 EAST   78 STREET,EAST   78 STREET,GLENWOOD RD,FLATLANDS AVE,BROOKLYN,11236,40.63481494686625,-73.91504291557891,"The Department of Environment Protection inspected your complaint but could not find the problem you reported. If the condition persists, please call 311 (or 212-639-9675 if calling from a non-New York City area code) with more detailed information to submit a new complaint.",Naturally Receded (Unobserved),3.3666666666666667
67505621,2026-01-15 11:17:00,2026-01-15 13:35:00,Sewer,Street Flooding (SJ),149-14 20 AVENUE,20 AVENUE,149 ST,150 ST,QUEENS,11357,40.78144585150366,-73.81626469640993,"The Department of Environment Protection inspected your complaint but could not find the problem you reported. If the condition persists, please call 311 (or 212-639-9675 if calling from a non-New York City area code) with more detailed information to submit a new complaint.",Naturally Receded (Unobserved),2.3
67487277,2026-01-14 11:32:00,2026-01-14 13:20:00,Sewer,Street Flooding (SJ),44-00 9 STREET,9 STREET,44 AVE,44 RD,QUEENS,11101,40.75034423818158,-73.95156122634465,"The Department of Environment Protection inspected your complaint but could not find the problem you reported. If the condition persists, please call 311 (or 212-639-9675 if calling from a non-New York City area code) with more detailed information to submit a new complaint.",Naturally Receded (Unobserved),1.8
67458414,2026-01-11 15:23:00,2026-01-11 17:20:00,Sewer,Street Flooding (SJ),41-71 DENMAN STREET,DENMAN STREET,LAMONT AVE,94 ST,QUEENS,11373,40.745648052456495,-73.87257248986315,"The Department of Environment Protection inspected your complaint but could not find the problem you reported. If the condition persists, please call 311 (or 212-639-9675 if calling from a non-New York City area code) with more detailed information to submit a new complaint.",Naturally Receded (Unobserved),1.95
67457362,2026-01-11 15:14:00,2026-01-11 17:50:00,Sewer,Street Flooding (SJ),25-16 84 STREET,84 STREET,25 AVE,30 AVE,QUEENS,11370,40.76296660068274,-73.884830946076,"The Department of Environment Protection inspected your complaint but could not find the problem you reported. If the condition persists, please call 311 (or 212-639-9675 if calling from a non-New York City area code) with more detailed information to submit a new complaint.",Naturally Receded (Unobserved),2.6
67444007,2026-01-09 18:26:00,2026-01-09 20:45:00,Sewer,Street Flooding (SJ),15 WEST   67 STREET,WEST   67 STREET,CENTRAL PARK W,COLUMBUS AVE,MANHATTAN,10023,40.773336984564544,-73.97898733425865,"The Department of Environment Protection inspected your complaint but could not find the problem you reported. If the condition persists, please call 311 (or 212-639-9675 if calling from a non-New York City area code) with more detailed information to submit a new complaint.",Naturally Receded (Unobserved),2.316666666666667
67428721,2026-01-08 09:20:00,2026-01-08 10:20:00,Sewer,Street Flooding (SJ),23-11 44 DRIVE,44 DRIVE,23 ST,HUNTER ST,QUEENS,11101,40.747590878590024,-73.94463389268174,"The Department of Environment Protection inspected your complaint but could not find the problem you reported. If the condition persists, please call 311 (or 212-639-9675 if calling from a non-New York City area code) with more detailed information to submit a new complaint.",Naturally Receded (Unobserved),1.0
67420363,2026-01-07 09:08:00,2026-01-07 11:30:00,Sewer,Street Flooding (SJ),974 BROOKLYN AVENUE,BROOKLYN AVENUE,CHURCH AVE,SNYDER AVE,BROOKLYN,11203,40.649991997074395,-73.94369142083762,"The Department of Environment Protection inspected your complaint but could not find the problem you reported. If the condition persists, please call 311 (or 212-639-9675 if calling from a non-New York City area code) with more detailed information to submit a new complaint.",Naturally Receded (Unobserved),2.3666666666666667
67409570,2026-01-06 18:11:00,2026-01-06 20:30:00,Sewer,Street Flooding (SJ),272 EAST    7 STREET,EAST    7 STREET,AVENUE C,AVENUE D,MANHATTAN,10009,40.723489325212356,-73.97747698420085,"The Department of Environment Protection inspected your complaint but could not find the problem you reported. If the condition persists, please call 311 (or 212-639-9675 if calling from a non-New York City area code) with more detailed information to submit a new complaint.",Naturally Receded (Unobserved),2.316666666666667
67363072,2026-01-02 09:35:00,2026-01-02 11:40:00,Sewer,Street Flooding (SJ),31-00 47 AVENUE,47 AVENUE,31 ST,31 PL,QUEENS,11101,40.74306011758023,-73.93565178631272,"The Department of Environment Protection inspected your complaint but could not find the problem you reported. If the condition persists, please call 311 (or 212-639-9675 if calling from a non-New York City area code) with more detailed information to submit a new complaint.",Naturally Receded (Unobserved),2.0833333333333335
67361707,2026-01-02 09:29:00,2026-01-02 11:10:00,Sewer,Street Flooding (SJ),42-22 22 STREET,22 STREET,QUEENS PLZA S,ED KOCH BR UPPER ROADWAY ET RAMP,QUEENS,11101,40.75105426666151,-73.94363487037934,"The Department of Environment Protection inspected your complaint but could not find the problem you reported. If the condition persists, please call 311 (or 212-639-9675 if calling from a non-New York City area code) with more detailed information to submit a new complaint.",Naturally Receded (Unobserved),1.6833333333333333
67344185,2025-12-31 00:53:00,2025-12-31 08:55:00,Sewer,Street Flooding (SJ),66 WYCKOFF AVENUE,WYCKOFF AVENUE,WILLOUGHBY AVE,SUYDAM ST,BROOKLYN,11237,40.705277490863566,-73.92079603316094,"The Department of Environment Protection inspected your complaint but could not find the problem you reported. If the condition persists, please call 311 (or 212-639-9675 if calling from a non-New York City area code) with more detailed information to submit a new complaint.",Naturally Receded (Unobserved),8.033333333333333
67341526,2025-12-30 23:17:00,2025-12-31 09:15:00,Sewer,Street Flooding (SJ),164-12 75 AVENUE,75 AVENUE,164 ST,166 ST,QUEENS,11366,40.72715190816726,-73.80459120589467,"The Department of Environment Protection inspected your complaint but could not find the problem you reported. If the condition persists, please call 311 (or 212-639-9675 if calling from a non-New York City area code) with more detailed information to submit a new complaint.",Naturally Receded (Unobserved),9.966666666666667
67338776,2025-12-30 08:29:00,2025-12-30 09:45:00,Sewer,Street Flooding (SJ),365 MASPETH AVENUE,MASPETH AVENUE,VANDERVOORT AVE,DEAD END,BROOKLYN,11211,40.71886635229123,-73.92847823444882,"The Department of Environment Protection inspected your complaint but could not find the problem you reported. If the condition persists, please call 311 (or 212-639-9675 if calling from a non-New York City area code) with more detailed information to submit a new complaint.",Naturally Receded (Unobserved),1.2666666666666666
67340142,2025-12-30 08:23:00,2025-12-30 11:00:00,Sewer,Street Flooding (SJ),164-12 76 AVENUE,76 AVENUE,164 ST,166 ST,QUEENS,11366,40.725798323733564,-73.80434623278126,"The Department of Environment Protection inspected your complaint but could not find the problem you reported. If the condition persists, please call 311 (or 212-639-9675 if calling from a non-New York City area code) with more detailed information to submit a new complaint.",Naturally Receded (Unobserved),2.6166666666666667
67324530,2025-12-29 22:44:00,2025-12-30 10:20:00,Sewer,Street Flooding (SJ),184-27 MIDLAND PARKWAY,MIDLAND PARKWAY,KENT ST,CHEVY CHASE ST,QUEENS,11432,40.72348349529926,-73.7823819355007,"The Department of Environment Protection inspected your complaint but could not find the problem you reported. If the condition persists, please call 311 (or 212-639-9675 if calling from a non-New York City area code) with more detailed information to submit a new complaint.",Naturally Receded (Unobserved),11.6
67330941,2025-12-29 11:44:00,2025-12-29 13:45:00,Sewer,Street Flooding (SJ),164-12 76 AVENUE,76 AVENUE,164 ST,166 ST,QUEENS,11366,40.725798323733564,-73.80434623278126,"The Department of Environment Protection inspected your complaint but could not find the problem you reported. If the condition persists, please call 311 (or 212-639-9675 if calling from a non-New York City area code) with more detailed information to submit a new complaint.",Naturally Receded (Unobserved),2.0166666666666666
67306529,2025-12-27 22:59:00,2025-12-28 00:45:00,Sewer,Street Flooding (SJ),320 COLUMBUS AVENUE,COLUMBUS AVENUE,W 75 ST,W 76 ST,MANHATTAN,10023,40.779462918935025,-73.97730639963892,"The Department of Environment Protection inspected your complaint but could not find the problem you reported. If the condition persists, please call 311 (or 212-639-9675 if calling from a non-New York City area code) with more detailed information to submit a new complaint.",Naturally Receded (Unobserved),1.7666666666666666
67302151,2025-12-26 15:59:00,2025-12-26 20:10:00,Sewer,Street Flooding (SJ),2575 CONEY ISLAND AVENUE,CONEY ISLAND AVENUE,GRAVESEND NECK RD,AVENUE W,BROOKLYN,11223,40.594010863401955,-73.9608528885847,"The Department of Environment Protection inspected your complaint but could not find the problem you reported. If the condition persists, please call 311 (or 212-639-9675 if calling from a non-New York City area code) with more detailed information to submit a new complaint.",Naturally Receded (Unobserved),4.183333333333334
67301034,2025-12-26 10:47:00,2025-12-26 12:35:00,Sewer,Street Flooding (SJ),366 VAN SICKLEN STREET,VAN SICKLEN STREET,GRAVESEND NECK RD,CORSO CT,BROOKLYN,11223,40.59520336832179,-73.97526976108931,"The Department of Environment Protection inspected your complaint but could not find the problem you reported. If the condition persists, please call 311 (or 212-639-9675 if calling from a non-New York City area code) with more detailed information to submit a new complaint.",Naturally Receded (Unobserved),1.8
67288641,2025-12-24 13:50:00,2025-12-24 14:20:00,Sewer,Street Flooding (SJ),1220 EAST  233 STREET,EAST  233 STREET,EDSON AVE,BAYCHESTER AVE,BRONX,10466,40.88850337799015,-73.8421282886058,"The Department of Environment Protection inspected your complaint but could not find the problem you reported. If the condition persists, please call 311 (or 212-639-9675 if calling from a non-New York City area code) with more detailed information to submit a new complaint.",Naturally Receded (Unobserved),0.5
67254505,2025-12-20 12:14:00,2025-12-20 13:50:00,Sewer,Street Flooding (SJ),,,,,MANHATTAN,10019,40.76567588066998,-73.97623531488374,"The Department of Environment Protection inspected your complaint but could not find the problem you reported. If the condition persists, please call 311 (or 212-639-9675 if calling from a non-New York City area code) with more detailed information to submit a new complaint.",Naturally Receded (Unobserved),1.6
67237410,2025-12-19 14:38:00,2025-12-19 16:00:00,Sewer,Street Flooding (SJ),164-21 104 ROAD,104 ROAD,164 ST,164 PL,QUEENS,11433,40.69991880503954,-73.79232973221544,"The Department of Environment Protection inspected your complaint but could not find the problem you reported. If the condition persists, please call 311 (or 212-639-9675 if calling from a non-New York City area code) with more detailed information to submit a new complaint.",Naturally Receded (Unobserved),1.3666666666666667
67242504,2025-12-19 14:08:00,2025-12-19 16:25:00,Sewer,Street Flooding (SJ),140-64 160 STREET,160 STREET,140 AVE,BELT PARKWAY EXIT 21 A  WB,QUEENS,11434,40.66957370319424,-73.77542389348991,"The Department of Environment Protection inspected your complaint but could not find the problem you reported. If the condition persists, please call 311 (or 212-639-9675 if calling from a non-New York City area code) with more detailed information to submit a new complaint.",Naturally Receded (Unobserved),2.283333333333333
67243804,2025-12-19 13:02:00,2025-12-19 16:55:00,Sewer,Street Flooding (SJ),,,,,QUEENS,11693,40.59888140406544,-73.82068496556792,"The Department of Environment Protection inspected your complaint but could not find the problem you reported. If the condition persists, please call 311 (or 212-639-9675 if calling from a non-New York City area code) with more detailed information to submit a new complaint.",Naturally Receded (Unobserved),3.8833333333333333
67237405,2025-12-19 12:38:00,2025-12-19 13:50:00,Sewer,Street Flooding (SJ),169-26 22 AVENUE,22 AVENUE,169 ST,UTOPIA PKWY,QUEENS,11357,40.77695942382021,-73.79425223868556,"The Department of Environment Protection inspected your complaint but could not find the problem you reported. If the condition persists, please call 311 (or 212-639-9675 if calling from a non-New York City area code) with more detailed information to submit a new complaint.",Naturally Receded (Unobserved),1.2
67236068,2025-12-19 12:20:00,2025-12-19 17:45:00,Sewer,Street Flooding (SJ),,,,,QUEENS,11691,40.59305677916068,-73.77531756372764,"The Department of Environment Protection inspected your complaint but could not find the problem you reported. If the condition persists, please call 311 (or 212-639-9675 if calling from a non-New York City area code) with more detailed information to submit a new complaint.",Naturally Receded (Unobserved),5.416666666666667
67241187,2025-12-19 12:17:00,2025-12-19 18:05:00,Sewer,Street Flooding (SJ),553 BEACH   64 STREET,BEACH   64 STREET,THURSBY AVE,ALMEDA AVE,QUEENS,11692,40.59618170337654,-73.79358859220883,"The Department of Environment Protection inspected your complaint but could not find the problem you reported. If the condition persists, please call 311 (or 212-639-9675 if calling from a non-New York City area code) with more detailed information to submit a new complaint.",Naturally Receded (Unobserved),5.8
67236070,2025-12-19 10:56:00,2025-12-19 17:10:00,Sewer,Street Flooding (SJ),16-06 CHURCH ROAD,CHURCH ROAD,E 16 RD,E 18 RD,QUEENS,11693,40.60117947536517,-73.81936078312697,"The Department of Environment Protection inspected your complaint but could not find the problem you reported. If the condition persists, please call 311 (or 212-639-9675 if calling from a non-New York City area code) with more detailed information to submit a new complaint.",Naturally Receded (Unobserved),6.233333333333333
67245151,2025-12-19 10:38:00,2025-12-19 13:00:00,Sewer,Street Flooding (SJ),93-11 197 STREET,197 STREET,HIAWATHA AVE,CARPENTER AVE,QUEENS,11423,40.7123474148414,-73.7626548154109,"The Department of Environment Protection inspected your complaint but could not find the problem you reported. If the condition persists, please call 311 (or 212-639-9675 if calling from a non-New York City area code) with more detailed information to submit a new complaint.",Naturally Receded (Unobserved),2.3666666666666667
67237398,2025-12-19 10:14:00,2025-12-19 12:25:00,Sewer,Street Flooding (SJ),114-77 175 PLACE,175 PLACE,LINDEN BLVD,115 AVE,QUEENS,11434,40.69186970172457,-73.7740902941847,"The Department of Environment Protection inspected your complaint but could not find the problem you reported. If the condition persists, please call 311 (or 212-639-9675 if calling from a non-New York City area code) with more detailed information to submit a new complaint.",Naturally Receded (Unobserved),2.183333333333333
67245158,2025-12-19 10:02:00,2025-12-19 10:45:00,Sewer,Street Flooding (SJ),203 BRIGHTON BEACH AVENUE,BRIGHTON BEACH AVENUE,BRIGHTON 1 ST,BRIGHTON 1 RD,BROOKLYN,11235,40.576429596332865,-73.96700441783993,"The Department of Environment Protection inspected your complaint but could not find the problem you reported. If the condition persists, please call 311 (or 212-639-9675 if calling from a non-New York City area code) with more detailed information to submit a new complaint.",Naturally Receded (Unobserved),0.7166666666666667
67239926,2025-12-19 09:32:00,2025-12-19 12:45:00,Sewer,Street Flooding (SJ),,,,,QUEENS,11104,40.74017566205611,-73.9269180842538,"The Department of Environment Protection inspected your complaint but could not find the problem you reported. If the condition persists, please call 311 (or 212-639-9675 if calling from a non-New York City area code) with more detailed information to submit a new complaint.",Naturally Receded (Unobserved),3.216666666666667
67237414,2025-12-19 09:29:00,2025-12-19 10:20:00,Sewer,Street Flooding (SJ),133-40 EMERALD STREET,EMERALD STREET,133 AVE,????????????????????????????????,QUEENS,11414,40.67226274607396,-73.85970601659355,"The Department of Environment Protection inspected your complaint but could not find the problem you reported. If the condition persists, please call 311 (or 212-639-9675 if calling from a non-New York City area code) with more detailed information to submit a new complaint.",Naturally Receded (Unobserved),0.85
67241189,2025-12-19 09:29:00,2025-12-19 13:30:00,Sewer,Street Flooding (SJ),133-40 ROOSEVELT AVENUE,ROOSEVELT AVENUE,,,QUEENS,11354,40.75863478281421,-73.83282003701893,"The Department of Environment Protection inspected your complaint but could not find the problem you reported. If the condition persists, please call 311 (or 212-639-9675 if calling from a non-New York City area code) with more detailed information to submit a new complaint.",Naturally Receded (Unobserved),4.016666666666667
67237416,2025-12-19 09:20:00,2025-12-19 10:20:00,Sewer,Street Flooding (SJ),,,,,BROOKLYN,11224,40.57724405166864,-74.000032398413,"The Department of Environment Protection inspected your complaint but could not find the problem you reported. If the condition persists, please call 311 (or 212-639-9675 if calling from a non-New York City area code) with more detailed information to submit a new complaint.",Naturally Receded (Unobserved),1.0
67241190,2025-12-19 09:17:00,2025-12-19 11:50:00,Sewer,Street Flooding (SJ),82-60 172 STREET,172 STREET,GRAND CENTRAL PARKWAY SR S,83 AVE,QUEENS,11432,40.71818786293305,-73.79378072083627,"The Department of Environment Protection inspected your complaint but could not find the problem you reported. If the condition persists, please call 311 (or 212-639-9675 if calling from a non-New York City area code) with more detailed information to submit a new complaint.",Naturally Receded (Unobserved),2.55
67243809,2025-12-19 09:11:00,2025-12-19 10:15:00,Sewer,Street Flooding (SJ),184-27 MIDLAND PARKWAY,MIDLAND PARKWAY,KENT ST,CHEVY CHASE ST,QUEENS,11432,40.72348349529926,-73.7823819355007,"The Department of Environment Protection inspected your complaint but could not find the problem you reported. If the condition persists, please call 311 (or 212-639-9675 if calling from a non-New York City area code) with more detailed information to submit a new complaint.",Naturally Receded (Unobserved),1.0666666666666667
67236021,2025-12-19 09:08:00,2025-12-19 10:40:00,Sewer,Street Flooding (SJ),,,,,STATEN ISLAND,10312,40.55408631321056,-74.19275068068863,"The Department of Environment Protection inspected your complaint but could not find the problem you reported. If the condition persists, please call 311 (or 212-639-9675 if calling from a non-New York City area code) with more detailed information to submit a new complaint.",Naturally Receded (Unobserved),1.5333333333333334
67243800,2025-12-19 09:02:00,2025-12-19 11:05:00,Sewer,Street Flooding (SJ),140-04 CRONSTON AVENUE,CRONSTON AVENUE,BEACH 140 ST,BEACH 141 ST,QUEENS,11694,40.57661726577979,-73.85938134731268,"The Department of Environment Protection inspected your complaint but could not find the problem you reported. If the condition persists, please call 311 (or 212-639-9675 if calling from a non-New York City area code) with more detailed information to submit a new complaint.",Naturally Receded (Unobserved),2.05
67242510,2025-12-19 08:50:00,2025-12-19 14:20:00,Sewer,Street Flooding (SJ),176 HART BOULEVARD,HART BOULEVARD,FOREST AVE,REVERE ST,STATEN ISLAND,10301,40.63089660966597,-74.10046180469476,"The Department of Environment Protection inspected your complaint but could not find the problem you reported. If the condition persists, please call 311 (or 212-639-9675 if calling from a non-New York City area code) with more detailed information to submit a new complaint.",Naturally Receded (Unobserved),5.5
67237418,2025-12-19 08:47:00,2025-12-19 10:45:00,Sewer,Street Flooding (SJ),40-31 201 STREET,201 STREET,DEAD END,42 AVE,QUEENS,11361,40.761083930687526,-73.78382933608876,"The Department of Environment Protection inspected your complaint but could not find the problem you reported. If the condition persists, please call 311 (or 212-639-9675 if calling from a non-New York City area code) with more detailed information to submit a new complaint.",Naturally Receded (Unobserved),1.9666666666666666
67239925,2025-12-19 08:41:00,2025-12-19 09:45:00,Sewer,Street Flooding (SJ),,,,,BROOKLYN,11237,40.69919938345269,-73.92308250532217,"The Department of Environment Protection inspected your complaint but could not find the problem you reported. If the condition persists, please call 311 (or 212-639-9675 if calling from a non-New York City area code) with more detailed information to submit a new complaint.",Naturally Receded (Unobserved),1.0666666666666667
67238683,2025-12-19 08:35:00,2025-12-19 12:30:00,Sewer,Street Flooding (SJ),3401 HYLAN BOULEVARD,HYLAN BOULEVARD,OVIS PL,JUSTIN AVE,STATEN ISLAND,10306,40.553906881017646,-74.13119657974774,"The Department of Environment Protection inspected your complaint but could not find the problem you reported. If the condition persists, please call 311 (or 212-639-9675 if calling from a non-New York City area code) with more detailed information to submit a new complaint.",Naturally Receded (Unobserved),3.9166666666666665
67237402,2025-12-19 08:26:00,2025-12-19 10:15:00,Sewer,Street Flooding (SJ),489 LEXINGTON AVENUE,LEXINGTON AVENUE,TOMPKINS AVE,THROOP AVE,BROOKLYN,11221,40.68863522112258,-73.9426888174132,"The Department of Environment Protection inspected your complaint but could not find the problem you reported. If the condition persists, please call 311 (or 212-639-9675 if calling from a non-New York City area code) with more detailed information to submit a new complaint.",Naturally Receded (Unobserved),1.8166666666666667
67243812,2025-12-19 08:17:00,2025-12-19 11:50:00,Sewer,Street Flooding (SJ),130-02 115 AVENUE,115 AVENUE,130 ST,131 ST,QUEENS,11420,40.679559377320665,-73.81060017962726,"The Department of Environment Protection inspected your complaint but could not find the problem you reported. If the condition persists, please call 311 (or 212-639-9675 if calling from a non-New York City area code) with more detailed information to submit a new complaint.",Naturally Receded (Unobserved),3.55
67237419,2025-12-19 07:47:00,2025-12-19 13:50:00,Sewer,Street Flooding (SJ),90-88 180 STREET,180 STREET,90 AVE,JAMAICA AVE,QUEENS,11432,40.70902660686673,-73.78083485994318,"The Department of Environment Protection inspected your complaint but could not find the problem you reported. If the condition persists, please call 311 (or 212-639-9675 if calling from a non-New York City area code) with more detailed information to submit a new complaint.",Naturally Receded (Unobserved),6.05
67225953,2025-12-18 19:41:00,2025-12-18 20:40:00,Sewer,Street Flooding (SJ),3250 GRISWOLD AVENUE,GRISWOLD AVENUE,RESEARCH AVE,LIBRARY AVE,BRONX,10465,40.84449697190316,-73.81926389760316,"The Department of Environment Protection inspected your complaint but could not find the problem you reported. If the condition persists, please call 311 (or 212-639-9675 if calling from a non-New York City area code) with more detailed information to submit a new complaint.",Naturally Receded (Unobserved),0.9833333333333333
67229735,2025-12-18 09:35:00,2025-12-18 10:45:00,Sewer,Street Flooding (SJ),,,,,QUEENS,11367,40.72128287348068,-73.81409643431537,"The Department of Environment Protection inspected your complaint but could not find the problem you reported. If the condition persists, please call 311 (or 212-639-9675 if calling from a non-New York City area code) with more detailed information to submit a new complaint.",Naturally Receded (Unobserved),1.1666666666666667
67148990,2025-12-12 22:05:00,2025-12-13 09:25:00,Sewer,Street Flooding (SJ),,,,,STATEN ISLAND,10314,40.60350738539052,-74.1343370982284,"The Department of Environment Protection inspected your complaint but could not find the problem you reported. If the condition persists, please call 311 (or 212-639-9675 if calling from a non-New York City area code) with more detailed information to submit a new complaint.",Naturally Receded (Unobserved),11.333333333333334
67160051,2025-12-12 10:44:00,2025-12-12 14:10:00,Sewer,Street Flooding (SJ),303 9 AVENUE,9 AVENUE,W 26 ST,W 28 ST,MANHATTAN,10001,40.74935533258307,-73.99925652047231,"The Department of Environment Protection inspected your complaint but could not find the problem you reported. If the condition persists, please call 311 (or 212-639-9675 if calling from a non-New York City area code) with more detailed information to submit a new complaint.",Naturally Receded (Unobserved),3.433333333333333
67142903,2025-12-11 12:38:00,2025-12-11 14:35:00,Sewer,Street Flooding (SJ),2027 PEARSON STREET,PEARSON STREET,AVENUE T,AVENUE U,BROOKLYN,11234,40.613669525607946,-73.91948922265912,"The Department of Environment Protection inspected your complaint but could not find the problem you reported. If the condition persists, please call 311 (or 212-639-9675 if calling from a non-New York City area code) with more detailed information to submit a new complaint.",Naturally Receded (Unobserved),1.95
67136803,2025-12-11 06:23:00,2025-12-11 09:10:00,Sewer,Street Flooding (SJ),45 OCEANIC AVENUE,OCEANIC AVENUE,HYLAN BLVD,TENNYSON DR,STATEN ISLAND,10312,40.533860008154335,-74.15240761107134,"The Department of Environment Protection inspected your complaint but could not find the problem you reported. If the condition persists, please call 311 (or 212-639-9675 if calling from a non-New York City area code) with more detailed information to submit a new complaint.",Naturally Receded (Unobserved),2.783333333333333
67128631,2025-12-10 10:32:00,2025-12-10 14:40:00,Sewer,Street Flooding (SJ),,,,,QUEENS,11421,40.685485235994726,-73.85819987221812,"The Department of Environment Protection inspected your complaint but could not find the problem you reported. If the condition persists, please call 311 (or 212-639-9675 if calling from a non-New York City area code) with more detailed information to submit a new complaint.",Naturally Receded (Unobserved),4.133333333333334
67116494,2025-12-09 16:14:00,2025-12-09 20:40:00,Sewer,Street Flooding (SJ),1777 52 STREET,52 STREET,OLD NEW UTRECHT RD,18 AVE,BROOKLYN,11204,40.62678362862994,-73.98298181036452,"The Department of Environment Protection inspected your complaint but could not find the problem you reported. If the condition persists, please call 311 (or 212-639-9675 if calling from a non-New York City area code) with more detailed information to submit a new complaint.",Naturally Receded (Unobserved),4.433333333333334
67104254,2025-12-08 11:47:00,2025-12-08 16:40:00,Sewer,Street Flooding (SJ),165-08 LIBERTY AVENUE,LIBERTY AVENUE,165 ST,SOUTH RD,QUEENS,11433,40.70218300927607,-73.79220005523462,"The Department of Environment Protection inspected your complaint but could not find the problem you reported. If the condition persists, please call 311 (or 212-639-9675 if calling from a non-New York City area code) with more detailed information to submit a new complaint.",Naturally Receded (Unobserved),4.883333333333334
67095835,2025-12-08 09:05:00,2025-12-08 11:05:00,Sewer,Street Flooding (SJ),60-78 69 PLACE,69 PLACE,60 DR,ELIOT AVE,QUEENS,11378,40.72048281517262,-73.88993691109188,"The Department of Environment Protection inspected your complaint but could not find the problem you reported. If the condition persists, please call 311 (or 212-639-9675 if calling from a non-New York City area code) with more detailed information to submit a new complaint.",Naturally Receded (Unobserved),2.0
67052787,2025-12-04 23:53:00,2025-12-05 09:00:00,Sewer,Street Flooding (SJ),34-98 UNION STREET,UNION STREET,34 RD,35 AVE,QUEENS,11354,40.765475609572206,-73.8278499396953,"The Department of Environment Protection inspected your complaint but could not find the problem you reported. If the condition persists, please call 311 (or 212-639-9675 if calling from a non-New York City area code) with more detailed information to submit a new complaint.",Naturally Receded (Unobserved),9.116666666666667
67054510,2025-12-04 21:50:00,2025-12-04 22:45:00,Sewer,Street Flooding (SJ),720 LENOX AVENUE,LENOX AVENUE,W 146 ST,W 147 ST,MANHATTAN,10039,40.821197243330026,-73.93566294199654,"The Department of Environment Protection inspected your complaint but could not find the problem you reported. If the condition persists, please call 311 (or 212-639-9675 if calling from a non-New York City area code) with more detailed information to submit a new complaint.",Naturally Receded (Unobserved),0.9166666666666666
67034501,2025-12-03 10:17:00,2025-12-03 13:15:00,Sewer,Street Flooding (SJ),61-14 69 PLACE,69 PLACE,ELIOT AVE,61 RD,QUEENS,11379,40.71978512141649,-73.88938971940024,"The Department of Environment Protection inspected your complaint but could not find the problem you reported. If the condition persists, please call 311 (or 212-639-9675 if calling from a non-New York City area code) with more detailed information to submit a new complaint.",Naturally Receded (Unobserved),2.966666666666667
67036065,2025-12-03 09:41:00,2025-12-03 13:25:00,Sewer,Street Flooding (SJ),86-14 KINGSTON PLACE,KINGSTON PLACE,HENLEY RD,HIGHLAND AVE,QUEENS,11432,40.71359498031401,-73.79176407838115,"The Department of Environment Protection inspected your complaint but could not find the problem you reported. If the condition persists, please call 311 (or 212-639-9675 if calling from a non-New York City area code) with more detailed information to submit a new complaint.",Naturally Receded (Unobserved),3.7333333333333334
67039527,2025-12-03 07:50:00,2025-12-03 13:40:00,Sewer,Street Flooding (SJ),,,,,QUEENS,11385,40.69511664556036,-73.90321711048776,"The Department of Environment Protection inspected your complaint but could not find the problem you reported. If the condition persists, please call 311 (or 212-639-9675 if calling from a non-New York City area code) with more detailed information to submit a new complaint.",Naturally Receded (Unobserved),5.833333333333333
67029682,2025-12-02 19:56:00,2025-12-02 22:15:00,Sewer,Street Flooding (SJ),226A REYNOLDS AVENUE,REYNOLDS AVENUE,THROGS NECK EXPY,WISSMAN AVE,BRONX,10465,40.81955470803583,-73.80843862706882,"The Department of Environment Protection inspected your complaint but could not find the problem you reported. If the condition persists, please call 311 (or 212-639-9675 if calling from a non-New York City area code) with more detailed information to submit a new complaint.",Naturally Receded (Unobserved),2.316666666666667
67021471,2025-12-02 18:47:00,2025-12-02 21:50:00,Sewer,Street Flooding (SJ),77-47 79 STREET,79 STREET,77 AVE,78 AVE,QUEENS,11385,40.70569185928615,-73.87192030198355,"The Department of Environment Protection inspected your complaint but could not find the problem you reported. If the condition persists, please call 311 (or 212-639-9675 if calling from a non-New York City area code) with more detailed information to submit a new complaint.",Naturally Receded (Unobserved),3.05
67026438,2025-12-02 17:53:00,2025-12-02 21:25:00,Sewer,Street Flooding (SJ),159-38 95 STREET,95 STREET,159 AVE,160 AVE,QUEENS,11414,40.65874334467466,-73.83780272775437,"The Department of Environment Protection inspected your complaint but could not find the problem you reported. If the condition persists, please call 311 (or 212-639-9675 if calling from a non-New York City area code) with more detailed information to submit a new complaint.",Naturally Receded (Unobserved),3.533333333333333
67021473,2025-12-02 16:38:00,2025-12-02 21:40:00,Sewer,Street Flooding (SJ),556 WORTMAN AVENUE,WORTMAN AVENUE,BERRIMAN ST,ATKINS AVE,BROOKLYN,11208,40.66187599104657,-73.87347141990439,"The Department of Environment Protection inspected your complaint but could not find the problem you reported. If the condition persists, please call 311 (or 212-639-9675 if calling from a non-New York City area code) with more detailed information to submit a new complaint.",Naturally Receded (Unobserved),5.033333333333333
67019870,2025-12-02 16:23:00,2025-12-02 19:40:00,Sewer,Street Flooding (SJ),324 BEACH  101 STREET,BEACH  101 STREET,CONSTANCE CT,BEACH CHANNEL DR,QUEENS,11694,40.58544353284849,-73.82290281229301,"The Department of Environment Protection inspected your complaint but could not find the problem you reported. If the condition persists, please call 311 (or 212-639-9675 if calling from a non-New York City area code) with more detailed information to submit a new complaint.",Naturally Receded (Unobserved),3.283333333333333
67024792,2025-12-02 16:02:00,2025-12-02 18:50:00,Sewer,Street Flooding (SJ),172-44 HIGHLAND AVENUE,HIGHLAND AVENUE,KINGSTON PL,AVA PL,QUEENS,11432,40.71339069124214,-73.7896076188776,"The Department of Environment Protection inspected your complaint but could not find the problem you reported. If the condition persists, please call 311 (or 212-639-9675 if calling from a non-New York City area code) with more detailed information to submit a new complaint.",Naturally Receded (Unobserved),2.8
67026439,2025-12-02 15:59:00,2025-12-02 18:10:00,Sewer,Street Flooding (SJ),METROPOLITAN AVENUE,METROPOLITAN AVENUE,80 STREET,COOPER AVENUE,QUEENS,11379,,,"The Department of Environment Protection inspected your complaint but could not find the problem you reported. If the condition persists, please call 311 (or 212-639-9675 if calling from a non-New York City area code) with more detailed information to submit a new complaint.",Naturally Receded (Unobserved),2.183333333333333
67029685,2025-12-02 15:32:00,2025-12-02 19:20:00,Sewer,Street Flooding (SJ),233 STREET,233 STREET,HILLSIDE AVENUE,WINCHESTER BOULEVARD,QUEENS,11427,,,"The Department of Environment Protection inspected your complaint but could not find the problem you reported. If the condition persists, please call 311 (or 212-639-9675 if calling from a non-New York City area code) with more detailed information to submit a new complaint.",Naturally Receded (Unobserved),3.8
67019872,2025-12-02 15:11:00,2025-12-02 22:22:00,Sewer,Street Flooding (SJ),253-51 ROCKAWAY BOULEVARD,ROCKAWAY BOULEVARD,MEYER AVE,3 ST,QUEENS,11422,40.63587855759823,-73.7401954578059,"The Department of Environment Protection inspected your complaint but could not find the problem you reported. If the condition persists, please call 311 (or 212-639-9675 if calling from a non-New York City area code) with more detailed information to submit a new complaint.",Naturally Receded (Unobserved),7.183333333333334
67019873,2025-12-02 14:08:00,2025-12-03 01:40:00,Sewer,Street Flooding (SJ),140-64 160 STREET,160 STREET,140 AVE,BELT PARKWAY EXIT 21 A  WB,QUEENS,11434,40.66957370319424,-73.77542389348991,"The Department of Environment Protection inspected your complaint but could not find the problem you reported. If the condition persists, please call 311 (or 212-639-9675 if calling from a non-New York City area code) with more detailed information to submit a new complaint.",Naturally Receded (Unobserved),11.533333333333333
67019875,2025-12-02 13:38:00,2025-12-02 15:10:00,Sewer,Street Flooding (SJ),,,,,BROOKLYN,11219,40.636495214873584,-73.98700030399515,"The Department of Environment Protection inspected your complaint but could not find the problem you reported. If the condition persists, please call 311 (or 212-639-9675 if calling from a non-New York City area code) with more detailed information to submit a new complaint.",Naturally Receded (Unobserved),1.5333333333333334
67031285,2025-12-02 13:11:00,2025-12-02 14:10:00,Sewer,Street Flooding (SJ),87 REMSEN AVENUE,REMSEN AVENUE,E 51 ST,E 52 ST,BROOKLYN,11212,40.66172110451253,-73.92989835781302,"The Department of Environment Protection inspected your complaint but could not find the problem you reported. If the condition persists, please call 311 (or 212-639-9675 if calling from a non-New York City area code) with more detailed information to submit a new complaint.",Naturally Receded (Unobserved),0.9833333333333333
67023116,2025-12-02 12:26:00,2025-12-02 13:50:00,Sewer,Street Flooding (SJ),,,,,QUEENS,11435,40.705123610697974,-73.81190532098371,"The Department of Environment Protection inspected your complaint but could not find the problem you reported. If the condition persists, please call 311 (or 212-639-9675 if calling from a non-New York City area code) with more detailed information to submit a new complaint.",Naturally Receded (Unobserved),1.4
67026442,2025-12-02 11:47:00,2025-12-02 12:50:00,Sewer,Street Flooding (SJ),35-35 209 STREET,209 STREET,35 AVE,36 AVE,QUEENS,11361,40.7672009420612,-73.77894306358027,"The Department of Environment Protection inspected your complaint but could not find the problem you reported. If the condition persists, please call 311 (or 212-639-9675 if calling from a non-New York City area code) with more detailed information to submit a new complaint.",Naturally Receded (Unobserved),1.05
67021470,2025-12-02 09:23:00,2025-12-02 10:10:00,Sewer,Street Flooding (SJ),210 NORTH   10 STREET,NORTH   10 STREET,DRIGGS AVE,ROEBLING ST,BROOKLYN,11211,40.718363420082945,-73.9541421485158,"The Department of Environment Protection inspected your complaint but could not find the problem you reported. If the condition persists, please call 311 (or 212-639-9675 if calling from a non-New York City area code) with more detailed information to submit a new complaint.",Naturally Receded (Unobserved),0.7833333333333333
67018226,2025-12-01 11:02:00,2025-12-01 12:15:00,Sewer,Street Flooding (SJ),136 SHERMAN AVENUE,SHERMAN AVENUE,DYCKMAN ST,ACADEMY ST,MANHATTAN,10034,40.86424105288289,-73.92423291550989,"The Department of Environment Protection inspected your complaint but could not find the problem you reported. If the condition persists, please call 311 (or 212-639-9675 if calling from a non-New York City area code) with more detailed information to submit a new complaint.",Naturally Receded (Unobserved),1.2166666666666666
66964692,2025-11-26 15:44:00,2025-11-26 19:20:00,Sewer,Street Flooding (SJ),,,,,BROOKLYN,11234,40.62237639232959,-73.91618265286974,"The Department of Environment Protection inspected your complaint but could not find the problem you reported. If the condition persists, please call 311 (or 212-639-9675 if calling from a non-New York City area code) with more detailed information to submit a new complaint.",Naturally Receded (Unobserved),3.6
66950501,2025-11-25 23:35:00,2025-11-26 02:20:00,Sewer,Street Flooding (SJ),,,,,QUEENS,11435,40.705123610697974,-73.81190532098371,"The Department of Environment Protection inspected your complaint but could not find the problem you reported. If the condition persists, please call 311 (or 212-639-9675 if calling from a non-New York City area code) with more detailed information to submit a new complaint.",Naturally Receded (Unobserved),2.75
66951745,2025-11-25 19:59:00,2025-11-25 20:40:00,Sewer,Street Flooding (SJ),,,,,MANHATTAN,10010,40.738830730568644,-73.98314805353145,"The Department of Environment Protection inspected your complaint but could not find the problem you reported. If the condition persists, please call 311 (or 212-639-9675 if calling from a non-New York City area code) with more detailed information to submit a new complaint.",Naturally Receded (Unobserved),0.6833333333333333
66949225,2025-11-25 09:41:00,2025-11-25 12:10:00,Sewer,Street Flooding (SJ),166-07 26 AVENUE,26 AVENUE,166 ST,168 ST,QUEENS,11358,40.7730193223429,-73.79812033646527,"The Department of Environment Protection inspected your complaint but could not find the problem you reported. If the condition persists, please call 311 (or 212-639-9675 if calling from a non-New York City area code) with more detailed information to submit a new complaint.",Naturally Receded (Unobserved),2.4833333333333334
66921991,2025-11-22 09:47:00,2025-11-22 12:40:00,Sewer,Street Flooding (SJ),,,,,QUEENS,11379,40.72015592668295,-73.88966327746176,"The Department of Environment Protection inspected your complaint but could not find the problem you reported. If the condition persists, please call 311 (or 212-639-9675 if calling from a non-New York City area code) with more detailed information to submit a new complaint.",Naturally Receded (Unobserved),2.8833333333333333
66907675,2025-11-21 20:02:00,2025-11-21 22:25:00,Sewer,Street Flooding (SJ),,,,,MANHATTAN,10016,40.74647771285205,-73.9838967845674,"The Department of Environment Protection inspected your complaint but could not find the problem you reported. If the condition persists, please call 311 (or 212-639-9675 if calling from a non-New York City area code) with more detailed information to submit a new complaint.",Naturally Receded (Unobserved),2.3833333333333333
66910405,2025-11-21 10:53:00,2025-11-21 14:55:00,Sewer,Street Flooding (SJ),368 VAN SICKLEN STREET,VAN SICKLEN STREET,GRAVESEND NECK RD,CORSO CT,BROOKLYN,11223,40.595175921111135,-73.97527337204522,"The Department of Environment Protection inspected your complaint but could not find the problem you reported. If the condition persists, please call 311 (or 212-639-9675 if calling from a non-New York City area code) with more detailed information to submit a new complaint.",Naturally Receded (Unobserved),4.033333333333333
66893339,2025-11-19 12:47:00,2025-11-19 16:50:00,Sewer,Street Flooding (SJ),300 ST MARYS AVENUE,ST MARYS AVENUE,FLETCHER ST,REYNOLDS ST,STATEN ISLAND,10305,40.61173995092477,-74.07646735931692,"The Department of Environment Protection inspected your complaint but could not find the problem you reported. If the condition persists, please call 311 (or 212-639-9675 if calling from a non-New York City area code) with more detailed information to submit a new complaint.",Naturally Receded (Unobserved),4.05
66885139,2025-11-19 09:41:00,2025-11-19 10:15:00,Sewer,Street Flooding (SJ),56 NORTH    9 STREET,NORTH    9 STREET,KENT AVE,WYTHE AVE,BROOKLYN,11249,40.7211131245285,-73.9600458894289,"The Department of Environment Protection inspected your complaint but could not find the problem you reported. If the condition persists, please call 311 (or 212-639-9675 if calling from a non-New York City area code) with more detailed information to submit a new complaint.",Naturally Receded (Unobserved),0.5666666666666667
66879488,2025-11-18 14:17:00,2025-11-18 15:15:00,Sewer,Street Flooding (SJ),,,,,BROOKLYN,11203,40.66041440379497,-73.93423211516631,"The Department of Environment Protection inspected your complaint but could not find the problem you reported. If the condition persists, please call 311 (or 212-639-9675 if calling from a non-New York City area code) with more detailed information to submit a new complaint.",Naturally Receded (Unobserved),0.9666666666666667
66873769,2025-11-18 12:44:00,2025-11-18 13:35:00,Sewer,Street Flooding (SJ),30-40 48 AVENUE,48 AVENUE,30 PL,31 ST,QUEENS,11101,40.741312376967464,-73.93685516780212,"The Department of Environment Protection inspected your complaint but could not find the problem you reported. If the condition persists, please call 311 (or 212-639-9675 if calling from a non-New York City area code) with more detailed information to submit a new complaint.",Naturally Receded (Unobserved),0.85
66870879,2025-11-17 02:44:00,2025-11-17 11:30:00,Sewer,Street Flooding (SJ),,,,,BROOKLYN,11206,40.69463828403883,-73.94905935288806,"The Department of Environment Protection inspected your complaint but could not find the problem you reported. If the condition persists, please call 311 (or 212-639-9675 if calling from a non-New York City area code) with more detailed information to submit a new complaint.",Naturally Receded (Unobserved),8.766666666666667
66830970,2025-11-14 12:29:00,2025-11-14 13:55:00,Sewer,Street Flooding (SJ),79-70 77 ROAD,77 ROAD,79 PL,80 ST,QUEENS,11385,40.705897804139205,-73.86955386188465,"The Department of Environment Protection inspected your complaint but could not find the problem you reported. If the condition persists, please call 311 (or 212-639-9675 if calling from a non-New York City area code) with more detailed information to submit a new complaint.",Naturally Receded (Unobserved),1.4333333333333333
66823909,2025-11-13 05:05:00,2025-11-13 07:10:00,Sewer,Street Flooding (SJ),3977 BEDFORD AVENUE,BEDFORD AVENUE,AVENUE R,AVENUE S,BROOKLYN,11229,40.60522084062145,-73.94762582338535,"The Department of Environment Protection inspected your complaint but could not find the problem you reported. If the condition persists, please call 311 (or 212-639-9675 if calling from a non-New York City area code) with more detailed information to submit a new complaint.",Naturally Receded (Unobserved),2.0833333333333335
66814288,2025-11-12 08:29:00,2025-11-12 11:15:00,Sewer,Street Flooding (SJ),35-10 163 STREET,163 STREET,35 AVE,CROCHERON AVE,QUEENS,11358,40.76473496194497,-73.80245935761265,"The Department of Environment Protection inspected your complaint but could not find the problem you reported. If the condition persists, please call 311 (or 212-639-9675 if calling from a non-New York City area code) with more detailed information to submit a new complaint.",Naturally Receded (Unobserved),2.7666666666666666
66797404,2025-11-11 07:53:00,2025-11-11 12:40:00,Sewer,Street Flooding (SJ),165 EAST   32 STREET,EAST   32 STREET,LEXINGTON AVE,3 AVE,MANHATTAN,10016,40.74481102342528,-73.97990937742878,"The Department of Environment Protection inspected your complaint but could not find the problem you reported. If the condition persists, please call 311 (or 212-639-9675 if calling from a non-New York City area code) with more detailed information to submit a new complaint.",Naturally Receded (Unobserved),4.783333333333333
66783408,2025-11-10 13:41:00,2025-11-10 16:40:00,Sewer,Street Flooding (SJ),3500 BRONX BOULEVARD,BRONX BOULEVARD,E 211 ST,E 213 ST,BRONX,10467,40.87862307124285,-73.86890399581004,"The Department of Environment Protection inspected your complaint but could not find the problem you reported. If the condition persists, please call 311 (or 212-639-9675 if calling from a non-New York City area code) with more detailed information to submit a new complaint.",Naturally Receded (Unobserved),2.9833333333333334
66784881,2025-11-10 13:02:00,2025-11-10 14:15:00,Sewer,Street Flooding (SJ),40 NAVY STREET,NAVY STREET,SANDS ST,FLUSHING AVE,BROOKLYN,11201,40.69868820493409,-73.98050751026345,"The Department of Environment Protection inspected your complaint but could not find the problem you reported. If the condition persists, please call 311 (or 212-639-9675 if calling from a non-New York City area code) with more detailed information to submit a new complaint.",Naturally Receded (Unobserved),1.2166666666666666
66784880,2025-11-10 01:59:00,2025-11-10 02:50:00,Sewer,Street Flooding (SJ),31-04 94 STREET,94 STREET,31 AVE,JACKSON MILL RD,QUEENS,11369,40.76012081087813,-73.87479726136495,"The Department of Environment Protection inspected your complaint but could not find the problem you reported. If the condition persists, please call 311 (or 212-639-9675 if calling from a non-New York City area code) with more detailed information to submit a new complaint.",Naturally Receded (Unobserved),0.85
66776468,2025-11-09 15:35:00,2025-11-09 22:05:00,Sewer,Street Flooding (SJ),2801 FARRAGUT ROAD,FARRAGUT ROAD,E 28 ST,E 29 ST,BROOKLYN,11210,40.636169333053665,-73.9497813505137,"The Department of Environment Protection inspected your complaint but could not find the problem you reported. If the condition persists, please call 311 (or 212-639-9675 if calling from a non-New York City area code) with more detailed information to submit a new complaint.",Naturally Receded (Unobserved),6.5
66779426,2025-11-09 14:59:00,2025-11-09 21:20:00,Sewer,Street Flooding (SJ),215 PARKVILLE AVENUE,PARKVILLE AVENUE,OCEAN PKWY,E 8 ST,BROOKLYN,11230,40.63132373932695,-73.97053678563975,"The Department of Environment Protection inspected your complaint but could not find the problem you reported. If the condition persists, please call 311 (or 212-639-9675 if calling from a non-New York City area code) with more detailed information to submit a new complaint.",Naturally Receded (Unobserved),6.35
66776467,2025-11-09 11:41:00,2025-11-09 12:03:00,Sewer,Street Flooding (SJ),233 GREENE AVENUE,GREENE AVENUE,GRAND AVE,CLASSON AVE,BROOKLYN,11238,40.687147359389876,-73.96212512865189,"The Department of Environment Protection inspected your complaint but could not find the problem you reported. If the condition persists, please call 311 (or 212-639-9675 if calling from a non-New York City area code) with more detailed information to submit a new complaint.",Naturally Receded (Unobserved),0.36666666666666664
66768800,2025-11-08 15:11:00,2025-11-08 18:00:00,Sewer,Street Flooding (SJ),,,,,MANHATTAN,10019,40.76432291713917,-73.97719604038008,"The Department of Environment Protection inspected your complaint but could not find the problem you reported. If the condition persists, please call 311 (or 212-639-9675 if calling from a non-New York City area code) with more detailed information to submit a new complaint.",Naturally Receded (Unobserved),2.816666666666667
66771311,2025-11-08 04:23:00,2025-11-08 06:00:00,Sewer,Street Flooding (SJ),109-29 207 STREET,207 STREET,109 AVE,HOLLIS AVE,QUEENS,11429,40.708517899166374,-73.75070427464604,"The Department of Environment Protection inspected your complaint but could not find the problem you reported. If the condition persists, please call 311 (or 212-639-9675 if calling from a non-New York City area code) with more detailed information to submit a new complaint.",Naturally Receded (Unobserved),1.6166666666666667
66748302,2025-11-06 12:11:00,2025-11-06 14:05:00,Sewer,Street Flooding (SJ),,,,,QUEENS,11385,40.703974771341265,-73.90412395084651,"The Department of Environment Protection inspected your complaint but could not find the problem you reported. If the condition persists, please call 311 (or 212-639-9675 if calling from a non-New York City area code) with more detailed information to submit a new complaint.",Naturally Receded (Unobserved),1.9
66738031,2025-11-05 09:11:00,2025-11-05 10:50:00,Sewer,Street Flooding (SJ),,,,,BROOKLYN,11225,40.66539901942089,-73.95092001961767,"The Department of Environment Protection inspected your complaint but could not find the problem you reported. If the condition persists, please call 311 (or 212-639-9675 if calling from a non-New York City area code) with more detailed information to submit a new complaint.",Naturally Receded (Unobserved),1.65
66710721,2025-11-03 16:26:00,2025-11-03 17:25:00,Sewer,Street Flooding (SJ),1366 EAST NEW YORK AVENUE,EAST NEW YORK AVENUE,SARATOGA AVE,ST JOHNS PL,BROOKLYN,11212,40.6696475883663,-73.91687665482824,"The Department of Environment Protection inspected your complaint but could not find the problem you reported. If the condition persists, please call 311 (or 212-639-9675 if calling from a non-New York City area code) with more detailed information to submit a new complaint.",Naturally Receded (Unobserved),0.9833333333333333
66707736,2025-11-03 10:42:00,2025-11-03 11:25:00,Sewer,Street Flooding (SJ),43-18 CRESCENT STREET,CRESCENT STREET,43 AVE,44 RD,QUEENS,11101,40.74866021666426,-73.94236288823366,"The Department of Environment Protection inspected your complaint but could not find the problem you reported. If the condition persists, please call 311 (or 212-639-9675 if calling from a non-New York City area code) with more detailed information to submit a new complaint.",Naturally Receded (Unobserved),0.7166666666666667
66687642,2025-11-01 17:02:00,2025-11-02 01:30:00,Sewer,Street Flooding (SJ),185 CHRISTOPHER STREET,CHRISTOPHER STREET,WASHINGTON ST,WEEHAWKEN ST,MANHATTAN,10014,40.73248568650513,-74.00968804444769,"The Department of Environment Protection inspected your complaint but could not find the problem you reported. If the condition persists, please call 311 (or 212-639-9675 if calling from a non-New York City area code) with more detailed information to submit a new complaint.",Naturally Receded (Unobserved),8.466666666666667
66683063,2025-10-31 22:35:00,2025-11-01 02:15:00,Sewer,Street Flooding (SJ),90 WEST STREET,WEST STREET,ALBANY ST,LIBERTY ST PEDESTRIAN OVPS,MANHATTAN,10006,40.71010438228108,-74.01478869474265,"The Department of Environment Protection inspected your complaint but could not find the problem you reported. If the condition persists, please call 311 (or 212-639-9675 if calling from a non-New York City area code) with more detailed information to submit a new complaint.",Naturally Receded (Unobserved),3.6666666666666665
66683064,2025-10-31 15:26:00,2025-11-01 00:20:00,Sewer,Street Flooding (SJ),216 HERZL STREET,HERZL STREET,BLAKE AVE,DUMONT AVE,BROOKLYN,11212,40.664587080150106,-73.91431292473571,"The Department of Environment Protection inspected your complaint but could not find the problem you reported. If the condition persists, please call 311 (or 212-639-9675 if calling from a non-New York City area code) with more detailed information to submit a new complaint.",Naturally Receded (Unobserved),8.9
66676698,2025-10-31 15:17:00,2025-11-01 02:50:00,Sewer,Street Flooding (SJ),1176 OCEAN AVENUE,OCEAN AVENUE,FARRAGUT RD,GLENWOOD RD,BROOKLYN,11230,40.63377640048442,-73.95792204281746,The Department of Environmental Protection has investigated this complaint. Surcharge conditions have been confirmed due to rain intensity or volume.,Hydraulic Capacity Surcharge,11.55
66675043,2025-10-31 12:08:00,2025-10-31 14:10:00,Sewer,Street Flooding (SJ),627 EAST   35 STREET,EAST   35 STREET,NEWKIRK AVE,VICTOR RD,BROOKLYN,11203,40.639767611691894,-73.94356673035654,"The Department of Environment Protection inspected your complaint but could not find the problem you reported. If the condition persists, please call 311 (or 212-639-9675 if calling from a non-New York City area code) with more detailed information to submit a new complaint.",Naturally Receded (Unobserved),2.033333333333333
66679857,2025-10-31 10:59:00,2025-10-31 12:45:00,Sewer,Street Flooding (SJ),42 JAY STREET,JAY STREET,PLYMOUTH ST,WATER ST,BROOKLYN,11201,40.70365984972114,-73.98662654172828,"The Department of Environment Protection inspected your complaint but could not find the problem you reported. If the condition persists, please call 311 (or 212-639-9675 if calling from a non-New York City area code) with more detailed information to submit a new complaint.",Naturally Receded (Unobserved),1.7666666666666666
66675039,2025-10-31 10:44:00,2025-10-31 19:30:00,Sewer,Street Flooding (SJ),149 BACHE AVENUE,BACHE AVENUE,EDISON ST,CLAWSON ST,STATEN ISLAND,10306,40.57294952809884,-74.11118063480049,"The Department of Environment Protection inspected your complaint but could not find the problem you reported. If the condition persists, please call 311 (or 212-639-9675 if calling from a non-New York City area code) with more detailed information to submit a new complaint.",Naturally Receded (Unobserved),8.766666666666667
66681413,2025-10-31 10:26:00,2025-10-31 12:35:00,Sewer,Street Flooding (SJ),,,,,BROOKLYN,11216,40.68291431286934,-73.94672832076486,"The Department of Environment Protection inspected your complaint but could not find the problem you reported. If the condition persists, please call 311 (or 212-639-9675 if calling from a non-New York City area code) with more detailed information to submit a new complaint.",Naturally Receded (Unobserved),2.15
66678331,2025-10-31 10:14:00,2025-10-31 13:40:00,Sewer,Street Flooding (SJ),80-01 METROPOLITAN AVENUE,METROPOLITAN AVENUE,80 ST,COOPER AVE,QUEENS,11379,40.713299682334764,-73.87132132072506,"The Department of Environment Protection inspected your complaint but could not find the problem you reported. If the condition persists, please call 311 (or 212-639-9675 if calling from a non-New York City area code) with more detailed information to submit a new complaint.",Naturally Receded (Unobserved),3.433333333333333
66683060,2025-10-31 10:11:00,2025-10-31 14:00:00,Sewer,Street Flooding (SJ),84-09 77 AVENUE,77 AVENUE,84 ST,85 ST,QUEENS,11385,40.706680314911964,-73.86501134730506,"The Department of Environment Protection inspected your complaint but could not find the problem you reported. If the condition persists, please call 311 (or 212-639-9675 if calling from a non-New York City area code) with more detailed information to submit a new complaint.",Naturally Receded (Unobserved),3.816666666666667
66684705,2025-10-31 10:08:00,2025-10-31 17:45:00,Sewer,Street Flooding (SJ),61 DELAWARE STREET,DELAWARE STREET,DUTCHESS AVE,DALEMERE RD,STATEN ISLAND,10304,40.59512799642958,-74.101805096622,"The Department of Environment Protection inspected your complaint but could not find the problem you reported. If the condition persists, please call 311 (or 212-639-9675 if calling from a non-New York City area code) with more detailed information to submit a new complaint.",Naturally Receded (Unobserved),7.616666666666666
66675038,2025-10-31 09:59:00,2025-10-31 21:05:00,Sewer,Street Flooding (SJ),1701 AVENUE M,AVENUE M,E 17 ST,E 18 ST,BROOKLYN,11230,40.618240916685714,-73.95800387679047,"The Department of Environment Protection inspected your complaint but could not find the problem you reported. If the condition persists, please call 311 (or 212-639-9675 if calling from a non-New York City area code) with more detailed information to submit a new complaint.",Naturally Receded (Unobserved),11.1
66678335,2025-10-31 09:47:00,2025-10-31 12:00:00,Sewer,Street Flooding (SJ),233 GREENE AVENUE,GREENE AVENUE,GRAND AVE,CLASSON AVE,BROOKLYN,11238,40.687147359389876,-73.96212512865189,"The Department of Environment Protection inspected your complaint but could not find the problem you reported. If the condition persists, please call 311 (or 212-639-9675 if calling from a non-New York City area code) with more detailed information to submit a new complaint.",Naturally Receded (Unobserved),2.216666666666667
66673489,2025-10-31 09:41:00,2025-10-31 16:45:00,Sewer,Street Flooding (SJ),800 RICHMOND TERRACE,RICHMOND TERRACE,CLINTON AVE,TYSEN ST,STATEN ISLAND,10301,40.64469321364195,-74.09896551871516,"The Department of Environment Protection inspected your complaint but could not find the problem you reported. If the condition persists, please call 311 (or 212-639-9675 if calling from a non-New York City area code) with more detailed information to submit a new complaint.",Naturally Receded (Unobserved),7.066666666666666
66678336,2025-10-31 08:59:00,2025-10-31 12:15:00,Sewer,Street Flooding (SJ),2852 BROADWAY,BROADWAY,CATHEDRAL PKWY,W 111 ST,MANHATTAN,10025,40.80465960518761,-73.9663277921716,"The Department of Environment Protection inspected your complaint but could not find the problem you reported. If the condition persists, please call 311 (or 212-639-9675 if calling from a non-New York City area code) with more detailed information to submit a new complaint.",Naturally Receded (Unobserved),3.2666666666666666
66683062,2025-10-31 06:35:00,2025-10-31 17:10:00,Sewer,Street Flooding (SJ),,,,,QUEENS,11413,40.657894887484886,-73.75926598677647,"The Department of Environment Protection inspected your complaint but could not find the problem you reported. If the condition persists, please call 311 (or 212-639-9675 if calling from a non-New York City area code) with more detailed information to submit a new complaint.",Naturally Receded (Unobserved),10.583333333333334
66684704,2025-10-31 05:56:00,2025-10-31 14:00:00,Sewer,Street Flooding (SJ),64-25 59 AVENUE,59 AVENUE,64 ST,66 ST,QUEENS,11378,40.72012160826558,-73.90017932339366,"The Department of Environment Protection inspected your complaint but could not find the problem you reported. If the condition persists, please call 311 (or 212-639-9675 if calling from a non-New York City area code) with more detailed information to submit a new complaint.",Naturally Receded (Unobserved),8.066666666666666
66664528,2025-10-30 22:17:00,2025-10-31 08:00:00,Sewer,Street Flooding (SJ),11-20 43 ROAD,43 ROAD,11 ST,12 ST,QUEENS,11101,40.750847982592035,-73.9485868748277,"The Department of Environment Protection inspected your complaint but could not find the problem you reported. If the condition persists, please call 311 (or 212-639-9675 if calling from a non-New York City area code) with more detailed information to submit a new complaint.",Naturally Receded (Unobserved),9.716666666666667
66662680,2025-10-30 22:02:00,2025-10-31 08:45:00,Sewer,Street Flooding (SJ),8-03 43 AVENUE,43 AVENUE,VERNON BLVD,9 ST,QUEENS,11101,40.752953940019616,-73.95026358300699,"The Department of Environment Protection inspected your complaint but could not find the problem you reported. If the condition persists, please call 311 (or 212-639-9675 if calling from a non-New York City area code) with more detailed information to submit a new complaint.",Naturally Receded (Unobserved),10.716666666666667
66671836,2025-10-30 21:38:00,2025-10-31 07:35:00,Sewer,Street Flooding (SJ),46-04 VERNON BOULEVARD,VERNON BOULEVARD,46 AVE,46 RD,QUEENS,11101,40.74667776453677,-73.95279094517635,"The Department of Environment Protection inspected your complaint but could not find the problem you reported. If the condition persists, please call 311 (or 212-639-9675 if calling from a non-New York City area code) with more detailed information to submit a new complaint.",Naturally Receded (Unobserved),9.95
66666324,2025-10-30 21:02:00,2025-10-31 03:05:00,Sewer,Street Flooding (SJ),91-05 97 AVENUE,97 AVENUE,91 ST,92 ST,QUEENS,11416,40.68503030997242,-73.85009534427138,"The Department of Environment Protection inspected your complaint but could not find the problem you reported. If the condition persists, please call 311 (or 212-639-9675 if calling from a non-New York City area code) with more detailed information to submit a new complaint.",Naturally Receded (Unobserved),6.05
66660885,2025-10-30 20:41:00,2025-10-31 08:25:00,Sewer,Street Flooding (SJ),44-02 11 STREET,11 STREET,44 AVE,44 RD,QUEENS,11101,40.74984918279591,-73.94923729290073,"The Department of Environment Protection inspected your complaint but could not find the problem you reported. If the condition persists, please call 311 (or 212-639-9675 if calling from a non-New York City area code) with more detailed information to submit a new complaint.",Naturally Receded (Unobserved),11.733333333333333
66662693,2025-10-30 20:29:00,2025-10-31 07:45:00,Sewer,Street Flooding (SJ),203-19 100 AVENUE,100 AVENUE,203 ST,204 ST,QUEENS,11423,40.711264132748155,-73.75651582389354,"The Department of Environment Protection inspected your complaint but could not find the problem you reported. If the condition persists, please call 311 (or 212-639-9675 if calling from a non-New York City area code) with more detailed information to submit a new complaint.",Naturally Receded (Unobserved),11.266666666666667
66670015,2025-10-30 20:05:00,2025-10-31 06:00:00,Sewer,Street Flooding (SJ),112-16 198 STREET,198 STREET,112 AVE,113 AVE,QUEENS,11412,40.701879146846274,-73.75753108724079,"The Department of Environment Protection inspected your complaint but could not find the problem you reported. If the condition persists, please call 311 (or 212-639-9675 if calling from a non-New York City area code) with more detailed information to submit a new complaint.",Naturally Receded (Unobserved),9.916666666666666
66666332,2025-10-30 19:17:00,2025-10-31 05:50:00,Sewer,Street Flooding (SJ),400 MANHATTAN AVENUE,MANHATTAN AVENUE,FROST ST,MEEKER AVE,BROOKLYN,11211,40.71798141671179,-73.94665339585552,The Department of Environmental Protection has investigated this complaint. Surcharge conditions have been confirmed due to rain intensity or volume.,Hydraulic Capacity Surcharge,10.55
66670020,2025-10-30 19:17:00,2025-10-30 22:20:00,Sewer,Street Flooding (SJ),,,,,QUEENS,11375,40.727629622880755,-73.84427730525874,"The Department of Environment Protection inspected your complaint but could not find the problem you reported. If the condition persists, please call 311 (or 212-639-9675 if calling from a non-New York City area code) with more detailed information to submit a new complaint.",Naturally Receded (Unobserved),3.05
66660894,2025-10-30 19:02:00,2025-10-31 05:55:00,Sewer,Street Flooding (SJ),147-17 BARCLAY AVENUE,BARCLAY AVENUE,147 ST,149 ST,QUEENS,11355,40.76079023623285,-73.81710499166154,"The Department of Environment Protection inspected your complaint but could not find the problem you reported. If the condition persists, please call 311 (or 212-639-9675 if calling from a non-New York City area code) with more detailed information to submit a new complaint.",Naturally Receded (Unobserved),10.883333333333333
66659136,2025-10-30 18:59:00,2025-10-31 04:15:00,Sewer,Street Flooding (SJ),81-21 149 AVENUE,149 AVENUE,81 ST,82 ST,QUEENS,11414,40.66904934386017,-73.85368557794837,"The Department of Environment Protection inspected your complaint but could not find the problem you reported. If the condition persists, please call 311 (or 212-639-9675 if calling from a non-New York City area code) with more detailed information to submit a new complaint.",Naturally Receded (Unobserved),9.266666666666667
66659138,2025-10-30 18:56:00,2025-10-31 06:20:00,Sewer,Street Flooding (SJ),140-23 ROSE AVENUE,ROSE AVENUE,KISSENA BLVD,ROBINSON ST,QUEENS,11355,40.74661586143871,-73.81338695307194,"The Department of Environment Protection inspected your complaint but could not find the problem you reported. If the condition persists, please call 311 (or 212-639-9675 if calling from a non-New York City area code) with more detailed information to submit a new complaint.",Naturally Receded (Unobserved),11.4
66662697,2025-10-30 18:56:00,2025-10-31 05:05:00,Sewer,Street Flooding (SJ),109-16 FIRWOOD PLACE,FIRWOOD PLACE,BRINKERHOFF AVE,HILBURN AVE,QUEENS,11412,40.70292212418114,-73.76817043917606,"The Department of Environment Protection inspected your complaint but could not find the problem you reported. If the condition persists, please call 311 (or 212-639-9675 if calling from a non-New York City area code) with more detailed information to submit a new complaint.",Naturally Receded (Unobserved),10.15
66671855,2025-10-30 18:47:00,2025-10-31 04:45:00,Sewer,Street Flooding (SJ),109-09 180 STREET,180 STREET,106 RD,110 AVE,QUEENS,11433,40.70199390905109,-73.77624878191585,"The Department of Environment Protection inspected your complaint but could not find the problem you reported. If the condition persists, please call 311 (or 212-639-9675 if calling from a non-New York City area code) with more detailed information to submit a new complaint.",Naturally Receded (Unobserved),9.966666666666667
66660897,2025-10-30 18:29:00,2025-10-31 04:25:00,Sewer,Street Flooding (SJ),78-02 149 AVENUE,149 AVENUE,LORING AVE,79 ST,QUEENS,11414,40.66860853774504,-73.85674338104985,"The Department of Environment Protection inspected your complaint but could not find the problem you reported. If the condition persists, please call 311 (or 212-639-9675 if calling from a non-New York City area code) with more detailed information to submit a new complaint.",Naturally Receded (Unobserved),9.933333333333334
66659139,2025-10-30 18:26:00,2025-10-31 03:30:00,Sewer,Street Flooding (SJ),4525 BROADWAY,BROADWAY,W 193 ST,HILLSIDE AVE,MANHATTAN,10040,40.858701368561164,-73.93161033161068,"The Department of Environment Protection inspected your complaint but could not find the problem you reported. If the condition persists, please call 311 (or 212-639-9675 if calling from a non-New York City area code) with more detailed information to submit a new complaint.",Naturally Receded (Unobserved),9.066666666666666
66666337,2025-10-30 18:08:00,2025-10-31 04:30:00,Sewer,Street Flooding (SJ),230 DECATUR STREET,DECATUR STREET,LEWIS AVE,STUYVESANT AVE,BROOKLYN,11233,40.68137610300782,-73.93394824469274,The Department of Environmental Protection has investigated this complaint. Surcharge conditions have been confirmed due to rain intensity or volume.,Hydraulic Capacity Surcharge,10.366666666666667
66664553,2025-10-30 17:41:00,2025-10-31 04:20:00,Sewer,Street Flooding (SJ),126-13 180 STREET,180 STREET,EVELETH RD,DEAD END,QUEENS,11434,40.68278057900961,-73.76128178102279,"The Department of Environment Protection inspected your complaint but could not find the problem you reported. If the condition persists, please call 311 (or 212-639-9675 if calling from a non-New York City area code) with more detailed information to submit a new complaint.",Naturally Receded (Unobserved),10.65
66671861,2025-10-30 17:38:00,2025-10-30 20:05:00,Sewer,Street Flooding (SJ),270 5 STREET,5 STREET,4 AVE,5 AVE,BROOKLYN,11215,40.67255607220282,-73.98629751649939,"The Department of Environment Protection inspected your complaint but could not find the problem you reported. If the condition persists, please call 311 (or 212-639-9675 if calling from a non-New York City area code) with more detailed information to submit a new complaint.",Naturally Receded (Unobserved),2.45
66660818,2025-10-30 17:35:00,2025-10-30 17:55:00,Sewer,Street Flooding (SJ),,,,,BROOKLYN,11222,40.727750502891745,-73.94199131410589,"The Department of Environment Protection inspected your complaint but could not find the problem you reported. If the condition persists, please call 311 (or 212-639-9675 if calling from a non-New York City area code) with more detailed information to submit a new complaint.",Naturally Receded (Unobserved),0.3333333333333333
66662616,2025-10-30 17:35:00,2025-10-31 04:10:00,Sewer,Street Flooding (SJ),,,,,QUEENS,11418,40.697470085160795,-73.84222723282457,"The Department of Environment Protection inspected your complaint but could not find the problem you reported. If the condition persists, please call 311 (or 212-639-9675 if calling from a non-New York City area code) with more detailed information to submit a new complaint.",Naturally Receded (Unobserved),10.583333333333334
66669959,2025-10-30 17:32:00,2025-10-30 18:05:00,Sewer,Street Flooding (SJ),145 BAYARD STREET,BAYARD STREET,MANHATTAN AVE,GRAHAM AVE,BROOKLYN,11222,40.71993558125856,-73.9464281647384,"The Department of Environment Protection inspected your complaint but could not find the problem you reported. If the condition persists, please call 311 (or 212-639-9675 if calling from a non-New York City area code) with more detailed information to submit a new complaint.",Naturally Receded (Unobserved),0.55
66666256,2025-10-30 17:20:00,2025-10-31 01:45:00,Sewer,Street Flooding (SJ),142 MARCUS GARVEY BOULEVARD,MARCUS GARVEY BOULEVARD,HART ST,PULASKI ST,BROOKLYN,11206,40.693596480224436,-73.94016388445354,The Department of Environmental Protection has investigated this complaint. Surcharge conditions have been confirmed due to rain intensity or volume.,Hydraulic Capacity Surcharge,8.416666666666666
66664470,2025-10-30 17:17:00,2025-10-31 03:40:00,Sewer,Street Flooding (SJ),110-58 166 STREET,166 STREET,110 RD,111 AVE,QUEENS,11433,40.6932723693448,-73.78561424169757,"The Department of Environment Protection inspected your complaint but could not find the problem you reported. If the condition persists, please call 311 (or 212-639-9675 if calling from a non-New York City area code) with more detailed information to submit a new complaint.",Naturally Receded (Unobserved),10.383333333333333
66669966,2025-10-30 17:11:00,2025-10-31 01:25:00,Sewer,Street Flooding (SJ),,,,,BROOKLYN,11216,40.6810463021688,-73.94344887379258,The Department of Environmental Protection has investigated this complaint. Surcharge conditions have been confirmed due to rain intensity or volume.,Hydraulic Capacity Surcharge,8.233333333333333
66664472,2025-10-30 17:05:00,2025-10-31 03:20:00,Sewer,Street Flooding (SJ),,,,,QUEENS,11418,40.69293038954656,-73.84234255131436,"The Department of Environment Protection inspected your complaint but could not find the problem you reported. If the condition persists, please call 311 (or 212-639-9675 if calling from a non-New York City area code) with more detailed information to submit a new complaint.",Naturally Receded (Unobserved),10.25
66666263,2025-10-30 17:02:00,2025-10-31 02:30:00,Sewer,Street Flooding (SJ),,,,,BROOKLYN,11216,40.68291431286934,-73.94672832076486,The Department of Environmental Protection has investigated this complaint. Surcharge conditions have been confirmed due to rain intensity or volume.,Hydraulic Capacity Surcharge,9.466666666666667
66669971,2025-10-30 16:59:00,2025-10-31 01:00:00,Sewer,Street Flooding (SJ),235 HANCOCK STREET,HANCOCK STREET,MARCY AVE,TOMPKINS AVE,BROOKLYN,11216,40.68297175700357,-73.94630642765917,The Department of Environmental Protection has investigated this complaint. Surcharge conditions have been confirmed due to rain intensity or volume.,Hydraulic Capacity Surcharge,8.016666666666667
66664481,2025-10-30 16:47:00,2025-10-31 02:55:00,Sewer,Street Flooding (SJ),339 TOMPKINS AVENUE,TOMPKINS AVENUE,GATES AVE,MONROE ST,BROOKLYN,11216,40.68633873404358,-73.94449725385063,The Department of Environmental Protection has investigated this complaint. Surcharge conditions have been confirmed due to rain intensity or volume.,Hydraulic Capacity Surcharge,10.133333333333333
66671790,2025-10-30 16:47:00,2025-10-31 03:55:00,Sewer,Street Flooding (SJ),100 DYCKMAN STREET,DYCKMAN STREET,NAGLE AVE,POST AVE,MANHATTAN,10040,40.86177123709456,-73.92486477863315,"The Department of Environment Protection inspected your complaint but could not find the problem you reported. If the condition persists, please call 311 (or 212-639-9675 if calling from a non-New York City area code) with more detailed information to submit a new complaint.",Naturally Receded (Unobserved),11.133333333333333
66660832,2025-10-30 16:41:00,2025-10-31 01:00:00,Sewer,Street Flooding (SJ),35 EAST   75 STREET,EAST   75 STREET,MADISON AVE,PARK AVE,MANHATTAN,10021,40.77359666634701,-73.96366455383293,"The Department of Environment Protection inspected your complaint but could not find the problem you reported. If the condition persists, please call 311 (or 212-639-9675 if calling from a non-New York City area code) with more detailed information to submit a new complaint.",Naturally Receded (Unobserved),8.316666666666666
66664489,2025-10-30 16:38:00,2025-10-31 04:25:00,Sewer,Street Flooding (SJ),91-62 96 STREET,96 STREET,91 DR,ATLANTIC AVE,QUEENS,11421,40.68907518572683,-73.84730612765405,"The Department of Environment Protection inspected your complaint but could not find the problem you reported. If the condition persists, please call 311 (or 212-639-9675 if calling from a non-New York City area code) with more detailed information to submit a new complaint.",Naturally Receded (Unobserved),11.783333333333333
66662637,2025-10-30 16:35:00,2025-10-31 04:35:00,Sewer,Street Flooding (SJ),150-44 107 AVENUE,107 AVENUE,150 ST,153 ST,QUEENS,11433,40.695029828505376,-73.79977371774588,"The Department of Environment Protection inspected your complaint but could not find the problem you reported. If the condition persists, please call 311 (or 212-639-9675 if calling from a non-New York City area code) with more detailed information to submit a new complaint.",Naturally Receded (Unobserved),12.0
66660837,2025-10-30 16:35:00,2025-10-30 19:40:00,Sewer,Street Flooding (SJ),7402 5 AVENUE,5 AVENUE,74 ST,BAY RIDGE PKWY,BROOKLYN,11209,40.63018899719787,-74.0223618318182,The Department of Environmental Protection has investigated this complaint. Surcharge conditions have been confirmed due to rain intensity or volume.,Hydraulic Capacity Surcharge,3.0833333333333335
66671799,2025-10-30 16:32:00,2025-10-31 02:55:00,Sewer,Street Flooding (SJ),,,,,BROOKLYN,11216,40.69024077371804,-73.94818647280042,The Department of Environmental Protection has investigated this complaint. Surcharge conditions have been confirmed due to rain intensity or volume.,Hydraulic Capacity Surcharge,10.383333333333333
66671800,2025-10-30 16:32:00,2025-10-31 04:15:00,Sewer,Street Flooding (SJ),,,,,BROOKLYN,11233,40.68193441447485,-73.92254357042302,The Department of Environmental Protection has investigated this complaint. Surcharge conditions have been confirmed due to rain intensity or volume.,Hydraulic Capacity Surcharge,11.716666666666667
66660841,2025-10-30 16:29:00,2025-10-31 03:15:00,Sewer,Street Flooding (SJ),112-06 168 STREET,168 STREET,SAYRES AVE,LINDEN BLVD,QUEENS,11433,40.69175664589082,-73.7823664878429,"The Department of Environment Protection inspected your complaint but could not find the problem you reported. If the condition persists, please call 311 (or 212-639-9675 if calling from a non-New York City area code) with more detailed information to submit a new complaint.",Naturally Receded (Unobserved),10.766666666666667
66666287,2025-10-30 16:29:00,2025-10-31 03:30:00,Sewer,Street Flooding (SJ),,,,,QUEENS,11418,40.693573103598226,-73.84266197536289,"The Department of Environment Protection inspected your complaint but could not find the problem you reported. If the condition persists, please call 311 (or 212-639-9675 if calling from a non-New York City area code) with more detailed information to submit a new complaint.",Naturally Receded (Unobserved),11.016666666666667
66662646,2025-10-30 16:23:00,2025-10-31 01:25:00,Sewer,Street Flooding (SJ),TOMPKINS AVENUE,TOMPKINS AVENUE,HART STREET,PULASKI STREET,BROOKLYN,11206,,,The Department of Environmental Protection has investigated this complaint. Surcharge conditions have been confirmed due to rain intensity or volume.,Hydraulic Capacity Surcharge,9.033333333333333
66668127,2025-10-30 16:23:00,2025-10-31 03:45:00,Sewer,Street Flooding (SJ),,,,,QUEENS,11432,40.70625507608216,-73.80405012678055,"The Department of Environment Protection inspected your complaint but could not find the problem you reported. If the condition persists, please call 311 (or 212-639-9675 if calling from a non-New York City area code) with more detailed information to submit a new complaint.",Naturally Receded (Unobserved),11.366666666666667
66660848,2025-10-30 16:23:00,2025-10-31 03:50:00,Sewer,Street Flooding (SJ),133-02 97 AVENUE,97 AVENUE,133 ST,134 ST,QUEENS,11419,40.6944733853901,-73.81497896691667,"The Department of Environment Protection inspected your complaint but could not find the problem you reported. If the condition persists, please call 311 (or 212-639-9675 if calling from a non-New York City area code) with more detailed information to submit a new complaint.",Naturally Receded (Unobserved),11.45
66660850,2025-10-30 16:20:00,2025-10-31 03:45:00,Sewer,Street Flooding (SJ),,,,,BROOKLYN,11236,40.640980686194794,-73.88738721724408,"The Department of Environment Protection inspected your complaint but could not find the problem you reported. If the condition persists, please call 311 (or 212-639-9675 if calling from a non-New York City area code) with more detailed information to submit a new complaint.",Naturally Receded (Unobserved),11.416666666666666
66666293,2025-10-30 16:17:00,2025-10-31 04:10:00,Sewer,Street Flooding (SJ),153-17 107 AVENUE,107 AVENUE,153 ST,154 ST,QUEENS,11433,40.69507909614863,-73.79969423349324,"The Department of Environment Protection inspected your complaint but could not find the problem you reported. If the condition persists, please call 311 (or 212-639-9675 if calling from a non-New York City area code) with more detailed information to submit a new complaint.",Naturally Receded (Unobserved),11.883333333333333
66666294,2025-10-30 16:17:00,2025-10-31 03:45:00,Sewer,Street Flooding (SJ),104-84 112 STREET,112 STREET,LIBERTY AVE,107 AVE,QUEENS,11419,40.68465116557191,-73.83008135606646,"The Department of Environment Protection inspected your complaint but could not find the problem you reported. If the condition persists, please call 311 (or 212-639-9675 if calling from a non-New York City area code) with more detailed information to submit a new complaint.",Naturally Receded (Unobserved),11.466666666666667
66660853,2025-10-30 16:14:00,2025-10-31 02:15:00,Sewer,Street Flooding (SJ),70-22 GROTON STREET,GROTON STREET,70 AVE,CONTINENTAL AVE,QUEENS,11375,40.716418088172766,-73.84901469351477,"The Department of Environment Protection inspected your complaint but could not find the problem you reported. If the condition persists, please call 311 (or 212-639-9675 if calling from a non-New York City area code) with more detailed information to submit a new complaint.",Naturally Receded (Unobserved),10.016666666666667
66671810,2025-10-30 16:14:00,2025-10-31 02:35:00,Sewer,Street Flooding (SJ),805 COLUMBUS AVENUE,COLUMBUS AVENUE,W 97 ST,W 100 ST,MANHATTAN,10025,40.79498707756218,-73.9659570783675,"The Department of Environment Protection inspected your complaint but could not find the problem you reported. If the condition persists, please call 311 (or 212-639-9675 if calling from a non-New York City area code) with more detailed information to submit a new complaint.",Naturally Receded (Unobserved),10.35
66666297,2025-10-30 16:08:00,2025-10-31 02:35:00,Sewer,Street Flooding (SJ),,,,,MANHATTAN,10037,40.81914228480707,-73.93717873785177,"The Department of Environment Protection inspected your complaint but could not find the problem you reported. If the condition persists, please call 311 (or 212-639-9675 if calling from a non-New York City area code) with more detailed information to submit a new complaint.",Naturally Receded (Unobserved),10.45
66664503,2025-10-30 16:08:00,2025-10-31 02:40:00,Sewer,Street Flooding (SJ),,,,,QUEENS,11375,40.7207561551753,-73.85004024141683,"The Department of Environment Protection inspected your complaint but could not find the problem you reported. If the condition persists, please call 311 (or 212-639-9675 if calling from a non-New York City area code) with more detailed information to submit a new complaint.",Naturally Receded (Unobserved),10.533333333333333
66664507,2025-10-30 16:02:00,2025-10-30 19:25:00,Sewer,Street Flooding (SJ),84-17 124 STREET,124 STREET,METROPOLITAN AVE,85 AVE,QUEENS,11415,40.70480849268023,-73.82803906765696,"The Department of Environment Protection inspected your complaint but could not find the problem you reported. If the condition persists, please call 311 (or 212-639-9675 if calling from a non-New York City area code) with more detailed information to submit a new complaint.",Naturally Receded (Unobserved),3.3833333333333333
66669999,2025-10-30 16:02:00,2025-10-30 18:25:00,Sewer,Street Flooding (SJ),,,,,STATEN ISLAND,10305,40.61241701615189,-74.07364078335094,"The Department of Environment Protection inspected your complaint but could not find the problem you reported. If the condition persists, please call 311 (or 212-639-9675 if calling from a non-New York City area code) with more detailed information to submit a new complaint.",Naturally Receded (Unobserved),2.3833333333333333
66668143,2025-10-30 16:02:00,2025-10-30 21:25:00,Sewer,Street Flooding (SJ),,,,,BROOKLYN,11203,40.64981175704231,-73.9350173709014,"The Department of Environment Protection inspected your complaint but could not find the problem you reported. If the condition persists, please call 311 (or 212-639-9675 if calling from a non-New York City area code) with more detailed information to submit a new complaint.",Naturally Receded (Unobserved),5.383333333333334
66660861,2025-10-30 16:02:00,2025-10-30 21:20:00,Sewer,Street Flooding (SJ),,,,,QUEENS,11694,40.57637928578411,-73.86005140772743,"The Department of Environment Protection inspected your complaint but could not find the problem you reported. If the condition persists, please call 311 (or 212-639-9675 if calling from a non-New York City area code) with more detailed information to submit a new complaint.",Naturally Receded (Unobserved),5.3
66659110,2025-10-30 16:02:00,2025-10-30 18:55:00,Sewer,Street Flooding (SJ),132-41 114 PLACE,114 PLACE,SUTTER AVE,133 AVE,QUEENS,11420,40.67421000253621,-73.82457778872025,"The Department of Environment Protection inspected your complaint but could not find the problem you reported. If the condition persists, please call 311 (or 212-639-9675 if calling from a non-New York City area code) with more detailed information to submit a new complaint.",Naturally Receded (Unobserved),2.8833333333333333
66659111,2025-10-30 15:59:00,2025-10-31 00:35:00,Sewer,Street Flooding (SJ),,,,,BROOKLYN,11205,40.692531824690874,-73.95984304740814,The Department of Environmental Protection has investigated this complaint. Surcharge conditions have been confirmed due to rain intensity or volume.,Hydraulic Capacity Surcharge,8.6
66660864,2025-10-30 15:59:00,2025-10-31 02:00:00,Sewer,Street Flooding (SJ),,,,,BROOKLYN,11206,40.69276485635531,-73.94578648054208,The Department of Environmental Protection has investigated this complaint. Surcharge conditions have been confirmed due to rain intensity or volume.,Hydraulic Capacity Surcharge,10.016666666666667
66660863,2025-10-30 15:59:00,2025-10-31 01:40:00,Sewer,Street Flooding (SJ),,,,,MANHATTAN,10026,40.80560936023171,-73.95818908257786,"The Department of Environment Protection inspected your complaint but could not find the problem you reported. If the condition persists, please call 311 (or 212-639-9675 if calling from a non-New York City area code) with more detailed information to submit a new complaint.",Naturally Receded (Unobserved),9.683333333333334
66666305,2025-10-30 15:59:00,2025-10-31 03:45:00,Sewer,Street Flooding (SJ),432 LEWIS AVENUE,LEWIS AVENUE,BAINBRIDGE ST,BEND,BROOKLYN,11233,40.680511856151206,-73.93457283474795,The Department of Environmental Protection has investigated this complaint. Surcharge conditions have been confirmed due to rain intensity or volume.,Hydraulic Capacity Surcharge,11.766666666666667
66668151,2025-10-30 15:59:00,2025-10-31 00:30:00,Sewer,Street Flooding (SJ),,,,,MANHATTAN,10029,40.794233328437336,-73.94694622590342,"The Department of Environment Protection inspected your complaint but could not find the problem you reported. If the condition persists, please call 311 (or 212-639-9675 if calling from a non-New York City area code) with more detailed information to submit a new complaint.",Naturally Receded (Unobserved),8.516666666666667
66666303,2025-10-30 15:59:00,2025-10-31 02:30:00,Sewer,Street Flooding (SJ),407 THROOP AVENUE,THROOP AVENUE,GREENE AVE,LEXINGTON AVE,BROOKLYN,11221,40.6890658756855,-73.94214035632812,The Department of Environmental Protection has investigated this complaint. Surcharge conditions have been confirmed due to rain intensity or volume.,Hydraulic Capacity Surcharge,10.516666666666667
66660866,2025-10-30 15:56:00,2025-10-31 03:20:00,Sewer,Street Flooding (SJ),,,,,BROOKLYN,11216,40.68291431286934,-73.94672832076486,The Department of Environmental Protection has investigated this complaint. Surcharge conditions have been confirmed due to rain intensity or volume.,Hydraulic Capacity Surcharge,11.4
66670002,2025-10-30 15:56:00,2025-10-31 02:55:00,Sewer,Street Flooding (SJ),356 AVENUE X,AVENUE X,WEST ST,E 1 ST,BROOKLYN,11223,40.59058256039909,-73.9697878455204,"The Department of Environment Protection inspected your complaint but could not find the problem you reported. If the condition persists, please call 311 (or 212-639-9675 if calling from a non-New York City area code) with more detailed information to submit a new complaint.",Naturally Receded (Unobserved),10.983333333333333
66671825,2025-10-30 15:56:00,2025-10-31 02:15:00,Sewer,Street Flooding (SJ),2190 7 AVENUE,7 AVENUE,W 129 ST,W 130 ST,MANHATTAN,10027,40.81168951450132,-73.94635792258872,"The Department of Environment Protection inspected your complaint but could not find the problem you reported. If the condition persists, please call 311 (or 212-639-9675 if calling from a non-New York City area code) with more detailed information to submit a new complaint.",Naturally Receded (Unobserved),10.316666666666666
66660865,2025-10-30 15:56:00,2025-10-30 21:40:00,Sewer,Street Flooding (SJ),127-18 NEWPORT AVENUE,NEWPORT AVENUE,BEACH 127 ST,BEACH 128 ST,QUEENS,11694,40.57832047480336,-73.84758813240235,"The Department of Environment Protection inspected your complaint but could not find the problem you reported. If the condition persists, please call 311 (or 212-639-9675 if calling from a non-New York City area code) with more detailed information to submit a new complaint.",Naturally Receded (Unobserved),5.733333333333333
66668165,2025-10-30 15:47:00,2025-10-31 02:50:00,Sewer,Street Flooding (SJ),825 COLUMBUS AVENUE,COLUMBUS AVENUE,W 100 ST,W 103 ST,MANHATTAN,10025,40.79570055226163,-73.96543663781749,"The Department of Environment Protection inspected your complaint but could not find the problem you reported. If the condition persists, please call 311 (or 212-639-9675 if calling from a non-New York City area code) with more detailed information to submit a new complaint.",Naturally Receded (Unobserved),11.05
66662676,2025-10-30 15:47:00,2025-10-31 02:55:00,Sewer,Street Flooding (SJ),2620 7 AVENUE,7 AVENUE,W 151 ST,W 152 ST,MANHATTAN,10039,40.8255232445412,-73.93625133328511,"The Department of Environment Protection inspected your complaint but could not find the problem you reported. If the condition persists, please call 311 (or 212-639-9675 if calling from a non-New York City area code) with more detailed information to submit a new complaint.",Naturally Receded (Unobserved),11.133333333333333
66668161,2025-10-30 15:47:00,2025-10-31 03:45:00,Sewer,Street Flooding (SJ),293 HALSEY STREET,HALSEY STREET,TOMPKINS AVE,THROOP AVE,BROOKLYN,11216,40.6827717995522,-73.94151845675017,The Department of Environmental Protection has investigated this complaint. Surcharge conditions have been confirmed due to rain intensity or volume.,Hydraulic Capacity Surcharge,11.966666666666667
66660883,2025-10-30 15:38:00,2025-10-30 19:05:00,Sewer,Street Flooding (SJ),,,,,BROOKLYN,11206,40.70092202135726,-73.95128697646454,"The Department of Environment Protection inspected your complaint but could not find the problem you reported. If the condition persists, please call 311 (or 212-639-9675 if calling from a non-New York City area code) with more detailed information to submit a new complaint.",Naturally Receded (Unobserved),3.45
66666322,2025-10-30 15:38:00,2025-10-30 21:35:00,Sewer,Street Flooding (SJ),3520 TILDEN AVENUE,TILDEN AVENUE,E 35 ST,BROOKLYN AVE,BROOKLYN,11203,40.64707996016388,-73.94405784124254,"The Department of Environment Protection inspected your complaint but could not find the problem you reported. If the condition persists, please call 311 (or 212-639-9675 if calling from a non-New York City area code) with more detailed information to submit a new complaint.",Naturally Receded (Unobserved),5.95
66660884,2025-10-30 15:38:00,2025-10-30 21:05:00,Sewer,Street Flooding (SJ),,,,,BROOKLYN,11209,40.62724359952162,-74.02355688179695,"The Department of Environment Protection inspected your complaint but could not find the problem you reported. If the condition persists, please call 311 (or 212-639-9675 if calling from a non-New York City area code) with more detailed information to submit a new complaint.",Naturally Receded (Unobserved),5.45
66671843,2025-10-30 15:38:00,2025-10-30 18:45:00,Sewer,Street Flooding (SJ),,,,,BROOKLYN,11238,40.68186959870929,-73.9634729671915,"The Department of Environment Protection inspected your complaint but could not find the problem you reported. If the condition persists, please call 311 (or 212-639-9675 if calling from a non-New York City area code) with more detailed information to submit a new complaint.",Naturally Receded (Unobserved),3.1166666666666667
66670010,2025-10-30 15:38:00,2025-10-30 18:35:00,Sewer,Street Flooding (SJ),46 IRVING PLACE,IRVING PLACE,GATES AVE,PUTNAM AVE,BROOKLYN,11238,40.68375134516822,-73.9599637133437,"The Department of Environment Protection inspected your complaint but could not find the problem you reported. If the condition persists, please call 311 (or 212-639-9675 if calling from a non-New York City area code) with more detailed information to submit a new complaint.",Naturally Receded (Unobserved),2.95
66666321,2025-10-30 15:38:00,2025-10-30 17:35:00,Sewer,Street Flooding (SJ),NASSAU AVENUE,NASSAU AVENUE,JEWEL STREET,HUMBOLDT STREET,BROOKLYN,11222,,,"The Department of Environment Protection inspected your complaint but could not find the problem you reported. If the condition persists, please call 311 (or 212-639-9675 if calling from a non-New York City area code) with more detailed information to submit a new complaint.",Naturally Receded (Unobserved),1.95
66668181,2025-10-30 15:35:00,2025-10-30 20:15:00,Sewer,Street Flooding (SJ),380 4 AVENUE,4 AVENUE,5 ST,6 ST,BROOKLYN,11215,40.672679644867486,-73.98679137265114,"The Department of Environment Protection inspected your complaint but could not find the problem you reported. If the condition persists, please call 311 (or 212-639-9675 if calling from a non-New York City area code) with more detailed information to submit a new complaint.",Naturally Receded (Unobserved),4.666666666666667
66664537,2025-10-30 15:35:00,2025-10-31 01:20:00,Sewer,Street Flooding (SJ),,,,,MANHATTAN,10028,40.78152514006051,-73.96041405700397,"The Department of Environment Protection inspected your complaint but could not find the problem you reported. If the condition persists, please call 311 (or 212-639-9675 if calling from a non-New York City area code) with more detailed information to submit a new complaint.",Naturally Receded (Unobserved),9.75
66660886,2025-10-30 15:35:00,2025-10-30 19:25:00,Sewer,Street Flooding (SJ),218 MIDDLETON STREET,MIDDLETON STREET,UNION AVE,THROOP AVE,BROOKLYN,11206,40.704308091627425,-73.9490447503616,"The Department of Environment Protection inspected your complaint but could not find the problem you reported. If the condition persists, please call 311 (or 212-639-9675 if calling from a non-New York City area code) with more detailed information to submit a new complaint.",Naturally Receded (Unobserved),3.8333333333333335
66666323,2025-10-30 15:35:00,2025-10-31 01:00:00,Sewer,Street Flooding (SJ),,,,,MANHATTAN,10026,40.79812871955371,-73.94831198176799,"The Department of Environment Protection inspected your complaint but could not find the problem you reported. If the condition persists, please call 311 (or 212-639-9675 if calling from a non-New York City area code) with more detailed information to submit a new complaint.",Naturally Receded (Unobserved),9.416666666666666
66671849,2025-10-30 15:32:00,2025-10-30 16:20:00,Sewer,Street Flooding (SJ),1451 FULTON STREET,FULTON STREET,TOMPKINS AVE,KINGSTON AVE,BROOKLYN,11216,40.68003870003856,-73.94290171149986,"The Department of Environment Protection inspected your complaint but could not find the problem you reported. If the condition persists, please call 311 (or 212-639-9675 if calling from a non-New York City area code) with more detailed information to submit a new complaint.",Naturally Receded (Unobserved),0.8
66664538,2025-10-30 15:32:00,2025-10-30 21:15:00,Sewer,Street Flooding (SJ),615 OVINGTON AVENUE,OVINGTON AVENUE,6 AVE,STEWART AVE,BROOKLYN,11209,40.63123271762339,-74.0184099802284,"The Department of Environment Protection inspected your complaint but could not find the problem you reported. If the condition persists, please call 311 (or 212-639-9675 if calling from a non-New York City area code) with more detailed information to submit a new complaint.",Naturally Receded (Unobserved),5.716666666666667
66659134,2025-10-30 15:32:00,2025-10-30 21:30:00,Sewer,Street Flooding (SJ),38 86 STREET,86 STREET,NARROWS AVE,COLONIAL RD,BROOKLYN,11209,40.62525228805555,-74.03865029045396,"The Department of Environment Protection inspected your complaint but could not find the problem you reported. If the condition persists, please call 311 (or 212-639-9675 if calling from a non-New York City area code) with more detailed information to submit a new complaint.",Naturally Receded (Unobserved),5.966666666666667
66668186,2025-10-30 15:32:00,2025-10-30 19:15:00,Sewer,Street Flooding (SJ),251 LEE AVENUE,LEE AVENUE,MIDDLETON ST,LORIMER ST,BROOKLYN,11206,40.70055540050795,-73.9541543980035,"The Department of Environment Protection inspected your complaint but could not find the problem you reported. If the condition persists, please call 311 (or 212-639-9675 if calling from a non-New York City area code) with more detailed information to submit a new complaint.",Naturally Receded (Unobserved),3.716666666666667
66668183,2025-10-30 15:32:00,2025-10-30 18:15:00,Sewer,Street Flooding (SJ),722 HUMBOLDT STREET,HUMBOLDT STREET,NASSAU AVE,NORMAN AVE,BROOKLYN,11222,40.72637712250554,-73.94556070311896,"The Department of Environment Protection inspected your complaint but could not find the problem you reported. If the condition persists, please call 311 (or 212-639-9675 if calling from a non-New York City area code) with more detailed information to submit a new complaint.",Naturally Receded (Unobserved),2.716666666666667
66660888,2025-10-30 15:32:00,2025-10-31 00:45:00,Sewer,Street Flooding (SJ),,,,,MANHATTAN,10026,40.79748391979979,-73.94878561956325,"The Department of Environment Protection inspected your complaint but could not find the problem you reported. If the condition persists, please call 311 (or 212-639-9675 if calling from a non-New York City area code) with more detailed information to submit a new complaint.",Naturally Receded (Unobserved),9.216666666666667
66660892,2025-10-30 15:29:00,2025-10-30 20:10:00,Sewer,Street Flooding (SJ),30-02 14 STREET,14 STREET,30 AVE,30 RD,QUEENS,11102,40.77071015938006,-73.93003996302777,"The Department of Environment Protection inspected your complaint but could not find the problem you reported. If the condition persists, please call 311 (or 212-639-9675 if calling from a non-New York City area code) with more detailed information to submit a new complaint.",Naturally Receded (Unobserved),4.683333333333334
66664541,2025-10-30 15:29:00,2025-10-30 20:35:00,Sewer,Street Flooding (SJ),,,,,QUEENS,11102,40.77389783981303,-73.93657514834304,"The Department of Environment Protection inspected your complaint but could not find the problem you reported. If the condition persists, please call 311 (or 212-639-9675 if calling from a non-New York City area code) with more detailed information to submit a new complaint.",Naturally Receded (Unobserved),5.1
66670018,2025-10-30 15:29:00,2025-10-31 03:15:00,Sewer,Street Flooding (SJ),2406 AMSTERDAM AVENUE,AMSTERDAM AVENUE,W 179 ST,W 180 ST,MANHATTAN,10033,40.84706660717321,-73.93167289552211,"The Department of Environment Protection inspected your complaint but could not find the problem you reported. If the condition persists, please call 311 (or 212-639-9675 if calling from a non-New York City area code) with more detailed information to submit a new complaint.",Naturally Receded (Unobserved),11.766666666666667
66662712,2025-10-30 15:23:00,2025-10-31 01:45:00,Sewer,Street Flooding (SJ),,,,,MANHATTAN,10023,40.77860733030423,-73.98162148906776,"The Department of Environment Protection inspected your complaint but could not find the problem you reported. If the condition persists, please call 311 (or 212-639-9675 if calling from a non-New York City area code) with more detailed information to submit a new complaint.",Naturally Receded (Unobserved),10.366666666666667
66671872,2025-10-30 15:23:00,2025-10-30 19:40:00,Sewer,Street Flooding (SJ),115 COLUMBIA STREET,COLUMBIA STREET,BALTIC ST EXTENSION,KANE ST,BROOKLYN,11201,40.68784801159671,-74.00133053826602,The Department of Environmental Protection has investigated this complaint. Surcharge conditions have been confirmed due to rain intensity or volume.,Hydraulic Capacity Surcharge,4.283333333333333
66670040,2025-10-30 15:23:00,2025-10-30 18:40:00,Sewer,Street Flooding (SJ),46-06 VERNON BOULEVARD,VERNON BOULEVARD,46 AVE,46 RD,QUEENS,11101,40.74662836497812,-73.95280541608895,"The Department of Environment Protection inspected your complaint but could not find the problem you reported. If the condition persists, please call 311 (or 212-639-9675 if calling from a non-New York City area code) with more detailed information to submit a new complaint.",Naturally Receded (Unobserved),3.283333333333333
66668208,2025-10-30 15:23:00,2025-10-30 21:10:00,Sewer,Street Flooding (SJ),,,,,STATEN ISLAND,10310,40.640569064202275,-74.11799172993648,"The Department of Environment Protection inspected your complaint but could not find the problem you reported. If the condition persists, please call 311 (or 212-639-9675 if calling from a non-New York City area code) with more detailed information to submit a new complaint.",Naturally Receded (Unobserved),5.783333333333333
66671877,2025-10-30 15:20:00,2025-10-31 02:45:00,Sewer,Street Flooding (SJ),704 AVENUE X,AVENUE X,E 7 ST,CONEY ISLAND AVE,BROOKLYN,11235,40.59137096942836,-73.96266553072175,"The Department of Environment Protection inspected your complaint but could not find the problem you reported. If the condition persists, please call 311 (or 212-639-9675 if calling from a non-New York City area code) with more detailed information to submit a new complaint.",Naturally Receded (Unobserved),11.416666666666666
66670047,2025-10-30 15:08:00,2025-10-30 21:35:00,Sewer,Street Flooding (SJ),,,,,BROOKLYN,11228,40.60882529158477,-74.00982136304201,"The Department of Environment Protection inspected your complaint but could not find the problem you reported. If the condition persists, please call 311 (or 212-639-9675 if calling from a non-New York City area code) with more detailed information to submit a new complaint.",Naturally Receded (Unobserved),6.45
66659144,2025-10-30 15:05:00,2025-10-30 21:50:00,Sewer,Street Flooding (SJ),2421 BATH AVENUE,BATH AVENUE,24 AVE,BAY 37 ST,BROOKLYN,11214,40.59531283429559,-73.99253914699953,"The Department of Environment Protection inspected your complaint but could not find the problem you reported. If the condition persists, please call 311 (or 212-639-9675 if calling from a non-New York City area code) with more detailed information to submit a new complaint.",Naturally Receded (Unobserved),6.75
66660903,2025-10-30 15:02:00,2025-10-30 21:15:00,Sewer,Street Flooding (SJ),58 SIDEVIEW AVENUE,SIDEVIEW AVENUE,ARLENE ST,SPEEDWELL AVE,STATEN ISLAND,10314,40.60714491072746,-74.16729760558466,"The Department of Environment Protection inspected your complaint but could not find the problem you reported. If the condition persists, please call 311 (or 212-639-9675 if calling from a non-New York City area code) with more detailed information to submit a new complaint.",Naturally Receded (Unobserved),6.216666666666667
66668200,2025-10-30 15:02:00,2025-10-30 16:50:00,Sewer,Street Flooding (SJ),42 RADCLIFF ROAD,RADCLIFF ROAD,BEVERLY RD,BEND,STATEN ISLAND,10305,40.598500744143344,-74.07387750301292,"The Department of Environment Protection inspected your complaint but could not find the problem you reported. If the condition persists, please call 311 (or 212-639-9675 if calling from a non-New York City area code) with more detailed information to submit a new complaint.",Naturally Receded (Unobserved),1.8
66668199,2025-10-30 15:02:00,2025-10-30 22:05:00,Sewer,Street Flooding (SJ),2260 BENSON AVENUE,BENSON AVENUE,BAY 32 ST,23 AVE,BROOKLYN,11214,40.5991968037294,-73.99389629273313,"The Department of Environment Protection inspected your complaint but could not find the problem you reported. If the condition persists, please call 311 (or 212-639-9675 if calling from a non-New York City area code) with more detailed information to submit a new complaint.",Naturally Receded (Unobserved),7.05
66662705,2025-10-30 14:59:00,2025-10-31 00:20:00,Sewer,Street Flooding (SJ),,,,,MANHATTAN,10065,40.76273989720193,-73.95969603230795,"The Department of Environment Protection inspected your complaint but could not find the problem you reported. If the condition persists, please call 311 (or 212-639-9675 if calling from a non-New York City area code) with more detailed information to submit a new complaint.",Naturally Receded (Unobserved),9.35
66664559,2025-10-30 14:59:00,2025-10-30 18:15:00,Sewer,Street Flooding (SJ),315 DIXON AVENUE,DIXON AVENUE,LAKE AVE,SIMONSON AVE,STATEN ISLAND,10303,40.62875353457737,-74.1523397049169,"The Department of Environment Protection inspected your complaint but could not find the problem you reported. If the condition persists, please call 311 (or 212-639-9675 if calling from a non-New York City area code) with more detailed information to submit a new complaint.",Naturally Receded (Unobserved),3.2666666666666666
66666350,2025-10-30 14:53:00,2025-10-30 18:30:00,Sewer,Street Flooding (SJ),132 KENNINGTON STREET,KENNINGTON STREET,GREAVES AVE,MILES AVE,STATEN ISLAND,10308,40.558804537879226,-74.15058952154136,"The Department of Environment Protection inspected your complaint but could not find the problem you reported. If the condition persists, please call 311 (or 212-639-9675 if calling from a non-New York City area code) with more detailed information to submit a new complaint.",Naturally Receded (Unobserved),3.6166666666666667
66664561,2025-10-30 14:53:00,2025-10-30 19:35:00,Sewer,Street Flooding (SJ),,,,,STATEN ISLAND,10314,40.6203744289328,-74.13873685567964,"The Department of Environment Protection inspected your complaint but could not find the problem you reported. If the condition persists, please call 311 (or 212-639-9675 if calling from a non-New York City area code) with more detailed information to submit a new complaint.",Naturally Receded (Unobserved),4.7
66659145,2025-10-30 14:53:00,2025-10-30 19:45:00,Sewer,Street Flooding (SJ),7 CEBRA AVENUE,CEBRA AVENUE,CASTLETON AVE,VICTORY BLVD,STATEN ISLAND,10301,40.63431986290185,-74.08632916064987,"The Department of Environment Protection inspected your complaint but could not find the problem you reported. If the condition persists, please call 311 (or 212-639-9675 if calling from a non-New York City area code) with more detailed information to submit a new complaint.",Naturally Receded (Unobserved),4.866666666666666
66660904,2025-10-30 14:50:00,2025-10-30 20:40:00,Sewer,Street Flooding (SJ),133 DUBOIS AVENUE,DUBOIS AVENUE,MARION ST,FLOYD ST,STATEN ISLAND,10310,40.62869734719188,-74.12869208655475,"The Department of Environment Protection inspected your complaint but could not find the problem you reported. If the condition persists, please call 311 (or 212-639-9675 if calling from a non-New York City area code) with more detailed information to submit a new complaint.",Naturally Receded (Unobserved),5.833333333333333
66666353,2025-10-30 14:29:00,2025-10-30 19:15:00,Sewer,Street Flooding (SJ),,,,,STATEN ISLAND,10306,40.57017581197438,-74.09440980225787,"The Department of Environment Protection inspected your complaint but could not find the problem you reported. If the condition persists, please call 311 (or 212-639-9675 if calling from a non-New York City area code) with more detailed information to submit a new complaint.",Naturally Receded (Unobserved),4.766666666666667
66671866,2025-10-30 14:23:00,2025-10-30 18:45:00,Sewer,Street Flooding (SJ),336 COLONY AVENUE,COLONY AVENUE,LINCOLN AVE,GREELEY AVE,STATEN ISLAND,10306,40.57057137660635,-74.09402881792168,"The Department of Environment Protection inspected your complaint but could not find the problem you reported. If the condition persists, please call 311 (or 212-639-9675 if calling from a non-New York City area code) with more detailed information to submit a new complaint.",Naturally Receded (Unobserved),4.366666666666666
66660905,2025-10-30 14:02:00,2025-10-30 14:35:00,Sewer,Street Flooding (SJ),941 EAST   39 STREET,EAST   39 STREET,GLENWOOD RD,AVENUE H,BROOKLYN,11210,40.633792665859175,-73.93908260095627,"The Department of Environment Protection inspected your complaint but could not find the problem you reported. If the condition persists, please call 311 (or 212-639-9675 if calling from a non-New York City area code) with more detailed information to submit a new complaint.",Naturally Receded (Unobserved),0.55
66659148,2025-10-30 13:44:00,2025-10-30 19:00:00,Sewer,Street Flooding (SJ),534 VAN DUZER STREET,VAN DUZER STREET,TARGEE ST,ST PAULS AVE,STATEN ISLAND,10304,40.6268532275859,-74.08370768933756,"The Department of Environment Protection inspected your complaint but could not find the problem you reported. If the condition persists, please call 311 (or 212-639-9675 if calling from a non-New York City area code) with more detailed information to submit a new complaint.",Naturally Receded (Unobserved),5.266666666666667
66664569,2025-10-30 13:38:00,2025-10-30 21:40:00,Sewer,Street Flooding (SJ),1693 RICHMOND TERRACE,RICHMOND TERRACE,ALASKA ST,TAYLOR ST,STATEN ISLAND,10310,40.638717295587234,-74.12232303702534,"The Department of Environment Protection inspected your complaint but could not find the problem you reported. If the condition persists, please call 311 (or 212-639-9675 if calling from a non-New York City area code) with more detailed information to submit a new complaint.",Naturally Receded (Unobserved),8.033333333333333
66670030,2025-10-30 11:11:00,2025-10-30 12:35:00,Sewer,Street Flooding (SJ),,,,,QUEENS,11106,40.75827569385723,-73.93335220513019,"The Department of Environment Protection inspected your complaint but could not find the problem you reported. If the condition persists, please call 311 (or 212-639-9675 if calling from a non-New York City area code) with more detailed information to submit a new complaint.",Naturally Receded (Unobserved),1.4
66670031,2025-10-30 11:02:00,2025-10-30 13:45:00,Sewer,Street Flooding (SJ),1643 BERGEN STREET,BERGEN STREET,UTICA AVE,ROCHESTER AVE,BROOKLYN,11213,40.67494470049943,-73.92868756573242,"The Department of Environment Protection inspected your complaint but could not find the problem you reported. If the condition persists, please call 311 (or 212-639-9675 if calling from a non-New York City area code) with more detailed information to submit a new complaint.",Naturally Receded (Unobserved),2.716666666666667
66668206,2025-10-30 10:35:00,2025-10-30 11:25:00,Sewer,Street Flooding (SJ),100 GOLD STREET,GOLD STREET,FRONT ST,YORK ST,BROOKLYN,11201,40.70186975991626,-73.98283641339845,"The Department of Environment Protection inspected your complaint but could not find the problem you reported. If the condition persists, please call 311 (or 212-639-9675 if calling from a non-New York City area code) with more detailed information to submit a new complaint.",Naturally Receded (Unobserved),0.8333333333333334
66670032,2025-10-30 10:14:00,2025-10-30 14:40:00,Sewer,Street Flooding (SJ),43 ROME AVENUE,ROME AVENUE,GATEWAY DR,TARGEE ST,STATEN ISLAND,10304,40.60168360577979,-74.09074877844522,"The Department of Environment Protection inspected your complaint but could not find the problem you reported. If the condition persists, please call 311 (or 212-639-9675 if calling from a non-New York City area code) with more detailed information to submit a new complaint.",Naturally Receded (Unobserved),4.433333333333334
66670033,2025-10-30 09:47:00,2025-10-30 14:05:00,Sewer,Street Flooding (SJ),754 CONEY ISLAND AVENUE,CONEY ISLAND AVENUE,CORTELYOU RD,CORTELYOU RD,BROOKLYN,11218,40.639162387626115,-73.96877498048596,"The Department of Environment Protection inspected your complaint but could not find the problem you reported. If the condition persists, please call 311 (or 212-639-9675 if calling from a non-New York City area code) with more detailed information to submit a new complaint.",Naturally Receded (Unobserved),4.3
66659150,2025-10-30 08:14:00,2025-10-30 09:55:00,Sewer,Street Flooding (SJ),788 EASTERN PARKWAY,EASTERN PARKWAY,BROOKLYN AVE,KINGSTON AVE,BROOKLYN,11213,40.66941627434631,-73.94261160666797,"The Department of Environment Protection inspected your complaint but could not find the problem you reported. If the condition persists, please call 311 (or 212-639-9675 if calling from a non-New York City area code) with more detailed information to submit a new complaint.",Naturally Receded (Unobserved),1.6833333333333333
66660907,2025-10-30 07:32:00,2025-10-30 17:05:00,Sewer,Street Flooding (SJ),,,,,QUEENS,11421,40.683416203598256,-73.86549831896545,"The Department of Environment Protection inspected your complaint but could not find the problem you reported. If the condition persists, please call 311 (or 212-639-9675 if calling from a non-New York City area code) with more detailed information to submit a new complaint.",Naturally Receded (Unobserved),9.55
66589113,2025-10-23 14:39:00,2025-10-23 18:05:00,Sewer,Street Flooding (SJ),519 ST ANNS AVENUE,ST ANNS AVENUE,E 147 ST,E 148 ST,BRONX,10455,40.8135166695223,-73.91340227162324,"The Department of Environment Protection inspected your complaint but could not find the problem you reported. If the condition persists, please call 311 (or 212-639-9675 if calling from a non-New York City area code) with more detailed information to submit a new complaint.",Naturally Receded (Unobserved),3.433333333333333
66576503,2025-10-22 13:53:00,2025-10-22 14:25:00,Sewer,Street Flooding (SJ),360 ADAMS STREET,ADAMS STREET,JOHNSON ST,WILLOUGHBY ST,BROOKLYN,11201,40.69412202737985,-73.98890392545164,"The Department of Environment Protection inspected your complaint but could not find the problem you reported. If the condition persists, please call 311 (or 212-639-9675 if calling from a non-New York City area code) with more detailed information to submit a new complaint.",Naturally Receded (Unobserved),0.5333333333333333
66498178,2025-10-16 11:23:00,2025-10-16 16:45:00,Sewer,Street Flooding (SJ),314 STEWART AVENUE,STEWART AVENUE,WATCHOGUE RD,CASWELL AVE,STATEN ISLAND,10314,40.616293141265245,-74.14522266060449,"The Department of Environment Protection inspected your complaint but could not find the problem you reported. If the condition persists, please call 311 (or 212-639-9675 if calling from a non-New York City area code) with more detailed information to submit a new complaint.",Naturally Receded (Unobserved),5.366666666666666
66482680,2025-10-14 22:08:00,2025-10-15 09:15:00,Sewer,Street Flooding (SJ),,,,,QUEENS,11379,40.721439915986586,-73.8808405323405,"The Department of Environment Protection inspected your complaint but could not find the problem you reported. If the condition persists, please call 311 (or 212-639-9675 if calling from a non-New York City area code) with more detailed information to submit a new complaint.",Naturally Receded (Unobserved),11.116666666666667
66467656,2025-10-13 21:38:00,2025-10-14 02:45:00,Sewer,Street Flooding (SJ),135-21 224 STREET,224 STREET,135 AVE,137 AVE,QUEENS,11413,40.675802453273334,-73.74674552662712,"The Department of Environment Protection inspected your complaint but could not find the problem you reported. If the condition persists, please call 311 (or 212-639-9675 if calling from a non-New York City area code) with more detailed information to submit a new complaint.",Naturally Receded (Unobserved),5.116666666666666
66467657,2025-10-13 13:44:00,2025-10-13 20:40:00,Sewer,Street Flooding (SJ),116-16 117 STREET,117 STREET,115 AVE,SUTTER AVE,QUEENS,11420,40.67604370820407,-73.82113724423833,"The Department of Environment Protection inspected your complaint but could not find the problem you reported. If the condition persists, please call 311 (or 212-639-9675 if calling from a non-New York City area code) with more detailed information to submit a new complaint.",Naturally Receded (Unobserved),6.933333333333334
66469142,2025-10-13 13:38:00,2025-10-13 19:50:00,Sewer,Street Flooding (SJ),93-28 74 PLACE,74 PLACE,93 AVE,ATLANTIC AVE,QUEENS,11421,40.68409983212491,-73.86565198072216,"The Department of Environment Protection inspected your complaint but could not find the problem you reported. If the condition persists, please call 311 (or 212-639-9675 if calling from a non-New York City area code) with more detailed information to submit a new complaint.",Naturally Receded (Unobserved),6.2
66469143,2025-10-13 13:23:00,2025-10-13 14:15:00,Sewer,Street Flooding (SJ),,,,,QUEENS,11413,40.67662881080246,-73.75314162367319,"The Department of Environment Protection inspected your complaint but could not find the problem you reported. If the condition persists, please call 311 (or 212-639-9675 if calling from a non-New York City area code) with more detailed information to submit a new complaint.",Naturally Receded (Unobserved),0.8666666666666667
66470573,2025-10-13 13:05:00,2025-10-13 14:15:00,Sewer,Street Flooding (SJ),315 BEACH   29 STREET,BEACH   29 STREET,SEAGIRT BLVD,DEERFIELD RD,QUEENS,11691,40.596494410413804,-73.76223842444878,"The Department of Environment Protection inspected your complaint but could not find the problem you reported. If the condition persists, please call 311 (or 212-639-9675 if calling from a non-New York City area code) with more detailed information to submit a new complaint.",Naturally Receded (Unobserved),1.1666666666666667
66471995,2025-10-13 12:44:00,2025-10-13 13:45:00,Sewer,Street Flooding (SJ),424 BEACH   37 STREET,BEACH   37 STREET,BEACH CHANNEL DR,NORTON AVE,QUEENS,11691,40.59676246440111,-73.76986775330938,"The Department of Environment Protection inspected your complaint but could not find the problem you reported. If the condition persists, please call 311 (or 212-639-9675 if calling from a non-New York City area code) with more detailed information to submit a new complaint.",Naturally Receded (Unobserved),1.0166666666666666
66467658,2025-10-13 11:50:00,2025-10-13 12:30:00,Sewer,Street Flooding (SJ),126-13 180 STREET,180 STREET,EVELETH RD,DEAD END,QUEENS,11434,40.68278057900961,-73.76128178102279,"The Department of Environment Protection inspected your complaint but could not find the problem you reported. If the condition persists, please call 311 (or 212-639-9675 if calling from a non-New York City area code) with more detailed information to submit a new complaint.",Naturally Receded (Unobserved),0.6666666666666666
66467659,2025-10-13 10:59:00,2025-10-13 11:50:00,Sewer,Street Flooding (SJ),18 MILBANK ROAD,MILBANK ROAD,NEUTRAL AVE,CEDAR GROVE AVE,STATEN ISLAND,10306,40.561154772543695,-74.10267465976658,"The Department of Environment Protection inspected your complaint but could not find the problem you reported. If the condition persists, please call 311 (or 212-639-9675 if calling from a non-New York City area code) with more detailed information to submit a new complaint.",Naturally Receded (Unobserved),0.85
66469144,2025-10-13 10:35:00,2025-10-13 13:20:00,Sewer,Street Flooding (SJ),240 EAST   47 STREET,EAST   47 STREET,3 AVE,2 AVE,MANHATTAN,10017,40.75352374061433,-73.97116129485991,"The Department of Environment Protection inspected your complaint but could not find the problem you reported. If the condition persists, please call 311 (or 212-639-9675 if calling from a non-New York City area code) with more detailed information to submit a new complaint.",Naturally Receded (Unobserved),2.75
66461841,2025-10-13 10:32:00,2025-10-13 12:45:00,Sewer,Street Flooding (SJ),,,,,QUEENS,11379,40.721439915986586,-73.8808405323405,"The Department of Environment Protection inspected your complaint but could not find the problem you reported. If the condition persists, please call 311 (or 212-639-9675 if calling from a non-New York City area code) with more detailed information to submit a new complaint.",Naturally Receded (Unobserved),2.216666666666667
66467660,2025-10-13 08:32:00,2025-10-13 11:30:00,Sewer,Street Flooding (SJ),142-38 254 STREET,254 STREET,MEMPHIS AVE,BEND,QUEENS,11422,40.65910593252858,-73.733397473257,"The Department of Environment Protection inspected your complaint but could not find the problem you reported. If the condition persists, please call 311 (or 212-639-9675 if calling from a non-New York City area code) with more detailed information to submit a new complaint.",Naturally Receded (Unobserved),2.966666666666667
66467661,2025-10-13 08:23:00,2025-10-13 09:00:00,Sewer,Street Flooding (SJ),1693 RICHMOND TERRACE,RICHMOND TERRACE,ALASKA ST,TAYLOR ST,STATEN ISLAND,10310,40.638717295587234,-74.12232303702534,"The Department of Environment Protection inspected your complaint but could not find the problem you reported. If the condition persists, please call 311 (or 212-639-9675 if calling from a non-New York City area code) with more detailed information to submit a new complaint.",Naturally Receded (Unobserved),0.6166666666666667
66469145,2025-10-13 05:44:00,2025-10-13 09:40:00,Sewer,Street Flooding (SJ),597 4 AVENUE,4 AVENUE,PROSPECT EXPY,17 ST,BROOKLYN,11215,40.665000321341566,-73.99328470533011,"The Department of Environment Protection inspected your complaint but could not find the problem you reported. If the condition persists, please call 311 (or 212-639-9675 if calling from a non-New York City area code) with more detailed information to submit a new complaint.",Naturally Receded (Unobserved),3.933333333333333
66461842,2025-10-13 05:23:00,2025-10-13 10:25:00,Sewer,Street Flooding (SJ),23-10 42 ROAD,42 ROAD,23 ST,24 ST,QUEENS,11101,40.750554243568075,-73.94266442144271,"The Department of Environment Protection inspected your complaint but could not find the problem you reported. If the condition persists, please call 311 (or 212-639-9675 if calling from a non-New York City area code) with more detailed information to submit a new complaint.",Naturally Receded (Unobserved),5.033333333333333
66471997,2025-10-13 03:08:00,2025-10-13 09:10:00,Sewer,Street Flooding (SJ),424 BEACH   37 STREET,BEACH   37 STREET,BEACH CHANNEL DR,NORTON AVE,QUEENS,11691,40.59676246440111,-73.76986775330938,"The Department of Environment Protection inspected your complaint but could not find the problem you reported. If the condition persists, please call 311 (or 212-639-9675 if calling from a non-New York City area code) with more detailed information to submit a new complaint.",Naturally Receded (Unobserved),6.033333333333333
66470571,2025-10-13 00:35:00,2025-10-13 01:20:00,Sewer,Street Flooding (SJ),289 STERLING PLACE,STERLING PLACE,VANDERBILT AVE,BUTLER PL,BROOKLYN,11238,40.675684337426645,-73.96840097250397,"The Department of Environment Protection inspected your complaint but could not find the problem you reported. If the condition persists, please call 311 (or 212-639-9675 if calling from a non-New York City area code) with more detailed information to submit a new complaint.",Naturally Receded (Unobserved),0.75
66454815,2025-10-12 17:38:00,2025-10-12 20:05:00,Sewer,Street Flooding (SJ),130-15 176 PLACE,176 PLACE,130 AVE,DEAD END,QUEENS,11434,40.67917548652838,-73.76604652256388,"The Department of Environment Protection inspected your complaint but could not find the problem you reported. If the condition persists, please call 311 (or 212-639-9675 if calling from a non-New York City area code) with more detailed information to submit a new complaint.",Naturally Receded (Unobserved),2.45
66458306,2025-10-12 15:26:00,2025-10-12 17:40:00,Sewer,Street Flooding (SJ),163-40 89 STREET,89 STREET,163 AVE,164 AVE,QUEENS,11414,40.651401183575906,-73.84184605674433,"The Department of Environment Protection inspected your complaint but could not find the problem you reported. If the condition persists, please call 311 (or 212-639-9675 if calling from a non-New York City area code) with more detailed information to submit a new complaint.",Naturally Receded (Unobserved),2.2333333333333334
66454816,2025-10-12 11:14:00,2025-10-12 12:30:00,Sewer,Street Flooding (SJ),30 74 STREET,74 STREET,NARROWS AVE,COLONIAL RD,BROOKLYN,11209,40.633957136172405,-74.03515693239441,"The Department of Environment Protection inspected your complaint but could not find the problem you reported. If the condition persists, please call 311 (or 212-639-9675 if calling from a non-New York City area code) with more detailed information to submit a new complaint.",Naturally Receded (Unobserved),1.2666666666666666
66437738,2025-10-10 21:59:00,2025-10-11 00:45:00,Sewer,Street Flooding (SJ),240 EAST   47 STREET,EAST   47 STREET,3 AVE,2 AVE,MANHATTAN,10017,40.75352374061433,-73.97116129485991,"The Department of Environment Protection inspected your complaint but could not find the problem you reported. If the condition persists, please call 311 (or 212-639-9675 if calling from a non-New York City area code) with more detailed information to submit a new complaint.",Naturally Receded (Unobserved),2.7666666666666666
66436425,2025-10-10 14:17:00,2025-10-10 20:00:00,Sewer,Street Flooding (SJ),32 WEST   43 STREET,WEST   43 STREET,5 AVE,AVENUE OF THE AMERICAS,MANHATTAN,10036,40.7546484803373,-73.9815883958443,"The Department of Environment Protection inspected your complaint but could not find the problem you reported. If the condition persists, please call 311 (or 212-639-9675 if calling from a non-New York City area code) with more detailed information to submit a new complaint.",Naturally Receded (Unobserved),5.716666666666667
66440458,2025-10-10 12:50:00,2025-10-10 13:15:00,Sewer,Street Flooding (SJ),175-06 DEVONSHIRE ROAD,DEVONSHIRE ROAD,HENLEY RD,DALNY RD,QUEENS,11432,40.714791442989466,-73.78861120006707,"The Department of Environment Protection inspected your complaint but could not find the problem you reported. If the condition persists, please call 311 (or 212-639-9675 if calling from a non-New York City area code) with more detailed information to submit a new complaint.",Naturally Receded (Unobserved),0.4166666666666667
66432569,2025-10-10 11:59:00,2025-10-10 13:30:00,Sewer,Street Flooding (SJ),34-12 36 STREET,36 STREET,34 AVE,35 AVE,QUEENS,11106,40.75744344420701,-73.92356029244522,"The Department of Environment Protection inspected your complaint but could not find the problem you reported. If the condition persists, please call 311 (or 212-639-9675 if calling from a non-New York City area code) with more detailed information to submit a new complaint.",Naturally Receded (Unobserved),1.5166666666666666
66437739,2025-10-10 10:26:00,2025-10-10 11:10:00,Sewer,Street Flooding (SJ),CENTRAL AVENUE,CENTRAL AVENUE,68 STREET,68 PLACE,QUEENS,11385,,,"The Department of Environment Protection inspected your complaint but could not find the problem you reported. If the condition persists, please call 311 (or 212-639-9675 if calling from a non-New York City area code) with more detailed information to submit a new complaint.",Naturally Receded (Unobserved),0.7333333333333333
66414885,2025-10-08 20:56:00,2025-10-08 22:15:00,Sewer,Street Flooding (SJ),11 WEST   42 STREET,WEST   42 STREET,5 AVE,AVENUE OF THE AMERICAS,MANHATTAN,10036,40.75378937658507,-73.98159946138878,"The Department of Environment Protection inspected your complaint but could not find the problem you reported. If the condition persists, please call 311 (or 212-639-9675 if calling from a non-New York City area code) with more detailed information to submit a new complaint.",Naturally Receded (Unobserved),1.3166666666666667
66417739,2025-10-08 17:17:00,2025-10-08 18:00:00,Sewer,Street Flooding (SJ),2200 BARTOW AVENUE,BARTOW AVENUE,CO-OP CITY BLVD,BAY PLAZA DRWY,BRONX,10475,40.869320804199795,-73.82506461488518,"The Department of Environment Protection inspected your complaint but could not find the problem you reported. If the condition persists, please call 311 (or 212-639-9675 if calling from a non-New York City area code) with more detailed information to submit a new complaint.",Naturally Receded (Unobserved),0.7166666666666667
66416325,2025-10-08 13:47:00,2025-10-08 14:40:00,Sewer,Street Flooding (SJ),724 HUMBOLDT STREET,HUMBOLDT STREET,NASSAU AVE,NORMAN AVE,BROOKLYN,11222,40.72642927799041,-73.94557148416195,"The Department of Environment Protection inspected your complaint but could not find the problem you reported. If the condition persists, please call 311 (or 212-639-9675 if calling from a non-New York City area code) with more detailed information to submit a new complaint.",Naturally Receded (Unobserved),0.8833333333333333
66394398,2025-10-06 17:44:00,2025-10-06 22:40:00,Sewer,Street Flooding (SJ),,,,,MANHATTAN,10035,40.80322395294838,-73.94459845460224,"The Department of Environment Protection inspected your complaint but could not find the problem you reported. If the condition persists, please call 311 (or 212-639-9675 if calling from a non-New York City area code) with more detailed information to submit a new complaint.",Naturally Receded (Unobserved),4.933333333333334
66364084,2025-10-03 03:29:00,2025-10-03 12:25:00,Sewer,Street Flooding (SJ),25-12 88 STREET,88 STREET,25 AVE,30 AVE,QUEENS,11369,40.76327845021831,-73.88109417937324,"The Department of Environment Protection inspected your complaint but could not find the problem you reported. If the condition persists, please call 311 (or 212-639-9675 if calling from a non-New York City area code) with more detailed information to submit a new complaint.",Naturally Receded (Unobserved),8.933333333333334
66349598,2025-10-02 00:05:00,2025-10-02 10:45:00,Sewer,Street Flooding (SJ),73-08 FOREST AVENUE,FOREST AVENUE,NORMAN ST,SUMMERFIELD ST,QUEENS,11385,40.69956473161875,-73.89865212465601,"The Department of Environment Protection inspected your complaint but could not find the problem you reported. If the condition persists, please call 311 (or 212-639-9675 if calling from a non-New York City area code) with more detailed information to submit a new complaint.",Naturally Receded (Unobserved),10.666666666666666
66338146,2025-10-01 21:32:00,2025-10-02 09:20:00,Sewer,Street Flooding (SJ),330 JAY STREET,JAY STREET,JOHNSON ST,MYRTLE AVE,BROOKLYN,11201,40.69449513877267,-73.98719815238266,"The Department of Environment Protection inspected your complaint but could not find the problem you reported. If the condition persists, please call 311 (or 212-639-9675 if calling from a non-New York City area code) with more detailed information to submit a new complaint.",Naturally Receded (Unobserved),11.8
66322357,2025-09-30 11:35:00,2025-09-30 12:00:00,Sewer,Street Flooding (SJ),42-25 VERNON BOULEVARD,VERNON BOULEVARD,QUEENS PLZA S,43 AVE,QUEENS,11101,40.753812797840126,-73.94969266191669,"The Department of Environment Protection inspected your complaint but could not find the problem you reported. If the condition persists, please call 311 (or 212-639-9675 if calling from a non-New York City area code) with more detailed information to submit a new complaint.",Naturally Receded (Unobserved),0.4166666666666667
66320946,2025-09-30 11:20:00,2025-09-30 12:00:00,Sewer,Street Flooding (SJ),44-68 VERNON BOULEVARD,VERNON BOULEVARD,44 DR,45 AVE,QUEENS,11101,40.748911754390136,-73.95221912419484,"The Department of Environment Protection inspected your complaint but could not find the problem you reported. If the condition persists, please call 311 (or 212-639-9675 if calling from a non-New York City area code) with more detailed information to submit a new complaint.",Naturally Receded (Unobserved),0.6666666666666666
66287816,2025-09-26 12:29:00,2025-09-26 13:45:00,Sewer,Street Flooding (SJ),,,,,MANHATTAN,10029,40.79156987284118,-73.94467676956667,"The Department of Environment Protection inspected your complaint but could not find the problem you reported. If the condition persists, please call 311 (or 212-639-9675 if calling from a non-New York City area code) with more detailed information to submit a new complaint.",Naturally Receded (Unobserved),1.2666666666666666
66287817,2025-09-26 12:20:00,2025-09-26 13:00:00,Sewer,Street Flooding (SJ),46-01 QUEENS BOULEVARD,QUEENS BOULEVARD,46 ST,47 ST,QUEENS,11104,40.74314810880159,-73.91855686820386,"The Department of Environment Protection inspected your complaint but could not find the problem you reported. If the condition persists, please call 311 (or 212-639-9675 if calling from a non-New York City area code) with more detailed information to submit a new complaint.",Naturally Receded (Unobserved),0.6666666666666666
66287818,2025-09-26 10:50:00,2025-09-26 13:45:00,Sewer,Street Flooding (SJ),102-57 63 AVENUE,63 AVENUE,102 ST,YELLOWSTONE BLVD,QUEENS,11375,40.733772354787426,-73.85474862653422,"The Department of Environment Protection inspected your complaint but could not find the problem you reported. If the condition persists, please call 311 (or 212-639-9675 if calling from a non-New York City area code) with more detailed information to submit a new complaint.",Naturally Receded (Unobserved),2.9166666666666665
66269644,2025-09-25 21:41:00,2025-09-26 06:10:00,Sewer,Street Flooding (SJ),19 ROME AVENUE,ROME AVENUE,GATEWAY DR,TARGEE ST,STATEN ISLAND,10304,40.6016429212688,-74.09012932688103,"The Department of Environment Protection inspected your complaint but could not find the problem you reported. If the condition persists, please call 311 (or 212-639-9675 if calling from a non-New York City area code) with more detailed information to submit a new complaint.",Naturally Receded (Unobserved),8.483333333333333
66276030,2025-09-25 15:38:00,2025-09-25 20:25:00,Sewer,Street Flooding (SJ),272 BELMONT AVENUE,BELMONT AVENUE,HINSDALE ST,WILLIAMS AVE,BROOKLYN,11207,40.669977136473044,-73.89986504848116,"The Department of Environment Protection inspected your complaint but could not find the problem you reported. If the condition persists, please call 311 (or 212-639-9675 if calling from a non-New York City area code) with more detailed information to submit a new complaint.",Naturally Receded (Unobserved),4.783333333333333
66269645,2025-09-25 10:32:00,2025-09-25 11:15:00,Sewer,Street Flooding (SJ),260-19 NASSAU BOULEVARD,NASSAU BOULEVARD,LITTLE NECK PKWY,260 ST,QUEENS,11362,40.76576831681681,-73.72426311582929,"The Department of Environment Protection inspected your complaint but could not find the problem you reported. If the condition persists, please call 311 (or 212-639-9675 if calling from a non-New York City area code) with more detailed information to submit a new complaint.",Naturally Receded (Unobserved),0.7166666666666667
66269646,2025-09-25 10:05:00,2025-09-25 17:30:00,Sewer,Street Flooding (SJ),,,,,QUEENS,11413,40.66849615204526,-73.74195009421065,"The Department of Environment Protection inspected your complaint but could not find the problem you reported. If the condition persists, please call 311 (or 212-639-9675 if calling from a non-New York City area code) with more detailed information to submit a new complaint.",Naturally Receded (Unobserved),7.416666666666667
66276032,2025-09-25 08:20:00,2025-09-25 17:10:00,Sewer,Street Flooding (SJ),,,,,QUEENS,11413,40.67662881080246,-73.75314162367319,"The Department of Environment Protection inspected your complaint but could not find the problem you reported. If the condition persists, please call 311 (or 212-639-9675 if calling from a non-New York City area code) with more detailed information to submit a new complaint.",Naturally Receded (Unobserved),8.833333333333334
66270924,2025-09-25 08:02:00,2025-09-25 16:20:00,Sewer,Street Flooding (SJ),177-14 110 AVENUE,110 AVENUE,177 ST,178 ST,QUEENS,11433,40.69834252581193,-73.77723475746363,"The Department of Environment Protection inspected your complaint but could not find the problem you reported. If the condition persists, please call 311 (or 212-639-9675 if calling from a non-New York City area code) with more detailed information to submit a new complaint.",Naturally Receded (Unobserved),8.3
66234240,2025-09-22 16:05:00,2025-09-22 18:00:00,Sewer,Street Flooding (SJ),681 EAST  231 STREET,EAST  231 STREET,CARPENTER AVE,WHITE PLAINS RD,BRONX,10466,40.892334855119614,-73.85900645803751,"The Department of Environment Protection inspected your complaint but could not find the problem you reported. If the condition persists, please call 311 (or 212-639-9675 if calling from a non-New York City area code) with more detailed information to submit a new complaint.",Naturally Receded (Unobserved),1.9166666666666667
66235730,2025-09-22 09:38:00,2025-09-22 12:00:00,Sewer,Street Flooding (SJ),535 EAST   29 STREET,EAST   29 STREET,FOSTER AVE,FARRAGUT RD,BROOKLYN,11210,40.637610056077065,-73.949120902511,"The Department of Environment Protection inspected your complaint but could not find the problem you reported. If the condition persists, please call 311 (or 212-639-9675 if calling from a non-New York City area code) with more detailed information to submit a new complaint.",Naturally Receded (Unobserved),2.3666666666666667
66221977,2025-09-20 11:05:00,2025-09-20 13:00:00,Sewer,Street Flooding (SJ),61-34 75 STREET,75 STREET,LUTHERAN AVE,JUNIPER BLVD N,QUEENS,11379,40.72174267018602,-73.8843466091664,"The Department of Environment Protection inspected your complaint but could not find the problem you reported. If the condition persists, please call 311 (or 212-639-9675 if calling from a non-New York City area code) with more detailed information to submit a new complaint.",Naturally Receded (Unobserved),1.9166666666666667
66207823,2025-09-19 15:59:00,2025-09-19 17:15:00,Sewer,Street Flooding (SJ),,,,,BROOKLYN,11226,40.64943991839931,-73.9630762940512,"The Department of Environment Protection inspected your complaint but could not find the problem you reported. If the condition persists, please call 311 (or 212-639-9675 if calling from a non-New York City area code) with more detailed information to submit a new complaint.",Naturally Receded (Unobserved),1.2666666666666666
66159099,2025-09-15 16:53:00,2025-09-15 19:45:00,Sewer,Street Flooding (SJ),171 EAST    2 STREET,EAST    2 STREET,AVENUE A,AVENUE B,MANHATTAN,10009,40.72257102481236,-73.98475397201939,"The Department of Environment Protection inspected your complaint but could not find the problem you reported. If the condition persists, please call 311 (or 212-639-9675 if calling from a non-New York City area code) with more detailed information to submit a new complaint.",Naturally Receded (Unobserved),2.8666666666666667
66167527,2025-09-15 13:11:00,2025-09-15 17:10:00,Sewer,Street Flooding (SJ),50 LENOX ROAD,LENOX ROAD,FLATBUSH AVE,BEDFORD AVE,BROOKLYN,11226,40.653665079899866,-73.95783021184418,"The Department of Environment Protection inspected your complaint but could not find the problem you reported. If the condition persists, please call 311 (or 212-639-9675 if calling from a non-New York City area code) with more detailed information to submit a new complaint.",Naturally Receded (Unobserved),3.9833333333333334
66122639,2025-09-11 17:29:00,2025-09-11 20:00:00,Sewer,Street Flooding (SJ),,,,,MANHATTAN,10014,40.74930290257624,-74.00806277650474,"The Department of Environment Protection inspected your complaint but could not find the problem you reported. If the condition persists, please call 311 (or 212-639-9675 if calling from a non-New York City area code) with more detailed information to submit a new complaint.",Naturally Receded (Unobserved),2.5166666666666666
66118522,2025-09-11 07:34:00,2025-09-11 18:40:00,Sewer,Street Flooding (SJ),326 BEACH   84 STREET,BEACH   84 STREET,BEACH CHANNEL DR,LONG BAR BAY SHORELINE,QUEENS,11693,40.59115965844736,-73.8100551795094,"The Department of Environment Protection inspected your complaint but could not find the problem you reported. If the condition persists, please call 311 (or 212-639-9675 if calling from a non-New York City area code) with more detailed information to submit a new complaint.",Naturally Receded (Unobserved),11.1
66119858,2025-09-11 07:16:00,2025-09-11 08:15:00,Sewer,Street Flooding (SJ),184 DYCKMAN STREET,DYCKMAN STREET,SHERMAN AVE,VERMILYEA AVE,MANHATTAN,10040,40.86432760701411,-73.92650326602224,"The Department of Environment Protection inspected your complaint but could not find the problem you reported. If the condition persists, please call 311 (or 212-639-9675 if calling from a non-New York City area code) with more detailed information to submit a new complaint.",Naturally Receded (Unobserved),0.9833333333333333
66107986,2025-09-10 12:04:00,2025-09-10 13:30:00,Sewer,Street Flooding (SJ),29-76 NORTHERN BOULEVARD,NORTHERN BOULEVARD,41 AVE,40 RD,QUEENS,11101,40.750465246030004,-73.93528371485934,"The Department of Environment Protection inspected your complaint but could not find the problem you reported. If the condition persists, please call 311 (or 212-639-9675 if calling from a non-New York City area code) with more detailed information to submit a new complaint.",Naturally Receded (Unobserved),1.4333333333333333
66088009,2025-09-08 14:43:00,2025-09-08 18:20:00,Sewer,Street Flooding (SJ),,,,,BROOKLYN,11230,40.632038737821944,-73.96553220913535,"The Department of Environment Protection inspected your complaint but could not find the problem you reported. If the condition persists, please call 311 (or 212-639-9675 if calling from a non-New York City area code) with more detailed information to submit a new complaint.",Naturally Receded (Unobserved),3.6166666666666667
66081589,2025-09-07 19:04:00,2025-09-08 03:00:00,Sewer,Street Flooding (SJ),14-20 MINTON STREET,MINTON STREET,AUGUSTINA AVE,BRUNSWICK AVE,QUEENS,11691,40.609253035192914,-73.74841340193365,"The Department of Environment Protection inspected your complaint but could not find the problem you reported. If the condition persists, please call 311 (or 212-639-9675 if calling from a non-New York City area code) with more detailed information to submit a new complaint.",Naturally Receded (Unobserved),7.933333333333334
66077470,2025-09-07 18:28:00,2025-09-08 04:15:00,Sewer,Street Flooding (SJ),84-46 108 STREET,108 STREET,PARK LANE S,85 AVE,QUEENS,11418,40.70027747210467,-73.8418527287231,"The Department of Environment Protection inspected your complaint but could not find the problem you reported. If the condition persists, please call 311 (or 212-639-9675 if calling from a non-New York City area code) with more detailed information to submit a new complaint.",Naturally Receded (Unobserved),9.783333333333333
66081588,2025-09-07 13:16:00,2025-09-07 13:45:00,Sewer,Street Flooding (SJ),,,,,MANHATTAN,10023,40.7753720958196,-73.98770974232366,"The Department of Environment Protection inspected your complaint but could not find the problem you reported. If the condition persists, please call 311 (or 212-639-9675 if calling from a non-New York City area code) with more detailed information to submit a new complaint.",Naturally Receded (Unobserved),0.48333333333333334
66082611,2025-09-07 12:31:00,2025-09-07 13:10:00,Sewer,Street Flooding (SJ),40 NORTH BURGHER AVENUE,NORTH BURGHER AVENUE,RICHMOND TER,SKINNER LN,STATEN ISLAND,10310,40.64036017488433,-74.1155699887723,"The Department of Environment Protection inspected your complaint but could not find the problem you reported. If the condition persists, please call 311 (or 212-639-9675 if calling from a non-New York City area code) with more detailed information to submit a new complaint.",Naturally Receded (Unobserved),0.65
66077472,2025-09-07 04:28:00,2025-09-07 10:20:00,Sewer,Street Flooding (SJ),2637 HARWAY AVENUE,HARWAY AVENUE,BAY 43 ST,BAY 44 ST,BROOKLYN,11214,40.590758950259605,-73.98923434883284,"The Department of Environment Protection inspected your complaint but could not find the problem you reported. If the condition persists, please call 311 (or 212-639-9675 if calling from a non-New York City area code) with more detailed information to submit a new complaint.",Naturally Receded (Unobserved),5.866666666666666
66065214,2025-09-06 23:13:00,2025-09-07 02:00:00,Sewer,Street Flooding (SJ),1 EAST END AVENUE,EAST END AVENUE,E 79 ST,E 80 ST,MANHATTAN,10075,40.770491846934455,-73.94799045614377,"The Department of Environment Protection inspected your complaint but could not find the problem you reported. If the condition persists, please call 311 (or 212-639-9675 if calling from a non-New York City area code) with more detailed information to submit a new complaint.",Naturally Receded (Unobserved),2.783333333333333
66072775,2025-09-06 21:28:00,2025-09-07 09:15:00,Sewer,Street Flooding (SJ),,,,,BROOKLYN,11210,40.634059998427766,-73.94680695143508,"The Department of Environment Protection inspected your complaint but could not find the problem you reported. If the condition persists, please call 311 (or 212-639-9675 if calling from a non-New York City area code) with more detailed information to submit a new complaint.",Naturally Receded (Unobserved),11.783333333333333
66068980,2025-09-06 17:58:00,2025-09-06 18:45:00,Sewer,Street Flooding (SJ),732 8 AVENUE,8 AVENUE,W 45 ST,W 46 ST,MANHATTAN,10036,40.75940050117134,-73.9882036042376,"The Department of Environment Protection inspected your complaint but could not find the problem you reported. If the condition persists, please call 311 (or 212-639-9675 if calling from a non-New York City area code) with more detailed information to submit a new complaint.",Naturally Receded (Unobserved),0.7833333333333333
66067714,2025-09-06 17:46:00,2025-09-06 19:05:00,Sewer,Street Flooding (SJ),160-31 CROSS BAY BOULEVARD,CROSS BAY BOULEVARD,160 AVE,161 AVE,QUEENS,11414,40.65689271539017,-73.83929933613628,"The Department of Environment Protection inspected your complaint but could not find the problem you reported. If the condition persists, please call 311 (or 212-639-9675 if calling from a non-New York City area code) with more detailed information to submit a new complaint.",Naturally Receded (Unobserved),1.3166666666666667
66070234,2025-09-06 17:40:00,2025-09-06 18:30:00,Sewer,Street Flooding (SJ),177-14 110 AVENUE,110 AVENUE,177 ST,178 ST,QUEENS,11433,40.69834252581193,-73.77723475746363,"The Department of Environment Protection inspected your complaint but could not find the problem you reported. If the condition persists, please call 311 (or 212-639-9675 if calling from a non-New York City area code) with more detailed information to submit a new complaint.",Naturally Receded (Unobserved),0.8333333333333334
66071547,2025-09-06 17:34:00,2025-09-06 18:10:00,Sewer,Street Flooding (SJ),415 BRITTON AVENUE,BRITTON AVENUE,PIERCE ST,DE KALB ST,STATEN ISLAND,10304,40.60875778992791,-74.08608721698604,"The Department of Environment Protection inspected your complaint but could not find the problem you reported. If the condition persists, please call 311 (or 212-639-9675 if calling from a non-New York City area code) with more detailed information to submit a new complaint.",Naturally Receded (Unobserved),0.6
66065215,2025-09-06 17:25:00,2025-09-06 18:05:00,Sewer,Street Flooding (SJ),223-45 104 AVENUE,104 AVENUE,223 ST,225 ST,QUEENS,11429,40.710747278411105,-73.73145593605753,"The Department of Environment Protection inspected your complaint but could not find the problem you reported. If the condition persists, please call 311 (or 212-639-9675 if calling from a non-New York City area code) with more detailed information to submit a new complaint.",Naturally Receded (Unobserved),0.6666666666666666
66074069,2025-09-06 15:49:00,2025-09-06 17:35:00,Sewer,Street Flooding (SJ),661 TODT HILL ROAD,TODT HILL ROAD,HELENA RD,CIRCLE RD,STATEN ISLAND,10304,40.59600632832529,-74.11071490855406,"The Department of Environment Protection inspected your complaint but could not find the problem you reported. If the condition persists, please call 311 (or 212-639-9675 if calling from a non-New York City area code) with more detailed information to submit a new complaint.",Naturally Receded (Unobserved),1.7666666666666666
66067716,2025-09-06 15:28:00,2025-09-06 16:45:00,Sewer,Street Flooding (SJ),23-42 29 STREET,29 STREET,23 RD,24 AVE,QUEENS,11105,40.774032252406855,-73.9151252618424,"The Department of Environment Protection inspected your complaint but could not find the problem you reported. If the condition persists, please call 311 (or 212-639-9675 if calling from a non-New York City area code) with more detailed information to submit a new complaint.",Naturally Receded (Unobserved),1.2833333333333334
66049062,2025-09-04 18:34:00,2025-09-05 00:35:00,Sewer,Street Flooding (SJ),,,,,QUEENS,11001,40.729140661363,-73.70913098394212,"The Department of Environment Protection inspected your complaint but could not find the problem you reported. If the condition persists, please call 311 (or 212-639-9675 if calling from a non-New York City area code) with more detailed information to submit a new complaint.",Naturally Receded (Unobserved),6.016666666666667
66039551,2025-09-03 21:37:00,2025-09-04 09:20:00,Sewer,Street Flooding (SJ),104-59 212 PLACE,212 PLACE,104 RD,HOLLIS AVE,QUEENS,11429,40.71082844164296,-73.74543294318326,"The Department of Environment Protection inspected your complaint but could not find the problem you reported. If the condition persists, please call 311 (or 212-639-9675 if calling from a non-New York City area code) with more detailed information to submit a new complaint.",Naturally Receded (Unobserved),11.716666666666667
66018530,2025-09-01 18:46:00,2025-09-01 19:30:00,Sewer,Street Flooding (SJ),590 WEST  215 STREET,WEST  215 STREET,SEAMAN AVE,INDIAN RD,MANHATTAN,10034,40.871974906053424,-73.91915477846568,"The Department of Environment Protection inspected your complaint but could not find the problem you reported. If the condition persists, please call 311 (or 212-639-9675 if calling from a non-New York City area code) with more detailed information to submit a new complaint.",Naturally Receded (Unobserved),0.7333333333333333
65990353,2025-08-29 18:19:00,2025-08-29 22:45:00,Sewer,Street Flooding (SJ),455 EAST   51 STREET,EAST   51 STREET,BEEKMAN PL,E 51 STREET PEDESTRIAN OVPS,MANHATTAN,10022,40.75388684281245,-73.96421310101901,"The Department of Environment Protection inspected your complaint but could not find the problem you reported. If the condition persists, please call 311 (or 212-639-9675 if calling from a non-New York City area code) with more detailed information to submit a new complaint.",Naturally Receded (Unobserved),4.433333333333334
65977305,2025-08-28 15:55:00,2025-08-28 23:15:00,Sewer,Street Flooding (SJ),110 MC KINLEY AVENUE,MC KINLEY AVENUE,EUCLID AVE,CRESCENT ST,BROOKLYN,11208,40.679437899759044,-73.8717255612284,"The Department of Environment Protection inspected your complaint but could not find the problem you reported. If the condition persists, please call 311 (or 212-639-9675 if calling from a non-New York City area code) with more detailed information to submit a new complaint.",Naturally Receded (Unobserved),7.333333333333333
65927412,2025-08-23 16:04:00,2025-08-24 03:50:00,Sewer,Street Flooding (SJ),133-11 85 STREET,85 STREET,133 AVE,DUMONT AVE,QUEENS,11417,40.673794613962016,-73.85119129509386,"The Department of Environment Protection inspected your complaint but could not find the problem you reported. If the condition persists, please call 311 (or 212-639-9675 if calling from a non-New York City area code) with more detailed information to submit a new complaint.",Naturally Receded (Unobserved),11.766666666666667
65929798,2025-08-23 14:04:00,2025-08-24 01:25:00,Sewer,Street Flooding (SJ),91-33 98 STREET,98 STREET,91 AVE,ATLANTIC AVE,QUEENS,11421,40.690470010232616,-73.84560814066167,"The Department of Environment Protection inspected your complaint but could not find the problem you reported. If the condition persists, please call 311 (or 212-639-9675 if calling from a non-New York City area code) with more detailed information to submit a new complaint.",Naturally Receded (Unobserved),11.35
65928622,2025-08-23 09:10:00,2025-08-23 18:40:00,Sewer,Street Flooding (SJ),1568 BROADWAY,BROADWAY,W 46 ST,W 47 ST,MANHATTAN,10036,40.75905425264407,-73.98470952484823,"The Department of Environment Protection inspected your complaint but could not find the problem you reported. If the condition persists, please call 311 (or 212-639-9675 if calling from a non-New York City area code) with more detailed information to submit a new complaint.",Naturally Receded (Unobserved),9.5
65924973,2025-08-22 13:43:00,2025-08-22 14:40:00,Sewer,Street Flooding (SJ),50 JOLINE LANE,JOLINE LANE,BRUNO LN,DEAD END,STATEN ISLAND,10307,40.50166909013693,-74.23511232228071,"The Department of Environment Protection inspected your complaint but could not find the problem you reported. If the condition persists, please call 311 (or 212-639-9675 if calling from a non-New York City area code) with more detailed information to submit a new complaint.",Naturally Receded (Unobserved),0.95
65911121,2025-08-21 19:22:00,2025-08-21 20:20:00,Sewer,Street Flooding (SJ),216 BEACH   29 STREET,BEACH   29 STREET,SEAGIRT AVE,SEAGIRT BLVD,QUEENS,11691,40.59520380827344,-73.76197656036088,"The Department of Environment Protection inspected your complaint but could not find the problem you reported. If the condition persists, please call 311 (or 212-639-9675 if calling from a non-New York City area code) with more detailed information to submit a new complaint.",Naturally Receded (Unobserved),0.9666666666666667
65913325,2025-08-21 07:34:00,2025-08-21 17:05:00,Sewer,Street Flooding (SJ),12 TRINITY PLACE,TRINITY PLACE,BILL HUGHES WAY,TAYLOR ST,STATEN ISLAND,10310,40.63721327277635,-74.12220858510543,"The Department of Environment Protection inspected your complaint but could not find the problem you reported. If the condition persists, please call 311 (or 212-639-9675 if calling from a non-New York City area code) with more detailed information to submit a new complaint.",Naturally Receded (Unobserved),9.516666666666667
65913326,2025-08-21 00:55:00,2025-08-21 10:55:00,Sewer,Street Flooding (SJ),,,,,QUEENS,11432,40.71983617681578,-73.80084278182287,"The Department of Environment Protection inspected your complaint but could not find the problem you reported. If the condition persists, please call 311 (or 212-639-9675 if calling from a non-New York City area code) with more detailed information to submit a new complaint.",Naturally Receded (Unobserved),10.0
65900404,2025-08-20 23:16:00,2025-08-21 07:15:00,Sewer,Street Flooding (SJ),501 EAST    3 STREET,EAST    3 STREET,AVENUE C,CORTELYOU RD,BROOKLYN,11218,40.639529315413206,-73.976662178444,"The Department of Environment Protection inspected your complaint but could not find the problem you reported. If the condition persists, please call 311 (or 212-639-9675 if calling from a non-New York City area code) with more detailed information to submit a new complaint.",Naturally Receded (Unobserved),7.983333333333333
65905018,2025-08-20 12:10:00,2025-08-20 14:05:00,Sewer,Street Flooding (SJ),,,,,QUEENS,11101,40.733761870028125,-73.93742160642111,"The Department of Environment Protection inspected your complaint but could not find the problem you reported. If the condition persists, please call 311 (or 212-639-9675 if calling from a non-New York City area code) with more detailed information to submit a new complaint.",Naturally Receded (Unobserved),1.9166666666666667
65883069,2025-08-18 13:46:00,2025-08-18 14:50:00,Sewer,Street Flooding (SJ),259-19 149 ROAD,149 ROAD,259 ST,262 ST,QUEENS,11422,40.652154121674876,-73.72902130886789,"The Department of Environment Protection inspected your complaint but could not find the problem you reported. If the condition persists, please call 311 (or 212-639-9675 if calling from a non-New York City area code) with more detailed information to submit a new complaint.",Naturally Receded (Unobserved),1.0666666666666667
65883070,2025-08-18 11:13:00,2025-08-18 11:30:00,Sewer,Street Flooding (SJ),21-44 45 STREET,45 STREET,21 AVE,DITMARS BLVD,QUEENS,11105,40.771886352946744,-73.90191051654912,"The Department of Environment Protection inspected your complaint but could not find the problem you reported. If the condition persists, please call 311 (or 212-639-9675 if calling from a non-New York City area code) with more detailed information to submit a new complaint.",Naturally Receded (Unobserved),0.2833333333333333
65862944,2025-08-15 12:22:00,2025-08-15 14:15:00,Sewer,Street Flooding (SJ),939 ONDERDONK AVENUE,ONDERDONK AVENUE,69 AVE,70 AVE,QUEENS,11385,40.70101977296226,-73.90218789850364,"The Department of Environment Protection inspected your complaint but could not find the problem you reported. If the condition persists, please call 311 (or 212-639-9675 if calling from a non-New York City area code) with more detailed information to submit a new complaint.",Naturally Receded (Unobserved),1.8833333333333333
65853403,2025-08-14 13:07:00,2025-08-14 13:35:00,Sewer,Street Flooding (SJ),208-24 30 AVENUE,30 AVENUE,208 ST,CORPORAL KENNEDY ST,QUEENS,11360,40.77280301535248,-73.7818452861667,"The Department of Environment Protection inspected your complaint but could not find the problem you reported. If the condition persists, please call 311 (or 212-639-9675 if calling from a non-New York City area code) with more detailed information to submit a new complaint.",Naturally Receded (Unobserved),0.4666666666666667
65852191,2025-08-14 10:37:00,2025-08-14 11:05:00,Sewer,Street Flooding (SJ),46-05 56 ROAD,56 ROAD,43 ST,48 ST,QUEENS,11378,40.726704494355,-73.92284871635991,"The Department of Environment Protection inspected your complaint but could not find the problem you reported. If the condition persists, please call 311 (or 212-639-9675 if calling from a non-New York City area code) with more detailed information to submit a new complaint.",Naturally Receded (Unobserved),0.4666666666666667
65844170,2025-08-13 22:55:00,2025-08-14 05:20:00,Sewer,Street Flooding (SJ),100 GOLD STREET,GOLD STREET,FRONT ST,YORK ST,BROOKLYN,11201,40.70186975991626,-73.98283641339845,"The Department of Environment Protection inspected your complaint but could not find the problem you reported. If the condition persists, please call 311 (or 212-639-9675 if calling from a non-New York City area code) with more detailed information to submit a new complaint.",Naturally Receded (Unobserved),6.416666666666667
65837555,2025-08-13 22:19:00,2025-08-14 05:10:00,Sewer,Street Flooding (SJ),133-15 HAWTREE STREET,HAWTREE STREET,133 AVE,134 AVE,QUEENS,11417,40.6764044283477,-73.83862501878903,"The Department of Environment Protection inspected your complaint but could not find the problem you reported. If the condition persists, please call 311 (or 212-639-9675 if calling from a non-New York City area code) with more detailed information to submit a new complaint.",Naturally Receded (Unobserved),6.85
65844171,2025-08-13 21:34:00,2025-08-14 06:30:00,Sewer,Street Flooding (SJ),300 HEWES STREET,HEWES STREET,HARRISON AVE,BROADWAY,BROOKLYN,11211,40.70628621323246,-73.95351205441281,"The Department of Environment Protection inspected your complaint but could not find the problem you reported. If the condition persists, please call 311 (or 212-639-9675 if calling from a non-New York City area code) with more detailed information to submit a new complaint.",Naturally Receded (Unobserved),8.933333333333334
65841958,2025-08-13 20:34:00,2025-08-13 21:15:00,Sewer,Street Flooding (SJ),42-64 247 STREET,247 STREET,DEPEW AVE,43 AVE,QUEENS,11363,40.769228627391975,-73.74167169954009,"The Department of Environment Protection inspected your complaint but could not find the problem you reported. If the condition persists, please call 311 (or 212-639-9675 if calling from a non-New York City area code) with more detailed information to submit a new complaint.",Naturally Receded (Unobserved),0.6833333333333333
65841960,2025-08-13 19:58:00,2025-08-14 03:05:00,Sewer,Street Flooding (SJ),98-11 162 AVENUE,162 AVENUE,98 ST,99 ST,QUEENS,11414,40.654864676937756,-73.83375763716016,"The Department of Environment Protection inspected your complaint but could not find the problem you reported. If the condition persists, please call 311 (or 212-639-9675 if calling from a non-New York City area code) with more detailed information to submit a new complaint.",Naturally Receded (Unobserved),7.116666666666666
65844174,2025-08-13 19:55:00,2025-08-13 20:30:00,Sewer,Street Flooding (SJ),43-50 165 STREET,165 STREET,43 AVE,45 AVE,QUEENS,11358,40.75810194826227,-73.8014719486209,"The Department of Environment Protection inspected your complaint but could not find the problem you reported. If the condition persists, please call 311 (or 212-639-9675 if calling from a non-New York City area code) with more detailed information to submit a new complaint.",Naturally Receded (Unobserved),0.5833333333333334
65845283,2025-08-13 19:52:00,2025-08-13 22:25:00,Sewer,Street Flooding (SJ),94-28 88 STREET,88 STREET,ATLANTIC AVE,95 AVE,QUEENS,11416,40.68618508608284,-73.85375975531572,"The Department of Environment Protection inspected your complaint but could not find the problem you reported. If the condition persists, please call 311 (or 212-639-9675 if calling from a non-New York City area code) with more detailed information to submit a new complaint.",Naturally Receded (Unobserved),2.55
65839800,2025-08-13 19:43:00,2025-08-13 22:50:00,Sewer,Street Flooding (SJ),,,,,QUEENS,11414,40.656161776085746,-73.84881228463611,"The Department of Environment Protection inspected your complaint but could not find the problem you reported. If the condition persists, please call 311 (or 212-639-9675 if calling from a non-New York City area code) with more detailed information to submit a new complaint.",Naturally Receded (Unobserved),3.1166666666666667
65839801,2025-08-13 19:40:00,2025-08-13 21:10:00,Sewer,Street Flooding (SJ),55-41 84 STREET,84 STREET,55 RD,56 AVE,QUEENS,11373,40.731092868903595,-73.88048771403308,"The Department of Environment Protection inspected your complaint but could not find the problem you reported. If the condition persists, please call 311 (or 212-639-9675 if calling from a non-New York City area code) with more detailed information to submit a new complaint.",Naturally Receded (Unobserved),1.5
65845284,2025-08-13 19:40:00,2025-08-13 21:40:00,Sewer,Street Flooding (SJ),114-22 125 STREET,125 STREET,LINDEN BLVD,115 AVE,QUEENS,11420,40.67971740875638,-73.81494419367334,"The Department of Environment Protection inspected your complaint but could not find the problem you reported. If the condition persists, please call 311 (or 212-639-9675 if calling from a non-New York City area code) with more detailed information to submit a new complaint.",Naturally Receded (Unobserved),2.0
65841961,2025-08-13 19:40:00,2025-08-14 03:20:00,Sewer,Street Flooding (SJ),331 HIGHLAND BOULEVARD,HIGHLAND BOULEVARD,BARBERRY CT,BARBEY ST,BROOKLYN,11207,40.68362122714782,-73.89061069847263,"The Department of Environment Protection inspected your complaint but could not find the problem you reported. If the condition persists, please call 311 (or 212-639-9675 if calling from a non-New York City area code) with more detailed information to submit a new complaint.",Naturally Receded (Unobserved),7.666666666666667
65843034,2025-08-13 19:37:00,2025-08-13 20:30:00,Sewer,Street Flooding (SJ),89-89 UNION TURNPIKE,UNION TURNPIKE,MARGARET PL,LIRR MONTAUK LINE,QUEENS,11385,40.70664910607482,-73.85514316099588,"The Department of Environment Protection inspected your complaint but could not find the problem you reported. If the condition persists, please call 311 (or 212-639-9675 if calling from a non-New York City area code) with more detailed information to submit a new complaint.",Naturally Receded (Unobserved),0.8833333333333333
65843032,2025-08-13 19:37:00,2025-08-13 22:00:00,Sewer,Street Flooding (SJ),107-12 LEFFERTS BOULEVARD,LEFFERTS BOULEVARD,107 AVE,109 AVE,QUEENS,11419,40.68404229266466,-73.8231060792197,"The Department of Environment Protection inspected your complaint but could not find the problem you reported. If the condition persists, please call 311 (or 212-639-9675 if calling from a non-New York City area code) with more detailed information to submit a new complaint.",Naturally Receded (Unobserved),2.3833333333333333
65843033,2025-08-13 19:37:00,2025-08-13 20:05:00,Sewer,Street Flooding (SJ),97-09 72 DRIVE,72 DRIVE,UNION TPKE,METROPOLITAN AVE,QUEENS,11375,40.708726774081164,-73.84657579563925,"The Department of Environment Protection inspected your complaint but could not find the problem you reported. If the condition persists, please call 311 (or 212-639-9675 if calling from a non-New York City area code) with more detailed information to submit a new complaint.",Naturally Receded (Unobserved),0.4666666666666667
65845285,2025-08-13 19:37:00,2025-08-13 20:45:00,Sewer,Street Flooding (SJ),,,,,QUEENS,11373,40.730479274567074,-73.87903835630603,"The Department of Environment Protection inspected your complaint but could not find the problem you reported. If the condition persists, please call 311 (or 212-639-9675 if calling from a non-New York City area code) with more detailed information to submit a new complaint.",Naturally Receded (Unobserved),1.1333333333333333
65841962,2025-08-13 19:31:00,2025-08-14 07:30:00,Sewer,Street Flooding (SJ),425 MARCY AVENUE,MARCY AVENUE,LORIMER ST,WALTON ST,BROOKLYN,11206,40.70101263522123,-73.95137346642983,"The Department of Environment Protection inspected your complaint but could not find the problem you reported. If the condition persists, please call 311 (or 212-639-9675 if calling from a non-New York City area code) with more detailed information to submit a new complaint.",Naturally Receded (Unobserved),11.983333333333333
65825616,2025-08-11 19:46:00,2025-08-11 20:25:00,Sewer,Street Flooding (SJ),99 TERRACE VIEW AVENUE,TERRACE VIEW AVENUE,ADRIAN AVE,TEUNISSEN PL,BRONX,10463,40.877105188573836,-73.9122563300799,"The Department of Environment Protection inspected your complaint but could not find the problem you reported. If the condition persists, please call 311 (or 212-639-9675 if calling from a non-New York City area code) with more detailed information to submit a new complaint.",Naturally Receded (Unobserved),0.65
65793977,2025-08-08 13:28:00,2025-08-08 19:20:00,Sewer,Street Flooding (SJ),13 CHURCH AVENUE,CHURCH AVENUE,36 ST,CHESTER AVE,BROOKLYN,11218,40.64140234416917,-73.98281953742926,"The Department of Environment Protection inspected your complaint but could not find the problem you reported. If the condition persists, please call 311 (or 212-639-9675 if calling from a non-New York City area code) with more detailed information to submit a new complaint.",Naturally Receded (Unobserved),5.866666666666666
65793978,2025-08-08 12:28:00,2025-08-08 13:55:00,Sewer,Street Flooding (SJ),42-25 27 STREET,27 STREET,QUEENS PLZA S,42 RD,QUEENS,11101,40.749636310168874,-73.94032648879113,"The Department of Environment Protection inspected your complaint but could not find the problem you reported. If the condition persists, please call 311 (or 212-639-9675 if calling from a non-New York City area code) with more detailed information to submit a new complaint.",Naturally Receded (Unobserved),1.45
65791434,2025-08-08 11:19:00,2025-08-08 12:35:00,Sewer,Street Flooding (SJ),35-37 212 STREET,212 STREET,35 AVE,36 AVE,QUEENS,11361,40.76815745831297,-73.7753802763186,"The Department of Environment Protection inspected your complaint but could not find the problem you reported. If the condition persists, please call 311 (or 212-639-9675 if calling from a non-New York City area code) with more detailed information to submit a new complaint.",Naturally Receded (Unobserved),1.2666666666666666
65781725,2025-08-07 09:10:00,2025-08-07 11:45:00,Sewer,Street Flooding (SJ),46-34 202 STREET,202 STREET,46 RD,47 AVE,QUEENS,11361,40.75432922242107,-73.77955245547196,"The Department of Environment Protection inspected your complaint but could not find the problem you reported. If the condition persists, please call 311 (or 212-639-9675 if calling from a non-New York City area code) with more detailed information to submit a new complaint.",Naturally Receded (Unobserved),2.5833333333333335
65767733,2025-08-05 09:44:00,2025-08-05 10:30:00,Sewer,Street Flooding (SJ),38-39 BELL BOULEVARD,BELL BOULEVARD,38 AVE,39 AVE,QUEENS,11361,40.76603787756827,-73.77226113023794,"The Department of Environment Protection inspected your complaint but could not find the problem you reported. If the condition persists, please call 311 (or 212-639-9675 if calling from a non-New York City area code) with more detailed information to submit a new complaint.",Naturally Receded (Unobserved),0.7666666666666667
65761808,2025-08-04 08:02:00,2025-08-04 10:20:00,Sewer,Street Flooding (SJ),80-30 166 STREET,166 STREET,UNION TPKE,81 AVE,QUEENS,11432,40.72187433297623,-73.80173499479481,"The Department of Environment Protection inspected your complaint but could not find the problem you reported. If the condition persists, please call 311 (or 212-639-9675 if calling from a non-New York City area code) with more detailed information to submit a new complaint.",Naturally Receded (Unobserved),2.3
65747668,2025-08-03 17:35:00,2025-08-03 18:15:00,Sewer,Street Flooding (SJ),21-02 202 STREET,202 STREET,21 AVE,22 AVE,QUEENS,11360,40.77874868074515,-73.79102594150014,"The Department of Environment Protection inspected your complaint but could not find the problem you reported. If the condition persists, please call 311 (or 212-639-9675 if calling from a non-New York City area code) with more detailed information to submit a new complaint.",Naturally Receded (Unobserved),0.6666666666666666
65733999,2025-08-02 19:11:00,2025-08-02 22:00:00,Sewer,Street Flooding (SJ),40-31 216 STREET,216 STREET,40 AVE,41 AVE,QUEENS,11361,40.764610596813476,-73.76676803687856,"The Department of Environment Protection inspected your complaint but could not find the problem you reported. If the condition persists, please call 311 (or 212-639-9675 if calling from a non-New York City area code) with more detailed information to submit a new complaint.",Naturally Receded (Unobserved),2.816666666666667
65734000,2025-08-02 17:32:00,2025-08-02 21:00:00,Sewer,Street Flooding (SJ),95-20 125 STREET,125 STREET,95 AVE,97 AVE,QUEENS,11419,40.69361989202937,-73.82202407727571,"The Department of Environment Protection inspected your complaint but could not find the problem you reported. If the condition persists, please call 311 (or 212-639-9675 if calling from a non-New York City area code) with more detailed information to submit a new complaint.",Naturally Receded (Unobserved),3.466666666666667
65734001,2025-08-02 17:23:00,2025-08-02 19:30:00,Sewer,Street Flooding (SJ),,,,,MANHATTAN,10024,40.78553539529453,-73.9839992818358,"The Department of Environment Protection inspected your complaint but could not find the problem you reported. If the condition persists, please call 311 (or 212-639-9675 if calling from a non-New York City area code) with more detailed information to submit a new complaint.",Naturally Receded (Unobserved),2.1166666666666667
65743081,2025-08-02 15:50:00,2025-08-02 20:35:00,Sewer,Street Flooding (SJ),,,,,QUEENS,11693,40.58821449420059,-73.80514537772287,"The Department of Environment Protection inspected your complaint but could not find the problem you reported. If the condition persists, please call 311 (or 212-639-9675 if calling from a non-New York City area code) with more detailed information to submit a new complaint.",Naturally Receded (Unobserved),4.75
65737892,2025-08-02 14:44:00,2025-08-02 18:15:00,Sewer,Street Flooding (SJ),83-13 24 AVENUE,24 AVENUE,83 ST,85 ST,QUEENS,11370,40.76500969663293,-73.8858418161947,"The Department of Environment Protection inspected your complaint but could not find the problem you reported. If the condition persists, please call 311 (or 212-639-9675 if calling from a non-New York City area code) with more detailed information to submit a new complaint.",Naturally Receded (Unobserved),3.5166666666666666
65736566,2025-08-02 14:05:00,2025-08-02 16:55:00,Sewer,Street Flooding (SJ),253-11 57 AVENUE,57 AVENUE,253 ST,254 ST,QUEENS,11362,40.76230312770799,-73.72717255565178,"The Department of Environment Protection inspected your complaint but could not find the problem you reported. If the condition persists, please call 311 (or 212-639-9675 if calling from a non-New York City area code) with more detailed information to submit a new complaint.",Naturally Receded (Unobserved),2.8333333333333335
65741810,2025-08-02 10:38:00,2025-08-02 11:30:00,Sewer,Street Flooding (SJ),,,,,BROOKLYN,11224,40.57310213395005,-74.00142184217604,"The Department of Environment Protection inspected your complaint but could not find the problem you reported. If the condition persists, please call 311 (or 212-639-9675 if calling from a non-New York City area code) with more detailed information to submit a new complaint.",Naturally Receded (Unobserved),0.8666666666666667
65725478,2025-08-01 18:59:00,2025-08-01 21:00:00,Sewer,Street Flooding (SJ),,,,,STATEN ISLAND,10310,40.637876062697174,-74.12356456379169,"The Department of Environment Protection inspected your complaint but could not find the problem you reported. If the condition persists, please call 311 (or 212-639-9675 if calling from a non-New York City area code) with more detailed information to submit a new complaint.",Naturally Receded (Unobserved),2.0166666666666666
65724215,2025-08-01 17:50:00,2025-08-01 22:10:00,Sewer,Street Flooding (SJ),39-26 203 STREET,203 STREET,DEAD END,42 AVE,QUEENS,11361,40.76140409423698,-73.78185735279914,"The Department of Environment Protection inspected your complaint but could not find the problem you reported. If the condition persists, please call 311 (or 212-639-9675 if calling from a non-New York City area code) with more detailed information to submit a new complaint.",Naturally Receded (Unobserved),4.333333333333333
65726673,2025-08-01 17:47:00,2025-08-01 21:50:00,Sewer,Street Flooding (SJ),43-13 218 STREET,218 STREET,43 AVE,NORTHERN BLVD,QUEENS,11361,40.762195386365704,-73.76415575580893,"The Department of Environment Protection inspected your complaint but could not find the problem you reported. If the condition persists, please call 311 (or 212-639-9675 if calling from a non-New York City area code) with more detailed information to submit a new complaint.",Naturally Receded (Unobserved),4.05
65730317,2025-08-01 17:41:00,2025-08-01 22:20:00,Sewer,Street Flooding (SJ),208-39 30 AVENUE,30 AVENUE,208 ST,CORPORAL KENNEDY ST,QUEENS,11360,40.773137338879216,-73.78156257788177,"The Department of Environment Protection inspected your complaint but could not find the problem you reported. If the condition persists, please call 311 (or 212-639-9675 if calling from a non-New York City area code) with more detailed information to submit a new complaint.",Naturally Receded (Unobserved),4.65
65727857,2025-08-01 16:53:00,2025-08-01 22:10:00,Sewer,Street Flooding (SJ),201-14 38 AVENUE,38 AVENUE,201 ST,202 ST,QUEENS,11361,40.76289123070053,-73.78449851568969,"The Department of Environment Protection inspected your complaint but could not find the problem you reported. If the condition persists, please call 311 (or 212-639-9675 if calling from a non-New York City area code) with more detailed information to submit a new complaint.",Naturally Receded (Unobserved),5.283333333333333
65725479,2025-08-01 16:32:00,2025-08-01 21:50:00,Sewer,Street Flooding (SJ),40-06 BELL BOULEVARD,BELL BOULEVARD,40 AVE,41 AVE,QUEENS,11361,40.76413379711457,-73.77126768842041,"The Department of Environment Protection inspected your complaint but could not find the problem you reported. If the condition persists, please call 311 (or 212-639-9675 if calling from a non-New York City area code) with more detailed information to submit a new complaint.",Naturally Receded (Unobserved),5.3
65732808,2025-08-01 15:23:00,2025-08-01 18:40:00,Sewer,Street Flooding (SJ),715 VERMONT STREET,VERMONT STREET,NEW LOTS AVE,HEGEMAN AVE,BROOKLYN,11207,40.66177027378761,-73.89084477250063,"The Department of Environment Protection inspected your complaint but could not find the problem you reported. If the condition persists, please call 311 (or 212-639-9675 if calling from a non-New York City area code) with more detailed information to submit a new complaint.",Naturally Receded (Unobserved),3.283333333333333
65724217,2025-08-01 14:35:00,2025-08-01 22:30:00,Sewer,Street Flooding (SJ),195-33 39 AVENUE,39 AVENUE,195 ST,FRANCIS LEWIS BLVD,QUEENS,11358,40.76216225722493,-73.78658013563525,"The Department of Environment Protection inspected your complaint but could not find the problem you reported. If the condition persists, please call 311 (or 212-639-9675 if calling from a non-New York City area code) with more detailed information to submit a new complaint.",Naturally Receded (Unobserved),7.916666666666667
65731585,2025-08-01 12:47:00,2025-08-01 13:40:00,Sewer,Street Flooding (SJ),315 AMBER STREET,AMBER STREET,LINDEN BLVD,LORING AVE,BROOKLYN,11208,40.669601027316304,-73.85805340131246,"The Department of Environment Protection inspected your complaint but could not find the problem you reported. If the condition persists, please call 311 (or 212-639-9675 if calling from a non-New York City area code) with more detailed information to submit a new complaint.",Naturally Receded (Unobserved),0.8833333333333333
65729076,2025-08-01 10:59:00,2025-08-01 13:00:00,Sewer,Street Flooding (SJ),213-03 41 AVENUE,41 AVENUE,213 ST,BELL BLVD,QUEENS,11361,40.76353367429143,-73.7717606963987,"The Department of Environment Protection inspected your complaint but could not find the problem you reported. If the condition persists, please call 311 (or 212-639-9675 if calling from a non-New York City area code) with more detailed information to submit a new complaint.",Naturally Receded (Unobserved),2.0166666666666666
65731578,2025-08-01 10:53:00,2025-08-01 13:10:00,Sewer,Street Flooding (SJ),214-32 43 AVENUE,43 AVENUE,214 PL,215 ST,QUEENS,11361,40.76166650234465,-73.76863739513213,"The Department of Environment Protection inspected your complaint but could not find the problem you reported. If the condition persists, please call 311 (or 212-639-9675 if calling from a non-New York City area code) with more detailed information to submit a new complaint.",Naturally Receded (Unobserved),2.283333333333333
65732805,2025-08-01 10:47:00,2025-08-01 13:30:00,Sewer,Street Flooding (SJ),40-19 BELL BOULEVARD,BELL BOULEVARD,40 AVE,41 AVE,QUEENS,11361,40.76408154684438,-73.77121732878283,"The Department of Environment Protection inspected your complaint but could not find the problem you reported. If the condition persists, please call 311 (or 212-639-9675 if calling from a non-New York City area code) with more detailed information to submit a new complaint.",Naturally Receded (Unobserved),2.716666666666667
65725476,2025-08-01 10:35:00,2025-08-01 13:40:00,Sewer,Street Flooding (SJ),41-00 BELL BOULEVARD,BELL BOULEVARD,41 AVE,LIRR PORT WASHINGTON LINE,QUEENS,11361,40.76355404171968,-73.77095922755554,"The Department of Environment Protection inspected your complaint but could not find the problem you reported. If the condition persists, please call 311 (or 212-639-9675 if calling from a non-New York City area code) with more detailed information to submit a new complaint.",Naturally Receded (Unobserved),3.0833333333333335
65731580,2025-08-01 09:41:00,2025-08-01 12:05:00,Sewer,Street Flooding (SJ),253-11 57 AVENUE,57 AVENUE,253 ST,254 ST,QUEENS,11362,40.76230312770799,-73.72717255565178,"The Department of Environment Protection inspected your complaint but could not find the problem you reported. If the condition persists, please call 311 (or 212-639-9675 if calling from a non-New York City area code) with more detailed information to submit a new complaint.",Naturally Receded (Unobserved),2.4
65725477,2025-08-01 09:41:00,2025-08-01 13:20:00,Sewer,Street Flooding (SJ),214-01 NORTHERN BOULEVARD,NORTHERN BOULEVARD,BELL BLVD,214 PL,QUEENS,11361,40.760309010355506,-73.76921605753863,"The Department of Environment Protection inspected your complaint but could not find the problem you reported. If the condition persists, please call 311 (or 212-639-9675 if calling from a non-New York City area code) with more detailed information to submit a new complaint.",Naturally Receded (Unobserved),3.65
65731575,2025-08-01 07:14:00,2025-08-01 09:25:00,Sewer,Street Flooding (SJ),115 49 STREET,49 STREET,1 AVE,2 AVE,BROOKLYN,11232,40.65065763203117,-74.0179936974958,The Department of Environmental Protection has investigated this complaint. Surcharge conditions have been confirmed due to rain intensity or volume.,Hydraulic Capacity Surcharge,2.183333333333333
65724214,2025-08-01 01:14:00,2025-08-01 12:50:00,Sewer,Street Flooding (SJ),45-12 11 STREET,11 STREET,45 AVE,45 RD,QUEENS,11101,40.74740119461079,-73.94998622506877,"The Department of Environment Protection inspected your complaint but could not find the problem you reported. If the condition persists, please call 311 (or 212-639-9675 if calling from a non-New York City area code) with more detailed information to submit a new complaint.",Naturally Receded (Unobserved),11.6
65720980,2025-07-31 22:23:00,2025-08-01 01:30:00,Sewer,Street Flooding (SJ),39-36 BELL BOULEVARD,BELL BOULEVARD,39 AVE,40 AVE,QUEENS,11361,40.7648894077169,-73.77167302093041,"The Department of Environment Protection inspected your complaint but could not find the problem you reported. If the condition persists, please call 311 (or 212-639-9675 if calling from a non-New York City area code) with more detailed information to submit a new complaint.",Naturally Receded (Unobserved),3.1166666666666667
65716492,2025-07-31 22:11:00,2025-08-01 01:55:00,Sewer,Street Flooding (SJ),42-28 196 STREET,196 STREET,42 AVE,42 RD,QUEENS,11358,40.75903181866822,-73.78581408924643,"The Department of Environment Protection inspected your complaint but could not find the problem you reported. If the condition persists, please call 311 (or 212-639-9675 if calling from a non-New York City area code) with more detailed information to submit a new complaint.",Naturally Receded (Unobserved),3.7333333333333334
65720981,2025-07-31 21:20:00,2025-08-01 02:15:00,Sewer,Street Flooding (SJ),42-29 BELL BOULEVARD,BELL BOULEVARD,42 AVE,43 AVE,QUEENS,11361,40.762248985471395,-73.77030672542725,"The Department of Environment Protection inspected your complaint but could not find the problem you reported. If the condition persists, please call 311 (or 212-639-9675 if calling from a non-New York City area code) with more detailed information to submit a new complaint.",Naturally Receded (Unobserved),4.916666666666667
65717661,2025-07-31 19:20:00,2025-08-01 00:35:00,Sewer,Street Flooding (SJ),201-11 36 AVENUE,36 AVENUE,201 ST,202 ST,QUEENS,11361,40.76435018070663,-73.78529520338147,"The Department of Environment Protection inspected your complaint but could not find the problem you reported. If the condition persists, please call 311 (or 212-639-9675 if calling from a non-New York City area code) with more detailed information to submit a new complaint.",Naturally Receded (Unobserved),5.25
65718767,2025-07-31 18:50:00,2025-08-01 01:45:00,Sewer,Street Flooding (SJ),11-84 VIRGINIA STREET,VIRGINIA STREET,ALONZO RD,CENTRAL AVE,QUEENS,11691,40.608767990757364,-73.74503338514425,"The Department of Environment Protection inspected your complaint but could not find the problem you reported. If the condition persists, please call 311 (or 212-639-9675 if calling from a non-New York City area code) with more detailed information to submit a new complaint.",Naturally Receded (Unobserved),6.916666666666667
65717663,2025-07-31 18:38:00,2025-07-31 22:05:00,Sewer,Street Flooding (SJ),359 HENDRIX STREET,HENDRIX STREET,GLENMORE AVE,PITKIN AVE,BROOKLYN,11207,40.673231195405926,-73.88950658241268,"The Department of Environment Protection inspected your complaint but could not find the problem you reported. If the condition persists, please call 311 (or 212-639-9675 if calling from a non-New York City area code) with more detailed information to submit a new complaint.",Naturally Receded (Unobserved),3.45
65720982,2025-07-31 18:17:00,2025-08-01 02:20:00,Sewer,Street Flooding (SJ),143-45 230 STREET,230 STREET,EDGEWOOD AVE,144 AVE,QUEENS,11413,40.663709572051495,-73.7482945180487,"The Department of Environment Protection inspected your complaint but could not find the problem you reported. If the condition persists, please call 311 (or 212-639-9675 if calling from a non-New York City area code) with more detailed information to submit a new complaint.",Naturally Receded (Unobserved),8.05
65720983,2025-07-31 18:17:00,2025-08-01 01:00:00,Sewer,Street Flooding (SJ),8513 COVENTRY ROAD,COVENTRY ROAD,BRANTON ST,DORSET ST,BROOKLYN,11236,40.64651097365058,-73.91953968309481,"The Department of Environment Protection inspected your complaint but could not find the problem you reported. If the condition persists, please call 311 (or 212-639-9675 if calling from a non-New York City area code) with more detailed information to submit a new complaint.",Naturally Receded (Unobserved),6.716666666666667
65716493,2025-07-31 17:59:00,2025-08-01 04:50:00,Sewer,Street Flooding (SJ),,,,,BROOKLYN,11210,40.634059998427766,-73.94680695143508,"The Department of Environment Protection inspected your complaint but could not find the problem you reported. If the condition persists, please call 311 (or 212-639-9675 if calling from a non-New York City area code) with more detailed information to submit a new complaint.",Naturally Receded (Unobserved),10.85
65722042,2025-07-31 17:56:00,2025-08-01 03:00:00,Sewer,Street Flooding (SJ),145-56 224 STREET,224 STREET,145 RD,146 AVE,QUEENS,11413,40.661672707171775,-73.75582817913568,"The Department of Environment Protection inspected your complaint but could not find the problem you reported. If the condition persists, please call 311 (or 212-639-9675 if calling from a non-New York City area code) with more detailed information to submit a new complaint.",Naturally Receded (Unobserved),9.066666666666666
65715399,2025-07-31 17:50:00,2025-08-01 02:40:00,Sewer,Street Flooding (SJ),259-62 147 DRIVE,147 DRIVE,259 ST,FRANCIS LEWIS BLVD,QUEENS,11422,40.65562897778231,-73.72783587137997,"The Department of Environment Protection inspected your complaint but could not find the problem you reported. If the condition persists, please call 311 (or 212-639-9675 if calling from a non-New York City area code) with more detailed information to submit a new complaint.",Naturally Receded (Unobserved),8.833333333333334
65718768,2025-07-31 17:50:00,2025-08-01 02:10:00,Sewer,Street Flooding (SJ),22-20 LORETTA ROAD,LORETTA ROAD,BEACH 22 ST,PRESIDENT ST,QUEENS,11691,40.60311775777957,-73.75575422682017,"The Department of Environment Protection inspected your complaint but could not find the problem you reported. If the condition persists, please call 311 (or 212-639-9675 if calling from a non-New York City area code) with more detailed information to submit a new complaint.",Naturally Receded (Unobserved),8.333333333333334
65722043,2025-07-31 17:47:00,2025-08-01 01:45:00,Sewer,Street Flooding (SJ),,,,,QUEENS,11365,40.74677485025849,-73.79241464783514,"The Department of Environment Protection inspected your complaint but could not find the problem you reported. If the condition persists, please call 311 (or 212-639-9675 if calling from a non-New York City area code) with more detailed information to submit a new complaint.",Naturally Receded (Unobserved),7.966666666666667
65720984,2025-07-31 17:47:00,2025-07-31 18:45:00,Sewer,Street Flooding (SJ),72-18 BURCHELL AVENUE,BURCHELL AVENUE,BEACH 72 ST,BARBADOES DR,QUEENS,11692,40.59600940517629,-73.80173783694329,"The Department of Environment Protection inspected your complaint but could not find the problem you reported. If the condition persists, please call 311 (or 212-639-9675 if calling from a non-New York City area code) with more detailed information to submit a new complaint.",Naturally Receded (Unobserved),0.9666666666666667
65716494,2025-07-31 17:32:00,2025-08-01 03:20:00,Sewer,Street Flooding (SJ),587 16 STREET,16 STREET,10 AVE,11 AVE,BROOKLYN,11215,40.65815796459976,-73.97571857197329,"The Department of Environment Protection inspected your complaint but could not find the problem you reported. If the condition persists, please call 311 (or 212-639-9675 if calling from a non-New York City area code) with more detailed information to submit a new complaint.",Naturally Receded (Unobserved),9.8
65717666,2025-07-31 17:20:00,2025-08-01 01:40:00,Sewer,Street Flooding (SJ),420 ROGERS AVENUE,ROGERS AVENUE,STERLING ST,LEFFERTS AVE,BROOKLYN,11225,40.662485234611594,-73.95374442771892,"The Department of Environment Protection inspected your complaint but could not find the problem you reported. If the condition persists, please call 311 (or 212-639-9675 if calling from a non-New York City area code) with more detailed information to submit a new complaint.",Naturally Receded (Unobserved),8.333333333333334
65720985,2025-07-31 17:08:00,2025-07-31 23:35:00,Sewer,Street Flooding (SJ),,,,,BROOKLYN,11203,40.63852528050529,-73.92606377273901,"The Department of Environment Protection inspected your complaint but could not find the problem you reported. If the condition persists, please call 311 (or 212-639-9675 if calling from a non-New York City area code) with more detailed information to submit a new complaint.",Naturally Receded (Unobserved),6.45
65717668,2025-07-31 17:05:00,2025-08-01 04:10:00,Sewer,Street Flooding (SJ),326 WYONA STREET,WYONA STREET,BELMONT AVE,SUTTER AVE,BROOKLYN,11207,40.67070347322967,-73.8926361928192,"The Department of Environment Protection inspected your complaint but could not find the problem you reported. If the condition persists, please call 311 (or 212-639-9675 if calling from a non-New York City area code) with more detailed information to submit a new complaint.",Naturally Receded (Unobserved),11.083333333333334
65722047,2025-07-31 16:59:00,2025-08-01 00:40:00,Sewer,Street Flooding (SJ),3915 SNYDER AVENUE,SNYDER AVENUE,E 39 ST,E 40 ST,BROOKLYN,11203,40.64947438907056,-73.94053499752076,"The Department of Environment Protection inspected your complaint but could not find the problem you reported. If the condition persists, please call 311 (or 212-639-9675 if calling from a non-New York City area code) with more detailed information to submit a new complaint.",Naturally Receded (Unobserved),7.683333333333334
65722049,2025-07-31 16:56:00,2025-08-01 00:20:00,Sewer,Street Flooding (SJ),1195 RALPH AVENUE,RALPH AVENUE,BEVERLEY RD,COVENTRY RD,BROOKLYN,11236,40.646879211514005,-73.92016626233293,"The Department of Environment Protection inspected your complaint but could not find the problem you reported. If the condition persists, please call 311 (or 212-639-9675 if calling from a non-New York City area code) with more detailed information to submit a new complaint.",Naturally Receded (Unobserved),7.4
65722048,2025-07-31 16:56:00,2025-07-31 19:40:00,Sewer,Street Flooding (SJ),30 EAST   10 STREET,EAST   10 STREET,CATON AVE,CHURCH AVE,BROOKLYN,11218,40.64771286261957,-73.97055477371973,"The Department of Environment Protection inspected your complaint but could not find the problem you reported. If the condition persists, please call 311 (or 212-639-9675 if calling from a non-New York City area code) with more detailed information to submit a new complaint.",Naturally Receded (Unobserved),2.7333333333333334
65716498,2025-07-31 16:50:00,2025-08-01 02:00:00,Sewer,Street Flooding (SJ),544 SCHENECTADY AVENUE,SCHENECTADY AVENUE,RUTLAND RD,WINTHROP ST,BROOKLYN,11203,40.6600685472259,-73.93420722608954,"The Department of Environment Protection inspected your complaint but could not find the problem you reported. If the condition persists, please call 311 (or 212-639-9675 if calling from a non-New York City area code) with more detailed information to submit a new complaint.",Naturally Receded (Unobserved),9.166666666666666
65720986,2025-07-31 16:50:00,2025-08-01 02:07:00,Sewer,Street Flooding (SJ),1053 42 STREET,42 STREET,NEW UTRECHT AVE,FT HAMILTON PKWY,BROOKLYN,11219,40.64224060216118,-73.99347797236993,"The Department of Environment Protection inspected your complaint but could not find the problem you reported. If the condition persists, please call 311 (or 212-639-9675 if calling from a non-New York City area code) with more detailed information to submit a new complaint.",Naturally Receded (Unobserved),9.283333333333333
65723144,2025-07-31 16:44:00,2025-07-31 23:15:00,Sewer,Street Flooding (SJ),,,,,BROOKLYN,11210,40.63692088163449,-73.9375124212212,"The Department of Environment Protection inspected your complaint but could not find the problem you reported. If the condition persists, please call 311 (or 212-639-9675 if calling from a non-New York City area code) with more detailed information to submit a new complaint.",Naturally Receded (Unobserved),6.516666666666667
65715404,2025-07-31 16:44:00,2025-08-01 01:10:00,Sewer,Street Flooding (SJ),,,,,BROOKLYN,11219,40.636495214873584,-73.98700030399515,"The Department of Environment Protection inspected your complaint but could not find the problem you reported. If the condition persists, please call 311 (or 212-639-9675 if calling from a non-New York City area code) with more detailed information to submit a new complaint.",Naturally Receded (Unobserved),8.433333333333334
65723145,2025-07-31 16:41:00,2025-08-01 04:15:00,Sewer,Street Flooding (SJ),105 BUCKINGHAM ROAD,BUCKINGHAM ROAD,CHURCH AVE,BEND,BROOKLYN,11226,40.6478951257835,-73.9647348214548,"The Department of Environment Protection inspected your complaint but could not find the problem you reported. If the condition persists, please call 311 (or 212-639-9675 if calling from a non-New York City area code) with more detailed information to submit a new complaint.",Naturally Receded (Unobserved),11.566666666666666
65717671,2025-07-31 16:35:00,2025-08-01 03:00:00,Sewer,Street Flooding (SJ),525 EAST    7 STREET,EAST    7 STREET,AVENUE C,CORTELYOU RD,BROOKLYN,11218,40.63917966219027,-73.97189891654139,"The Department of Environment Protection inspected your complaint but could not find the problem you reported. If the condition persists, please call 311 (or 212-639-9675 if calling from a non-New York City area code) with more detailed information to submit a new complaint.",Naturally Receded (Unobserved),10.416666666666666
65718780,2025-07-31 16:26:00,2025-08-01 02:10:00,Sewer,Street Flooding (SJ),8602 4 AVENUE,4 AVENUE,86 ST,87 ST,BROOKLYN,11209,40.622683406222244,-74.0284075361251,"The Department of Environment Protection inspected your complaint but could not find the problem you reported. If the condition persists, please call 311 (or 212-639-9675 if calling from a non-New York City area code) with more detailed information to submit a new complaint.",Naturally Receded (Unobserved),9.733333333333333
65715409,2025-07-31 16:23:00,2025-08-01 02:45:00,Sewer,Street Flooding (SJ),1257 59 STREET,59 STREET,12 AVE,13 AVE,BROOKLYN,11219,40.63003196902064,-73.99892640403894,"The Department of Environment Protection inspected your complaint but could not find the problem you reported. If the condition persists, please call 311 (or 212-639-9675 if calling from a non-New York City area code) with more detailed information to submit a new complaint.",Naturally Receded (Unobserved),10.366666666666667
65722054,2025-07-31 16:23:00,2025-07-31 19:33:00,Sewer,Street Flooding (SJ),43-23 218 STREET,218 STREET,43 AVE,NORTHERN BLVD,QUEENS,11361,40.76218714477717,-73.76415217515967,"The Department of Environment Protection inspected your complaint but could not find the problem you reported. If the condition persists, please call 311 (or 212-639-9675 if calling from a non-New York City area code) with more detailed information to submit a new complaint.",Naturally Receded (Unobserved),3.1666666666666665
65722059,2025-07-31 15:59:00,2025-07-31 21:07:00,Sewer,Street Flooding (SJ),211-11 NORTHERN BOULEVARD,NORTHERN BOULEVARD,211 ST,212 ST,QUEENS,11361,40.75972933745506,-73.77170514823293,"The Department of Environment Protection inspected your complaint but could not find the problem you reported. If the condition persists, please call 311 (or 212-639-9675 if calling from a non-New York City area code) with more detailed information to submit a new complaint.",Naturally Receded (Unobserved),5.133333333333334
65715417,2025-07-31 15:47:00,2025-08-01 01:20:00,Sewer,Street Flooding (SJ),212-30 23 AVENUE,23 AVENUE,213 PL,BELL BLVD,QUEENS,11360,40.78185259765853,-73.77761977464459,"The Department of Environment Protection inspected your complaint but could not find the problem you reported. If the condition persists, please call 311 (or 212-639-9675 if calling from a non-New York City area code) with more detailed information to submit a new complaint.",Naturally Receded (Unobserved),9.55
65719851,2025-07-31 15:44:00,2025-08-01 01:50:00,Sewer,Street Flooding (SJ),53-17 210 STREET,210 STREET,53 AVE,56 AVE,QUEENS,11364,40.75098220245497,-73.76915092015764,"The Department of Environment Protection inspected your complaint but could not find the problem you reported. If the condition persists, please call 311 (or 212-639-9675 if calling from a non-New York City area code) with more detailed information to submit a new complaint.",Naturally Receded (Unobserved),10.1
65716507,2025-07-31 15:41:00,2025-07-31 16:10:00,Sewer,Street Flooding (SJ),,,,,STATEN ISLAND,10302,40.622274738471994,-74.14247994833636,"The Department of Environment Protection inspected your complaint but could not find the problem you reported. If the condition persists, please call 311 (or 212-639-9675 if calling from a non-New York City area code) with more detailed information to submit a new complaint.",Naturally Receded (Unobserved),0.48333333333333334
65720994,2025-07-31 15:35:00,2025-07-31 20:40:00,Sewer,Street Flooding (SJ),195-21 39 AVENUE,39 AVENUE,195 ST,FRANCIS LEWIS BLVD,QUEENS,11358,40.7621488276797,-73.78673901109326,"The Department of Environment Protection inspected your complaint but could not find the problem you reported. If the condition persists, please call 311 (or 212-639-9675 if calling from a non-New York City area code) with more detailed information to submit a new complaint.",Naturally Receded (Unobserved),5.083333333333333
65715419,2025-07-31 15:32:00,2025-07-31 20:52:00,Sewer,Street Flooding (SJ),212-30 23 AVENUE,23 AVENUE,213 PL,BELL BLVD,QUEENS,11360,40.78185259765853,-73.77761977464459,"The Department of Environment Protection inspected your complaint but could not find the problem you reported. If the condition persists, please call 311 (or 212-639-9675 if calling from a non-New York City area code) with more detailed information to submit a new complaint.",Naturally Receded (Unobserved),5.333333333333333
65719852,2025-07-31 15:29:00,2025-07-31 20:33:00,Sewer,Street Flooding (SJ),197-00 48 AVENUE,48 AVENUE,198 ST,WEEKS LN,QUEENS,11365,40.751437093560874,-73.78143522596686,"The Department of Environment Protection inspected your complaint but could not find the problem you reported. If the condition persists, please call 311 (or 212-639-9675 if calling from a non-New York City area code) with more detailed information to submit a new complaint.",Naturally Receded (Unobserved),5.066666666666666
65717675,2025-07-31 15:29:00,2025-07-31 20:23:00,Sewer,Street Flooding (SJ),53-17 210 STREET,210 STREET,53 AVE,56 AVE,QUEENS,11364,40.75098220245497,-73.76915092015764,"The Department of Environment Protection inspected your complaint but could not find the problem you reported. If the condition persists, please call 311 (or 212-639-9675 if calling from a non-New York City area code) with more detailed information to submit a new complaint.",Naturally Receded (Unobserved),4.9
65719853,2025-07-31 15:26:00,2025-07-31 19:54:00,Sewer,Street Flooding (SJ),38 AVENUE,38 AVENUE,201 STREET,202 STREET,QUEENS,11361,,,"The Department of Environment Protection inspected your complaint but could not find the problem you reported. If the condition persists, please call 311 (or 212-639-9675 if calling from a non-New York City area code) with more detailed information to submit a new complaint.",Naturally Receded (Unobserved),4.466666666666667
65720995,2025-07-31 15:20:00,2025-07-31 20:12:00,Sewer,Street Flooding (SJ),200-23 46 AVENUE,46 AVENUE,FRANCIS LEWIS BLVD,202 ST,QUEENS,11361,40.75487284739209,-73.78107744706391,"The Department of Environment Protection inspected your complaint but could not find the problem you reported. If the condition persists, please call 311 (or 212-639-9675 if calling from a non-New York City area code) with more detailed information to submit a new complaint.",Naturally Receded (Unobserved),4.866666666666666
65716508,2025-07-31 15:20:00,2025-07-31 20:03:00,Sewer,Street Flooding (SJ),36-22 205 STREET,205 STREET,36 AVE,38 AVE,QUEENS,11361,40.76511231855287,-73.78189213702599,"The Department of Environment Protection inspected your complaint but could not find the problem you reported. If the condition persists, please call 311 (or 212-639-9675 if calling from a non-New York City area code) with more detailed information to submit a new complaint.",Naturally Receded (Unobserved),4.716666666666667
65717676,2025-07-31 15:14:00,2025-07-31 19:42:00,Sewer,Street Flooding (SJ),45-16 202 STREET,202 STREET,45 AVE,45 RD,QUEENS,11361,40.756741271635164,-73.78068147644805,"The Department of Environment Protection inspected your complaint but could not find the problem you reported. If the condition persists, please call 311 (or 212-639-9675 if calling from a non-New York City area code) with more detailed information to submit a new complaint.",Naturally Receded (Unobserved),4.466666666666667
65718784,2025-07-31 15:11:00,2025-07-31 19:48:00,Sewer,Street Flooding (SJ),,,,,QUEENS,11361,40.756515976407854,-73.78056310397749,"The Department of Environment Protection inspected your complaint but could not find the problem you reported. If the condition persists, please call 311 (or 212-639-9675 if calling from a non-New York City area code) with more detailed information to submit a new complaint.",Naturally Receded (Unobserved),4.616666666666666
65719854,2025-07-31 14:50:00,2025-07-31 22:40:00,Sewer,Street Flooding (SJ),258 ROCKAWAY AVENUE,ROCKAWAY AVENUE,DEAN ST,BERGEN ST,BROOKLYN,11233,40.674369794745836,-73.91112429125347,"The Department of Environment Protection inspected your complaint but could not find the problem you reported. If the condition persists, please call 311 (or 212-639-9675 if calling from a non-New York City area code) with more detailed information to submit a new complaint.",Naturally Receded (Unobserved),7.833333333333333
65719855,2025-07-31 14:38:00,2025-08-01 01:15:00,Sewer,Street Flooding (SJ),23-44 31 ROAD,31 ROAD,23 ST,CRESCENT ST,QUEENS,11106,40.76576885643703,-73.92878525844829,"The Department of Environment Protection inspected your complaint but could not find the problem you reported. If the condition persists, please call 311 (or 212-639-9675 if calling from a non-New York City area code) with more detailed information to submit a new complaint.",Naturally Receded (Unobserved),10.616666666666667
65718785,2025-07-31 13:14:00,2025-08-01 00:40:00,Sewer,Street Flooding (SJ),48-15 11 STREET,11 STREET,48 AVE,JACKSON AVE,QUEENS,11101,40.74326807674086,-73.95109361893576,"The Department of Environment Protection inspected your complaint but could not find the problem you reported. If the condition persists, please call 311 (or 212-639-9675 if calling from a non-New York City area code) with more detailed information to submit a new complaint.",Naturally Receded (Unobserved),11.433333333333334
65663556,2025-07-25 16:50:00,2025-07-25 18:45:00,Sewer,Street Flooding (SJ),143 CLAY PIT ROAD,CLAY PIT ROAD,RED CEDAR LN,VETERANS RD E,STATEN ISLAND,10309,40.53998430734415,-74.22262233854408,"The Department of Environment Protection inspected your complaint but could not find the problem you reported. If the condition persists, please call 311 (or 212-639-9675 if calling from a non-New York City area code) with more detailed information to submit a new complaint.",Naturally Receded (Unobserved),1.9166666666666667
65659930,2025-07-25 10:35:00,2025-07-25 11:00:00,Sewer,Street Flooding (SJ),541 RICHARD AVENUE,RICHARD AVENUE,FLOWER AVE,DEAD END,STATEN ISLAND,10309,40.50510079225853,-74.22379714052374,"The Department of Environment Protection inspected your complaint but could not find the problem you reported. If the condition persists, please call 311 (or 212-639-9675 if calling from a non-New York City area code) with more detailed information to submit a new complaint.",Naturally Receded (Unobserved),0.4166666666666667
65653918,2025-07-24 06:59:00,2025-07-24 11:15:00,Sewer,Street Flooding (SJ),1616 GEORGE STREET,GEORGE STREET,WYCKOFF AVE,CYPRESS AVE,QUEENS,11385,40.69647881019903,-73.90412391156768,"The Department of Environment Protection inspected your complaint but could not find the problem you reported. If the condition persists, please call 311 (or 212-639-9675 if calling from a non-New York City area code) with more detailed information to submit a new complaint.",Naturally Receded (Unobserved),4.266666666666667
65643293,2025-07-23 11:17:00,2025-07-23 13:25:00,Sewer,Street Flooding (SJ),70-59 SYBILLA STREET,SYBILLA STREET,70 DR,71 AVE,QUEENS,11375,40.70875602929638,-73.85215204374367,"The Department of Environment Protection inspected your complaint but could not find the problem you reported. If the condition persists, please call 311 (or 212-639-9675 if calling from a non-New York City area code) with more detailed information to submit a new complaint.",Naturally Receded (Unobserved),2.1333333333333333
65644409,2025-07-23 10:11:00,2025-07-23 12:50:00,Sewer,Street Flooding (SJ),42-25 VERNON BOULEVARD,VERNON BOULEVARD,QUEENS PLZA S,43 AVE,QUEENS,11101,40.753812797840126,-73.94969266191669,"The Department of Environment Protection inspected your complaint but could not find the problem you reported. If the condition persists, please call 311 (or 212-639-9675 if calling from a non-New York City area code) with more detailed information to submit a new complaint.",Naturally Receded (Unobserved),2.65
65628928,2025-07-22 20:35:00,2025-07-22 20:55:00,Sewer,Street Flooding (SJ),2637 HARWAY AVENUE,HARWAY AVENUE,BAY 43 ST,BAY 44 ST,BROOKLYN,11214,40.590758950259605,-73.98923434883284,"The Department of Environment Protection inspected your complaint but could not find the problem you reported. If the condition persists, please call 311 (or 212-639-9675 if calling from a non-New York City area code) with more detailed information to submit a new complaint.",Naturally Receded (Unobserved),0.3333333333333333
65607365,2025-07-19 08:29:00,2025-07-19 19:05:00,Sewer,Street Flooding (SJ),34 LINDEN BOULEVARD,LINDEN BOULEVARD,FLATBUSH AVE,CATON AVE,BROOKLYN,11226,40.65221034429893,-73.95782752748468,"The Department of Environment Protection inspected your complaint but could not find the problem you reported. If the condition persists, please call 311 (or 212-639-9675 if calling from a non-New York City area code) with more detailed information to submit a new complaint.",Naturally Receded (Unobserved),10.6
65598709,2025-07-18 12:26:00,2025-07-18 14:40:00,Sewer,Street Flooding (SJ),1144 EAST   29 STREET,EAST   29 STREET,AVENUE K,AVENUE L,BROOKLYN,11210,40.62316337269882,-73.9472190932922,"The Department of Environment Protection inspected your complaint but could not find the problem you reported. If the condition persists, please call 311 (or 212-639-9675 if calling from a non-New York City area code) with more detailed information to submit a new complaint.",Naturally Receded (Unobserved),2.2333333333333334
65588656,2025-07-17 14:08:00,2025-07-17 19:00:00,Sewer,Street Flooding (SJ),17 AVENUE,17 AVENUE,43 STREET,44 STREET,BROOKLYN,11204,,,"The Department of Environment Protection inspected your complaint but could not find the problem you reported. If the condition persists, please call 311 (or 212-639-9675 if calling from a non-New York City area code) with more detailed information to submit a new complaint.",Naturally Receded (Unobserved),4.866666666666666
65583237,2025-07-17 03:29:00,2025-07-17 09:25:00,Sewer,Street Flooding (SJ),127 STEINWAY AVENUE,STEINWAY AVENUE,SAXON AVE,TRAVIS AVE,STATEN ISLAND,10314,40.593251087431085,-74.16128204521544,"The Department of Environment Protection inspected your complaint but could not find the problem you reported. If the condition persists, please call 311 (or 212-639-9675 if calling from a non-New York City area code) with more detailed information to submit a new complaint.",Naturally Receded (Unobserved),5.933333333333334
65568788,2025-07-15 11:53:00,2025-07-15 20:35:00,Sewer,Street Flooding (SJ),35 VAN BRUNT ROAD,VAN BRUNT ROAD,E 21 RD,BROAD CHANNEL ISLAND SHORELI,QUEENS,11693,40.59763112678018,-73.81979529249426,"The Department of Environment Protection inspected your complaint but could not find the problem you reported. If the condition persists, please call 311 (or 212-639-9675 if calling from a non-New York City area code) with more detailed information to submit a new complaint.",Naturally Receded (Unobserved),8.7
65570001,2025-07-15 10:17:00,2025-07-15 13:15:00,Sewer,Street Flooding (SJ),750 HUMBOLDT STREET,HUMBOLDT STREET,NORMAN AVE,MESEROLE AVE,BROOKLYN,11222,40.727664515205724,-73.94577612841596,"The Department of Environment Protection inspected your complaint but could not find the problem you reported. If the condition persists, please call 311 (or 212-639-9675 if calling from a non-New York City area code) with more detailed information to submit a new complaint.",Naturally Receded (Unobserved),2.966666666666667
65570002,2025-07-15 09:47:00,2025-07-15 11:20:00,Sewer,Street Flooding (SJ),88 STREET,88 STREET,LAWRENCE MURPHY STREET,35 AVENUE,QUEENS,11372,,,"The Department of Environment Protection inspected your complaint but could not find the problem you reported. If the condition persists, please call 311 (or 212-639-9675 if calling from a non-New York City area code) with more detailed information to submit a new complaint.",Naturally Receded (Unobserved),1.55
65556966,2025-07-14 21:20:00,2025-07-15 09:20:00,Sewer,Street Flooding (SJ),270-01 HILLSIDE AVENUE,HILLSIDE AVENUE,LANGDALE ST,NASSAU CNTY BNDY,QUEENS,11040,40.73910919499091,-73.70038354802529,"The Department of Environment Protection inspected your complaint but could not find the problem you reported. If the condition persists, please call 311 (or 212-639-9675 if calling from a non-New York City area code) with more detailed information to submit a new complaint.",Naturally Receded (Unobserved),12.0
65561513,2025-07-14 20:32:00,2025-07-14 21:40:00,Sewer,Street Flooding (SJ),8448 AVENUE L,AVENUE L,E 84 ST,E 85 ST,BROOKLYN,11236,40.63279738012765,-73.90437032180482,"The Department of Environment Protection inspected your complaint but could not find the problem you reported. If the condition persists, please call 311 (or 212-639-9675 if calling from a non-New York City area code) with more detailed information to submit a new complaint.",Naturally Receded (Unobserved),1.1333333333333333
65558088,2025-07-14 20:08:00,2025-07-14 22:15:00,Sewer,Street Flooding (SJ),2406 AMSTERDAM AVENUE,AMSTERDAM AVENUE,W 179 ST,W 180 ST,MANHATTAN,10033,40.84706660717321,-73.93167289552211,"The Department of Environment Protection inspected your complaint but could not find the problem you reported. If the condition persists, please call 311 (or 212-639-9675 if calling from a non-New York City area code) with more detailed information to submit a new complaint.",Naturally Receded (Unobserved),2.1166666666666667
65554692,2025-07-14 19:47:00,2025-07-14 20:55:00,Sewer,Street Flooding (SJ),1538 NELSON AVENUE,NELSON AVENUE,CROSS BRONX EXPRESSWAY SR N,FEATHERBED LN,BRONX,10452,40.84546448542168,-73.92008335394358,The Department of Environmental Protection has investigated this complaint. Surcharge conditions have been confirmed due to rain intensity or volume.,Hydraulic Capacity Surcharge,1.1333333333333333
65561516,2025-07-14 19:29:00,2025-07-15 00:30:00,Sewer,Street Flooding (SJ),98 SAXON AVENUE,SAXON AVENUE,GADSEN PL,STEINWAY AVE,STATEN ISLAND,10314,40.594341728972466,-74.16060053670151,"The Department of Environment Protection inspected your complaint but could not find the problem you reported. If the condition persists, please call 311 (or 212-639-9675 if calling from a non-New York City area code) with more detailed information to submit a new complaint.",Naturally Receded (Unobserved),5.016666666666667
65553536,2025-07-14 19:02:00,2025-07-14 23:30:00,Sewer,Street Flooding (SJ),132 KENNINGTON STREET,KENNINGTON STREET,GREAVES AVE,MILES AVE,STATEN ISLAND,10308,40.558804537879226,-74.15058952154136,"The Department of Environment Protection inspected your complaint but could not find the problem you reported. If the condition persists, please call 311 (or 212-639-9675 if calling from a non-New York City area code) with more detailed information to submit a new complaint.",Naturally Receded (Unobserved),4.466666666666667
65532684,2025-07-11 10:02:00,2025-07-11 13:50:00,Sewer,Street Flooding (SJ),1324 AVENUE L,AVENUE L,E 13 ST,E 14 ST,BROOKLYN,11230,40.620221315794794,-73.96204063180605,"The Department of Environment Protection inspected your complaint but could not find the problem you reported. If the condition persists, please call 311 (or 212-639-9675 if calling from a non-New York City area code) with more detailed information to submit a new complaint.",Naturally Receded (Unobserved),3.8
65515972,2025-07-10 11:05:00,2025-07-10 13:00:00,Sewer,Street Flooding (SJ),21-31 46 AVENUE,46 AVENUE,21 ST,BEND,QUEENS,11101,40.745890510867724,-73.94757658935751,"The Department of Environment Protection inspected your complaint but could not find the problem you reported. If the condition persists, please call 311 (or 212-639-9675 if calling from a non-New York City area code) with more detailed information to submit a new complaint.",Naturally Receded (Unobserved),1.9166666666666667
65518318,2025-07-10 10:50:00,2025-07-10 13:35:00,Sewer,Street Flooding (SJ),27-17 JACKSON AVENUE,JACKSON AVENUE,DUTCH KILLS ST,QUEENS ST,QUEENS,11101,40.74780837927223,-73.94046526969247,"The Department of Environment Protection inspected your complaint but could not find the problem you reported. If the condition persists, please call 311 (or 212-639-9675 if calling from a non-New York City area code) with more detailed information to submit a new complaint.",Naturally Receded (Unobserved),2.75
65515973,2025-07-10 10:35:00,2025-07-10 18:10:00,Sewer,Street Flooding (SJ),130-26 118 STREET,118 STREET,SUTTER AVE,133 AVE,QUEENS,11420,40.67405870158583,-73.82079648228009,"The Department of Environment Protection inspected your complaint but could not find the problem you reported. If the condition persists, please call 311 (or 212-639-9675 if calling from a non-New York City area code) with more detailed information to submit a new complaint.",Naturally Receded (Unobserved),7.583333333333333
65510155,2025-07-09 10:38:00,2025-07-09 13:35:00,Sewer,Street Flooding (SJ),45-20 23 STREET,23 STREET,45 AVE,45 RD,QUEENS,11101,40.74644122848075,-73.94547212840196,"The Department of Environment Protection inspected your complaint but could not find the problem you reported. If the condition persists, please call 311 (or 212-639-9675 if calling from a non-New York City area code) with more detailed information to submit a new complaint.",Naturally Receded (Unobserved),2.95
65496078,2025-07-07 17:02:00,2025-07-08 02:15:00,Sewer,Street Flooding (SJ),,,,,QUEENS,11419,40.69166350780366,-73.82970288488241,"The Department of Environment Protection inspected your complaint but could not find the problem you reported. If the condition persists, please call 311 (or 212-639-9675 if calling from a non-New York City area code) with more detailed information to submit a new complaint.",Naturally Receded (Unobserved),9.216666666666667
65488974,2025-07-07 10:41:00,2025-07-07 12:35:00,Sewer,Street Flooding (SJ),45-20 23 STREET,23 STREET,45 AVE,45 RD,QUEENS,11101,40.74644122848075,-73.94547212840196,"The Department of Environment Protection inspected your complaint but could not find the problem you reported. If the condition persists, please call 311 (or 212-639-9675 if calling from a non-New York City area code) with more detailed information to submit a new complaint.",Naturally Receded (Unobserved),1.9
65469300,2025-07-05 14:26:00,2025-07-05 20:45:00,Sewer,Street Flooding (SJ),45 WEST   55 STREET,WEST   55 STREET,5 AVE,AVENUE OF THE AMERICAS,MANHATTAN,10019,40.762305372381135,-73.97640617929689,"The Department of Environment Protection inspected your complaint but could not find the problem you reported. If the condition persists, please call 311 (or 212-639-9675 if calling from a non-New York City area code) with more detailed information to submit a new complaint.",Naturally Receded (Unobserved),6.316666666666666
65453291,2025-07-03 11:17:00,2025-07-03 12:00:00,Sewer,Street Flooding (SJ),43-37 9 STREET,9 STREET,43 RD,44 AVE,QUEENS,11101,40.75162006797376,-73.95043782276544,"The Department of Environment Protection inspected your complaint but could not find the problem you reported. If the condition persists, please call 311 (or 212-639-9675 if calling from a non-New York City area code) with more detailed information to submit a new complaint.",Naturally Receded (Unobserved),0.7166666666666667
65455759,2025-07-03 11:02:00,2025-07-03 12:00:00,Sewer,Street Flooding (SJ),43-77 9 STREET,9 STREET,43 RD,44 AVE,QUEENS,11101,40.750997239065775,-73.95097244973739,"The Department of Environment Protection inspected your complaint but could not find the problem you reported. If the condition persists, please call 311 (or 212-639-9675 if calling from a non-New York City area code) with more detailed information to submit a new complaint.",Naturally Receded (Unobserved),0.9666666666666667
65449585,2025-07-03 10:53:00,2025-07-03 12:15:00,Sewer,Street Flooding (SJ),10-46 44 DRIVE,44 DRIVE,10 ST,11 ST,QUEENS,11101,40.74873818569076,-73.95067816680934,"The Department of Environment Protection inspected your complaint but could not find the problem you reported. If the condition persists, please call 311 (or 212-639-9675 if calling from a non-New York City area code) with more detailed information to submit a new complaint.",Naturally Receded (Unobserved),1.3666666666666667
65447152,2025-07-03 10:44:00,2025-07-03 11:35:00,Sewer,Street Flooding (SJ),27-03 42 ROAD,42 ROAD,27 ST,28 ST,QUEENS,11101,40.749356379588065,-73.9403917037878,"The Department of Environment Protection inspected your complaint but could not find the problem you reported. If the condition persists, please call 311 (or 212-639-9675 if calling from a non-New York City area code) with more detailed information to submit a new complaint.",Naturally Receded (Unobserved),0.85
65455760,2025-07-03 10:08:00,2025-07-03 11:10:00,Sewer,Street Flooding (SJ),46-01 QUEENS BOULEVARD,QUEENS BOULEVARD,46 ST,47 ST,QUEENS,11104,40.74314810880159,-73.91855686820386,"The Department of Environment Protection inspected your complaint but could not find the problem you reported. If the condition persists, please call 311 (or 212-639-9675 if calling from a non-New York City area code) with more detailed information to submit a new complaint.",Naturally Receded (Unobserved),1.0333333333333334
65440972,2025-07-02 12:47:00,2025-07-02 14:00:00,Sewer,Street Flooding (SJ),31-30 HUNTERS POINT AVENUE,HUNTERS POINT AVENUE,31 PL,GALE AVE,QUEENS,11101,40.740018770631664,-73.93536242547418,"The Department of Environment Protection inspected your complaint but could not find the problem you reported. If the condition persists, please call 311 (or 212-639-9675 if calling from a non-New York City area code) with more detailed information to submit a new complaint.",Naturally Receded (Unobserved),1.2166666666666666
65439785,2025-07-02 12:35:00,2025-07-02 13:45:00,Sewer,Street Flooding (SJ),30-18 HUNTERS POINT AVENUE,HUNTERS POINT AVENUE,29 ST,30 PL,QUEENS,11101,40.74048388899254,-73.9376390288024,"The Department of Environment Protection inspected your complaint but could not find the problem you reported. If the condition persists, please call 311 (or 212-639-9675 if calling from a non-New York City area code) with more detailed information to submit a new complaint.",Naturally Receded (Unobserved),1.1666666666666667
65439786,2025-07-02 11:59:00,2025-07-02 12:40:00,Sewer,Street Flooding (SJ),9-11 44 DRIVE,44 DRIVE,VERNON BLVD,10 ST,QUEENS,11101,40.74903521106194,-73.95208188957706,"The Department of Environment Protection inspected your complaint but could not find the problem you reported. If the condition persists, please call 311 (or 212-639-9675 if calling from a non-New York City area code) with more detailed information to submit a new complaint.",Naturally Receded (Unobserved),0.6833333333333333
65444727,2025-07-02 11:53:00,2025-07-02 12:15:00,Sewer,Street Flooding (SJ),90 STREET,90 STREET,ASTORIA BOULEVARD,30 AVENUE,QUEENS,11369,,,"The Department of Environment Protection inspected your complaint but could not find the problem you reported. If the condition persists, please call 311 (or 212-639-9675 if calling from a non-New York City area code) with more detailed information to submit a new complaint.",Naturally Receded (Unobserved),0.36666666666666664
65442203,2025-07-02 11:47:00,2025-07-02 13:10:00,Sewer,Street Flooding (SJ),45-30 23 STREET,23 STREET,45 RD,DAVIS ST,QUEENS,11101,40.746155817304896,-73.94556258578667,"The Department of Environment Protection inspected your complaint but could not find the problem you reported. If the condition persists, please call 311 (or 212-639-9675 if calling from a non-New York City area code) with more detailed information to submit a new complaint.",Naturally Receded (Unobserved),1.3833333333333333
65444728,2025-07-02 11:08:00,2025-07-02 12:45:00,Sewer,Street Flooding (SJ),43-18 CRESCENT STREET,CRESCENT STREET,43 AVE,44 RD,QUEENS,11101,40.74866021666426,-73.94236288823366,"The Department of Environment Protection inspected your complaint but could not find the problem you reported. If the condition persists, please call 311 (or 212-639-9675 if calling from a non-New York City area code) with more detailed information to submit a new complaint.",Naturally Receded (Unobserved),1.6166666666666667
65439787,2025-07-02 11:02:00,2025-07-02 11:30:00,Sewer,Street Flooding (SJ),87-01 NORTHERN BOULEVARD,NORTHERN BOULEVARD,87 ST,88 ST,QUEENS,11372,40.75607021819788,-73.88058367040927,"The Department of Environment Protection inspected your complaint but could not find the problem you reported. If the condition persists, please call 311 (or 212-639-9675 if calling from a non-New York City area code) with more detailed information to submit a new complaint.",Naturally Receded (Unobserved),0.4666666666666667
65435017,2025-07-01 19:08:00,2025-07-02 01:30:00,Sewer,Street Flooding (SJ),45-18 QUEENS BOULEVARD,QUEENS BOULEVARD,45 ST,46 ST,QUEENS,11104,40.74322553562457,-73.91937236086467,"The Department of Environment Protection inspected your complaint but could not find the problem you reported. If the condition persists, please call 311 (or 212-639-9675 if calling from a non-New York City area code) with more detailed information to submit a new complaint.",Naturally Receded (Unobserved),6.366666666666666
65399973,2025-06-28 21:59:00,2025-06-29 08:45:00,Sewer,Street Flooding (SJ),,,,,QUEENS,11101,40.746221675916225,-73.94553005137858,"The Department of Environment Protection inspected your complaint but could not find the problem you reported. If the condition persists, please call 311 (or 212-639-9675 if calling from a non-New York City area code) with more detailed information to submit a new complaint.",Naturally Receded (Unobserved),10.766666666666667
65369434,2025-06-25 08:35:00,2025-06-25 12:35:00,Sewer,Street Flooding (SJ),2637 HARWAY AVENUE,HARWAY AVENUE,BAY 43 ST,BAY 44 ST,BROOKLYN,11214,40.590758950259605,-73.98923434883284,"The Department of Environment Protection inspected your complaint but could not find the problem you reported. If the condition persists, please call 311 (or 212-639-9675 if calling from a non-New York City area code) with more detailed information to submit a new complaint.",Naturally Receded (Unobserved),4.0
65363239,2025-06-24 12:02:00,2025-06-24 13:45:00,Sewer,Street Flooding (SJ),2127 NEW YORK AVENUE,NEW YORK AVENUE,AVENUE L,AVENUE M,BROOKLYN,11210,40.62070467078724,-73.94280117703525,"The Department of Environment Protection inspected your complaint but could not find the problem you reported. If the condition persists, please call 311 (or 212-639-9675 if calling from a non-New York City area code) with more detailed information to submit a new complaint.",Naturally Receded (Unobserved),1.7166666666666666
65352329,2025-06-23 16:47:00,2025-06-23 17:35:00,Sewer,Street Flooding (SJ),101 WEST   90 STREET,WEST   90 STREET,COLUMBUS AVE,AMSTERDAM AVE,MANHATTAN,10024,40.789095363543794,-73.97038390702454,"The Department of Environment Protection inspected your complaint but could not find the problem you reported. If the condition persists, please call 311 (or 212-639-9675 if calling from a non-New York City area code) with more detailed information to submit a new complaint.",Naturally Receded (Unobserved),0.8
65346684,2025-06-23 11:32:00,2025-06-23 13:35:00,Sewer,Street Flooding (SJ),37-05 64 STREET,64 STREET,37 AVE,39 AVE,QUEENS,11377,40.748375049445485,-73.89894960388786,"The Department of Environment Protection inspected your complaint but could not find the problem you reported. If the condition persists, please call 311 (or 212-639-9675 if calling from a non-New York City area code) with more detailed information to submit a new complaint.",Naturally Receded (Unobserved),2.05
65349528,2025-06-23 10:17:00,2025-06-23 11:45:00,Sewer,Street Flooding (SJ),22-82 31 STREET,31 STREET,AMTRAK-CONNECTING RAIL LINE,23 AVE,QUEENS,11105,40.77454641461724,-73.91265142022269,"The Department of Environment Protection inspected your complaint but could not find the problem you reported. If the condition persists, please call 311 (or 212-639-9675 if calling from a non-New York City area code) with more detailed information to submit a new complaint.",Naturally Receded (Unobserved),1.4666666666666666
65329377,2025-06-21 13:59:00,2025-06-21 20:00:00,Sewer,Street Flooding (SJ),90 WEST STREET,WEST STREET,ALBANY ST,LIBERTY ST PEDESTRIAN OVPS,MANHATTAN,10006,40.71010438228108,-74.01478869474265,"The Department of Environment Protection inspected your complaint but could not find the problem you reported. If the condition persists, please call 311 (or 212-639-9675 if calling from a non-New York City area code) with more detailed information to submit a new complaint.",Naturally Receded (Unobserved),6.016666666666667
65333301,2025-06-21 10:11:00,2025-06-21 11:50:00,Sewer,Street Flooding (SJ),200 WEST   15 STREET,WEST   15 STREET,7 AVE,8 AVE,MANHATTAN,10011,40.73941659504098,-73.99961388134555,"The Department of Environment Protection inspected your complaint but could not find the problem you reported. If the condition persists, please call 311 (or 212-639-9675 if calling from a non-New York City area code) with more detailed information to submit a new complaint.",Naturally Receded (Unobserved),1.65
65314890,2025-06-20 08:47:00,2025-06-20 14:00:00,Sewer,Street Flooding (SJ),82-11 CYPRESS AVENUE,CYPRESS AVENUE,VERMONT PL,JACKIE ROBINSON PARKWAY SR,QUEENS,11385,40.69103350505257,-73.88919581567345,"The Department of Environment Protection inspected your complaint but could not find the problem you reported. If the condition persists, please call 311 (or 212-639-9675 if calling from a non-New York City area code) with more detailed information to submit a new complaint.",Naturally Receded (Unobserved),5.216666666666667
65306337,2025-06-19 15:47:00,2025-06-19 16:20:00,Sewer,Street Flooding (SJ),111 JEWEL STREET,JEWEL STREET,NORMAN AVE,MESEROLE AVE,BROOKLYN,11222,40.728085168104336,-73.94729474260735,"The Department of Environment Protection inspected your complaint but could not find the problem you reported. If the condition persists, please call 311 (or 212-639-9675 if calling from a non-New York City area code) with more detailed information to submit a new complaint.",Naturally Receded (Unobserved),0.55
65310427,2025-06-19 11:47:00,2025-06-19 14:30:00,Sewer,Street Flooding (SJ),109 FORREST STREET,FORREST STREET,CENTRAL AVE,FLUSHING AVE,BROOKLYN,11206,40.703105407246824,-73.93216307746661,"The Department of Environment Protection inspected your complaint but could not find the problem you reported. If the condition persists, please call 311 (or 212-639-9675 if calling from a non-New York City area code) with more detailed information to submit a new complaint.",Naturally Receded (Unobserved),2.716666666666667
65286951,2025-06-17 06:50:00,2025-06-17 08:40:00,Sewer,Street Flooding (SJ),176 HART BOULEVARD,HART BOULEVARD,FOREST AVE,REVERE ST,STATEN ISLAND,10301,40.63089660966597,-74.10046180469476,"The Department of Environment Protection inspected your complaint but could not find the problem you reported. If the condition persists, please call 311 (or 212-639-9675 if calling from a non-New York City area code) with more detailed information to submit a new complaint.",Naturally Receded (Unobserved),1.8333333333333333
65279169,2025-06-16 23:56:00,2025-06-17 04:15:00,Sewer,Street Flooding (SJ),22-27 99 STREET,99 STREET,22 DR,23 AVE,QUEENS,11369,40.76973780104231,-73.87176102726683,"The Department of Environment Protection inspected your complaint but could not find the problem you reported. If the condition persists, please call 311 (or 212-639-9675 if calling from a non-New York City area code) with more detailed information to submit a new complaint.",Naturally Receded (Unobserved),4.316666666666666
65281408,2025-06-16 09:53:00,2025-06-16 11:00:00,Sewer,Street Flooding (SJ),,,,,QUEENS,11364,40.75757197810568,-73.75825962973047,"The Department of Environment Protection inspected your complaint but could not find the problem you reported. If the condition persists, please call 311 (or 212-639-9675 if calling from a non-New York City area code) with more detailed information to submit a new complaint.",Naturally Receded (Unobserved),1.1166666666666667
65264164,2025-06-14 08:23:00,2025-06-14 10:30:00,Sewer,Street Flooding (SJ),800 RICHMOND TERRACE,RICHMOND TERRACE,CLINTON AVE,TYSEN ST,STATEN ISLAND,10301,40.64469321364195,-74.09896551871516,"The Department of Environment Protection inspected your complaint but could not find the problem you reported. If the condition persists, please call 311 (or 212-639-9675 if calling from a non-New York City area code) with more detailed information to submit a new complaint.",Naturally Receded (Unobserved),2.1166666666666667
65255663,2025-06-13 10:47:00,2025-06-13 11:50:00,Sewer,Street Flooding (SJ),31-00 47 AVENUE,47 AVENUE,31 ST,31 PL,QUEENS,11101,40.74306011758023,-73.93565178631272,"The Department of Environment Protection inspected your complaint but could not find the problem you reported. If the condition persists, please call 311 (or 212-639-9675 if calling from a non-New York City area code) with more detailed information to submit a new complaint.",Naturally Receded (Unobserved),1.05
65251742,2025-06-13 10:32:00,2025-06-13 11:30:00,Sewer,Street Flooding (SJ),30-40 48 AVENUE,48 AVENUE,30 PL,31 ST,QUEENS,11101,40.741312376967464,-73.93685516780212,"The Department of Environment Protection inspected your complaint but could not find the problem you reported. If the condition persists, please call 311 (or 212-639-9675 if calling from a non-New York City area code) with more detailed information to submit a new complaint.",Naturally Receded (Unobserved),0.9666666666666667
65249220,2025-06-12 22:17:00,2025-06-12 22:40:00,Sewer,Street Flooding (SJ),,,,,BROOKLYN,11204,40.62787356550602,-73.98480442504791,"The Department of Environment Protection inspected your complaint but could not find the problem you reported. If the condition persists, please call 311 (or 212-639-9675 if calling from a non-New York City area code) with more detailed information to submit a new complaint.",Naturally Receded (Unobserved),0.38333333333333336
65231559,2025-06-11 21:44:00,2025-06-11 22:15:00,Sewer,Street Flooding (SJ),117 EAST   70 STREET,EAST   70 STREET,PARK AVE,LEXINGTON AVE,MANHATTAN,10021,40.76949614667388,-73.96404947393147,"The Department of Environment Protection inspected your complaint but could not find the problem you reported. If the condition persists, please call 311 (or 212-639-9675 if calling from a non-New York City area code) with more detailed information to submit a new complaint.",Naturally Receded (Unobserved),0.5166666666666667
65224739,2025-06-10 16:59:00,2025-06-10 19:40:00,Sewer,Street Flooding (SJ),,,,,MANHATTAN,10024,40.78905142646646,-73.970300867221,"The Department of Environment Protection inspected your complaint but could not find the problem you reported. If the condition persists, please call 311 (or 212-639-9675 if calling from a non-New York City area code) with more detailed information to submit a new complaint.",Naturally Receded (Unobserved),2.683333333333333
65226100,2025-06-10 14:17:00,2025-06-10 21:40:00,Sewer,Street Flooding (SJ),3042 BRIGHTN    1 PLACE,BRIGHTN    1 PLACE,BRIGHTON 1 WALK,BRIGHTON 1 TER,BROOKLYN,11235,40.5776618207898,-73.9663414373597,"The Department of Environment Protection inspected your complaint but could not find the problem you reported. If the condition persists, please call 311 (or 212-639-9675 if calling from a non-New York City area code) with more detailed information to submit a new complaint.",Naturally Receded (Unobserved),7.383333333333334
65224736,2025-06-10 13:26:00,2025-06-10 19:20:00,Sewer,Street Flooding (SJ),,,,,BROOKLYN,11210,40.630043769941274,-73.94552039583849,"The Department of Environment Protection inspected your complaint but could not find the problem you reported. If the condition persists, please call 311 (or 212-639-9675 if calling from a non-New York City area code) with more detailed information to submit a new complaint.",Naturally Receded (Unobserved),5.9
65228778,2025-06-10 09:44:00,2025-06-10 10:30:00,Sewer,Street Flooding (SJ),44 BRIGHTON    4 COURT,BRIGHTON    4 COURT,BRIGHTON 3 CT,BRIGHTON 5 CT,BROOKLYN,11235,40.58043064428399,-73.96408644467218,"The Department of Environment Protection inspected your complaint but could not find the problem you reported. If the condition persists, please call 311 (or 212-639-9675 if calling from a non-New York City area code) with more detailed information to submit a new complaint.",Naturally Receded (Unobserved),0.7666666666666667
65207513,2025-06-08 13:26:00,2025-06-08 18:00:00,Sewer,Street Flooding (SJ),242 WEST   53 STREET,WEST   53 STREET,BROADWAY,8 AVE,MANHATTAN,10019,40.763766852193235,-73.98379874691466,"The Department of Environment Protection inspected your complaint but could not find the problem you reported. If the condition persists, please call 311 (or 212-639-9675 if calling from a non-New York City area code) with more detailed information to submit a new complaint.",Naturally Receded (Unobserved),4.566666666666666
65194767,2025-06-07 15:17:00,2025-06-07 18:30:00,Sewer,Street Flooding (SJ),327 WILSON AVENUE,WILSON AVENUE,MENAHAN ST,GROVE ST,BROOKLYN,11237,40.69635508122317,-73.91805866541591,"The Department of Environment Protection inspected your complaint but could not find the problem you reported. If the condition persists, please call 311 (or 212-639-9675 if calling from a non-New York City area code) with more detailed information to submit a new complaint.",Naturally Receded (Unobserved),3.216666666666667
65179573,2025-06-06 20:50:00,2025-06-06 21:10:00,Sewer,Street Flooding (SJ),33 WEST   81 STREET,WEST   81 STREET,CENTRAL PARK W,COLUMBUS AVE,MANHATTAN,10024,40.78249212738271,-73.97278449512058,"The Department of Environment Protection inspected your complaint but could not find the problem you reported. If the condition persists, please call 311 (or 212-639-9675 if calling from a non-New York City area code) with more detailed information to submit a new complaint.",Naturally Receded (Unobserved),0.3333333333333333
65181036,2025-06-06 06:35:00,2025-06-06 11:00:00,Sewer,Street Flooding (SJ),1965 LAFAYETTE AVENUE,LAFAYETTE AVENUE,STICKBALL BLVD,PUGSLEY AVE,BRONX,10473,40.82230025720139,-73.85619211834099,"The Department of Environment Protection inspected your complaint but could not find the problem you reported. If the condition persists, please call 311 (or 212-639-9675 if calling from a non-New York City area code) with more detailed information to submit a new complaint.",Naturally Receded (Unobserved),4.416666666666667
65173855,2025-06-05 10:53:00,2025-06-05 12:00:00,Sewer,Street Flooding (SJ),2320 AVENUE M,AVENUE M,E 23 ST,E 24 ST,BROOKLYN,11210,40.618897265065556,-73.95187634189885,"The Department of Environment Protection inspected your complaint but could not find the problem you reported. If the condition persists, please call 311 (or 212-639-9675 if calling from a non-New York City area code) with more detailed information to submit a new complaint.",Naturally Receded (Unobserved),1.1166666666666667
65176722,2025-06-05 08:38:00,2025-06-05 10:00:00,Sewer,Street Flooding (SJ),230 KATAN AVENUE,KATAN AVENUE,N RHETT AVE,KATAN LOOP,STATEN ISLAND,10308,40.552682538989885,-74.15346892247189,"The Department of Environment Protection inspected your complaint but could not find the problem you reported. If the condition persists, please call 311 (or 212-639-9675 if calling from a non-New York City area code) with more detailed information to submit a new complaint.",Naturally Receded (Unobserved),1.3666666666666667
65118569,2025-05-31 18:05:00,2025-06-01 00:55:00,Sewer,Street Flooding (SJ),177-37 135 AVENUE,135 AVENUE,FARMERS BLVD,THURSTON ST,QUEENS,11434,40.67568056757403,-73.76296916912234,"The Department of Environment Protection inspected your complaint but could not find the problem you reported. If the condition persists, please call 311 (or 212-639-9675 if calling from a non-New York City area code) with more detailed information to submit a new complaint.",Naturally Receded (Unobserved),6.833333333333333
65120986,2025-05-31 14:38:00,2025-05-31 22:05:00,Sewer,Street Flooding (SJ),,,,,BROOKLYN,11230,40.635786160280844,-73.95952410258593,"The Department of Environment Protection inspected your complaint but could not find the problem you reported. If the condition persists, please call 311 (or 212-639-9675 if calling from a non-New York City area code) with more detailed information to submit a new complaint.",Naturally Receded (Unobserved),7.45
65117362,2025-05-31 14:29:00,2025-06-01 00:25:00,Sewer,Street Flooding (SJ),90-48 209 STREET,209 STREET,90 AVE,91 AVE,QUEENS,11428,40.71836801435201,-73.75412698549712,"The Department of Environment Protection inspected your complaint but could not find the problem you reported. If the condition persists, please call 311 (or 212-639-9675 if calling from a non-New York City area code) with more detailed information to submit a new complaint.",Naturally Receded (Unobserved),9.933333333333334
65116160,2025-05-31 10:38:00,2025-05-31 11:45:00,Sewer,Street Flooding (SJ),141 STREET,141 STREET,LINDEN BOULEVARD,115 AVENUE,QUEENS,11436,,,"The Department of Environment Protection inspected your complaint but could not find the problem you reported. If the condition persists, please call 311 (or 212-639-9675 if calling from a non-New York City area code) with more detailed information to submit a new complaint.",Naturally Receded (Unobserved),1.1166666666666667
65118570,2025-05-31 03:38:00,2025-05-31 05:00:00,Sewer,Street Flooding (SJ),63-11 76 STREET,76 STREET,JUNIPER BLVD S,PENELOPE AVE,QUEENS,11379,40.7188752334365,-73.87980616437284,"The Department of Environment Protection inspected your complaint but could not find the problem you reported. If the condition persists, please call 311 (or 212-639-9675 if calling from a non-New York City area code) with more detailed information to submit a new complaint.",Naturally Receded (Unobserved),1.3666666666666667
65106166,2025-05-30 07:41:00,2025-05-30 13:35:00,Sewer,Street Flooding (SJ),40-24 COLLEGE POINT BOULEVARD,COLLEGE POINT BOULEVARD,ROOSEVELT AVE,40 RD,QUEENS,11354,40.75769522603666,-73.8341290639722,"The Department of Environment Protection inspected your complaint but could not find the problem you reported. If the condition persists, please call 311 (or 212-639-9675 if calling from a non-New York City area code) with more detailed information to submit a new complaint.",Naturally Receded (Unobserved),5.9
65101971,2025-05-29 08:44:00,2025-05-29 14:25:00,Sewer,Street Flooding (SJ),,,,,QUEENS,11377,40.74859124711566,-73.90801529676082,"The Department of Environment Protection inspected your complaint but could not find the problem you reported. If the condition persists, please call 311 (or 212-639-9675 if calling from a non-New York City area code) with more detailed information to submit a new complaint.",Naturally Receded (Unobserved),5.683333333333334
65091874,2025-05-28 22:35:00,2025-05-29 01:00:00,Sewer,Street Flooding (SJ),8-17 37 AVENUE,37 AVENUE,VERNON BLVD,9 ST,QUEENS,11101,40.76058374725224,-73.94307090726282,"The Department of Environment Protection inspected your complaint but could not find the problem you reported. If the condition persists, please call 311 (or 212-639-9675 if calling from a non-New York City area code) with more detailed information to submit a new complaint.",Naturally Receded (Unobserved),2.4166666666666665
65076119,2025-05-27 22:38:00,2025-05-28 01:15:00,Sewer,Street Flooding (SJ),,,,,QUEENS,11357,40.784798320346546,-73.80853501297987,"The Department of Environment Protection inspected your complaint but could not find the problem you reported. If the condition persists, please call 311 (or 212-639-9675 if calling from a non-New York City area code) with more detailed information to submit a new complaint.",Naturally Receded (Unobserved),2.6166666666666667
65074769,2025-05-27 18:23:00,2025-05-28 02:15:00,Sewer,Street Flooding (SJ),43-77 9 STREET,9 STREET,43 RD,44 AVE,QUEENS,11101,40.750997239065775,-73.95097244973739,"The Department of Environment Protection inspected your complaint but could not find the problem you reported. If the condition persists, please call 311 (or 212-639-9675 if calling from a non-New York City area code) with more detailed information to submit a new complaint.",Naturally Receded (Unobserved),7.866666666666666
65069887,2025-05-26 20:32:00,2025-05-27 05:30:00,Sewer,Street Flooding (SJ),25-11 DEERFIELD ROAD,DEERFIELD ROAD,BEACH 25 ST,BEACH 27 ST,QUEENS,11691,40.597493918153994,-73.75978983468809,"The Department of Environment Protection inspected your complaint but could not find the problem you reported. If the condition persists, please call 311 (or 212-639-9675 if calling from a non-New York City area code) with more detailed information to submit a new complaint.",Naturally Receded (Unobserved),8.966666666666667
65072216,2025-05-26 08:47:00,2025-05-26 10:25:00,Sewer,Street Flooding (SJ),,,,,QUEENS,11102,40.77677317883997,-73.93452519329509,"The Department of Environment Protection inspected your complaint but could not find the problem you reported. If the condition persists, please call 311 (or 212-639-9675 if calling from a non-New York City area code) with more detailed information to submit a new complaint.",Naturally Receded (Unobserved),1.6333333333333333
65032706,2025-05-22 17:05:00,2025-05-22 19:10:00,Sewer,Street Flooding (SJ),,,,,MANHATTAN,10003,40.73403402896983,-73.9950494205494,"The Department of Environment Protection inspected your complaint but could not find the problem you reported. If the condition persists, please call 311 (or 212-639-9675 if calling from a non-New York City area code) with more detailed information to submit a new complaint.",Naturally Receded (Unobserved),2.0833333333333335
65030353,2025-05-22 16:35:00,2025-05-22 18:00:00,Sewer,Street Flooding (SJ),,,,,BRONX,10473,40.82002003868361,-73.85671008642075,"The Department of Environment Protection inspected your complaint but could not find the problem you reported. If the condition persists, please call 311 (or 212-639-9675 if calling from a non-New York City area code) with more detailed information to submit a new complaint.",Naturally Receded (Unobserved),1.4166666666666667
65028007,2025-05-22 14:05:00,2025-05-22 14:50:00,Sewer,Street Flooding (SJ),20-17 150 STREET,150 STREET,20 AVE,20 RD,QUEENS,11357,40.780852504738526,-73.81425148541635,"The Department of Environment Protection inspected your complaint but could not find the problem you reported. If the condition persists, please call 311 (or 212-639-9675 if calling from a non-New York City area code) with more detailed information to submit a new complaint.",Naturally Receded (Unobserved),0.75
65029146,2025-05-22 10:29:00,2025-05-22 13:45:00,Sewer,Street Flooding (SJ),107-40 QUEENS BOULEVARD,QUEENS BOULEVARD,70 RD,71 AVE,QUEENS,11375,40.72154524559446,-73.84483988060846,"The Department of Environment Protection inspected your complaint but could not find the problem you reported. If the condition persists, please call 311 (or 212-639-9675 if calling from a non-New York City area code) with more detailed information to submit a new complaint.",Naturally Receded (Unobserved),3.2666666666666666
65034989,2025-05-22 10:26:00,2025-05-22 13:25:00,Sewer,Street Flooding (SJ),71-67 YELLOWSTONE BOULEVARD,YELLOWSTONE BOULEVARD,DARTMOUTH ST,DANE PL,QUEENS,11375,40.72093846859369,-73.85523476102831,"The Department of Environment Protection inspected your complaint but could not find the problem you reported. If the condition persists, please call 311 (or 212-639-9675 if calling from a non-New York City area code) with more detailed information to submit a new complaint.",Naturally Receded (Unobserved),2.9833333333333334
65033792,2025-05-22 01:53:00,2025-05-22 09:05:00,Sewer,Street Flooding (SJ),35-03 159 STREET,159 STREET,35 AVE,NORTHERN BLVD,QUEENS,11358,40.76528466800915,-73.8061363132445,"The Department of Environment Protection inspected your complaint but could not find the problem you reported. If the condition persists, please call 311 (or 212-639-9675 if calling from a non-New York City area code) with more detailed information to submit a new complaint.",Naturally Receded (Unobserved),7.2
65022648,2025-05-21 23:59:00,2025-05-22 09:25:00,Sewer,Street Flooding (SJ),,,,,BROOKLYN,11205,40.68832571866554,-73.96481079590191,"The Department of Environment Protection inspected your complaint but could not find the problem you reported. If the condition persists, please call 311 (or 212-639-9675 if calling from a non-New York City area code) with more detailed information to submit a new complaint.",Naturally Receded (Unobserved),9.433333333333334
64989724,2025-05-18 17:38:00,2025-05-18 18:35:00,Sewer,Street Flooding (SJ),1174 EAST   82 STREET,EAST   82 STREET,AVENUE K,AVENUE L,BROOKLYN,11236,40.63206935133572,-73.90691132711052,"The Department of Environment Protection inspected your complaint but could not find the problem you reported. If the condition persists, please call 311 (or 212-639-9675 if calling from a non-New York City area code) with more detailed information to submit a new complaint.",Naturally Receded (Unobserved),0.95
64972583,2025-05-17 09:44:00,2025-05-17 10:00:00,Sewer,Street Flooding (SJ),914 PACIFIC STREET,PACIFIC STREET,WASHINGTON AVE,GRAND AVE,BROOKLYN,11238,40.68003054251933,-73.96329010050889,"The Department of Environment Protection inspected your complaint but could not find the problem you reported. If the condition persists, please call 311 (or 212-639-9675 if calling from a non-New York City area code) with more detailed information to submit a new complaint.",Naturally Receded (Unobserved),0.26666666666666666
64965839,2025-05-16 10:26:00,2025-05-16 11:20:00,Sewer,Street Flooding (SJ),21-02 202 STREET,202 STREET,21 AVE,22 AVE,QUEENS,11360,40.77874868074515,-73.79102594150014,"The Department of Environment Protection inspected your complaint but could not find the problem you reported. If the condition persists, please call 311 (or 212-639-9675 if calling from a non-New York City area code) with more detailed information to submit a new complaint.",Naturally Receded (Unobserved),0.9
64971349,2025-05-16 08:56:00,2025-05-16 11:20:00,Sewer,Street Flooding (SJ),21-47 35 STREET,35 STREET,21 AVE,DITMARS BLVD,QUEENS,11105,40.77581339472376,-73.9077321758656,"The Department of Environment Protection inspected your complaint but could not find the problem you reported. If the condition persists, please call 311 (or 212-639-9675 if calling from a non-New York City area code) with more detailed information to submit a new complaint.",Naturally Receded (Unobserved),2.4
64954825,2025-05-15 16:26:00,2025-05-15 21:50:00,Sewer,Street Flooding (SJ),51 BRIGHTON    1 PLACE,BRIGHTON    1 PLACE,BRIGHTON 1 WALK,BRIGHTON 1 TER,BROOKLYN,11235,40.57773593257886,-73.96634859971275,"The Department of Environment Protection inspected your complaint but could not find the problem you reported. If the condition persists, please call 311 (or 212-639-9675 if calling from a non-New York City area code) with more detailed information to submit a new complaint.",Naturally Receded (Unobserved),5.4
64951989,2025-05-15 14:23:00,2025-05-15 16:55:00,Sewer,Street Flooding (SJ),37-11 82 STREET,82 STREET,37 AVE,ROOSEVELT AVE,QUEENS,11372,40.74942067975196,-73.88424081212237,"The Department of Environment Protection inspected your complaint but could not find the problem you reported. If the condition persists, please call 311 (or 212-639-9675 if calling from a non-New York City area code) with more detailed information to submit a new complaint.",Naturally Receded (Unobserved),2.533333333333333
64951985,2025-05-15 13:32:00,2025-05-15 16:25:00,Sewer,Street Flooding (SJ),48-12 104 STREET,104 STREET,NICOLLS AVE,49 AVE,QUEENS,11368,40.744572737357906,-73.85897993678341,"The Department of Environment Protection inspected your complaint but could not find the problem you reported. If the condition persists, please call 311 (or 212-639-9675 if calling from a non-New York City area code) with more detailed information to submit a new complaint.",Naturally Receded (Unobserved),2.8833333333333333
64951990,2025-05-15 10:20:00,2025-05-15 15:15:00,Sewer,Street Flooding (SJ),,,,,QUEENS,11364,40.74289236696444,-73.7592620045889,"The Department of Environment Protection inspected your complaint but could not find the problem you reported. If the condition persists, please call 311 (or 212-639-9675 if calling from a non-New York City area code) with more detailed information to submit a new complaint.",Naturally Receded (Unobserved),4.916666666666667
64960428,2025-05-15 10:17:00,2025-05-15 12:20:00,Sewer,Street Flooding (SJ),69 ORIENT AVENUE,ORIENT AVENUE,METROPOLITAN AVE,BEND,BROOKLYN,11211,40.715232994706696,-73.93926428502095,"The Department of Environment Protection inspected your complaint but could not find the problem you reported. If the condition persists, please call 311 (or 212-639-9675 if calling from a non-New York City area code) with more detailed information to submit a new complaint.",Naturally Receded (Unobserved),2.05
64945775,2025-05-14 20:59:00,2025-05-14 22:40:00,Sewer,Street Flooding (SJ),2928 WEST    5 STREET,WEST    5 STREET,NEPTUNE AVE,W BRIGHTON AVE,BROOKLYN,11224,40.57822610767071,-73.9723457475236,"The Department of Environment Protection inspected your complaint but could not find the problem you reported. If the condition persists, please call 311 (or 212-639-9675 if calling from a non-New York City area code) with more detailed information to submit a new complaint.",Naturally Receded (Unobserved),1.6833333333333333
64951295,2025-05-14 16:08:00,2025-05-14 20:00:00,Sewer,Street Flooding (SJ),1226 EAST   26 STREET,EAST   26 STREET,AVENUE L,AVENUE M,BROOKLYN,11210,40.620773731592635,-73.94960922289762,"The Department of Environment Protection inspected your complaint but could not find the problem you reported. If the condition persists, please call 311 (or 212-639-9675 if calling from a non-New York City area code) with more detailed information to submit a new complaint.",Naturally Receded (Unobserved),3.8666666666666667
64945804,2025-05-14 15:53:00,2025-05-14 16:15:00,Sewer,Street Flooding (SJ),,,,,BROOKLYN,11211,40.71090762568317,-73.95164399025946,"The Department of Environment Protection inspected your complaint but could not find the problem you reported. If the condition persists, please call 311 (or 212-639-9675 if calling from a non-New York City area code) with more detailed information to submit a new complaint.",Naturally Receded (Unobserved),0.36666666666666664
64946858,2025-05-14 13:17:00,2025-05-14 13:40:00,Sewer,Street Flooding (SJ),215-42 36 AVENUE,36 AVENUE,215 PL,216 ST,QUEENS,11361,40.768791891887446,-73.76864513317754,"The Department of Environment Protection inspected your complaint but could not find the problem you reported. If the condition persists, please call 311 (or 212-639-9675 if calling from a non-New York City area code) with more detailed information to submit a new complaint.",Naturally Receded (Unobserved),0.38333333333333336
64943742,2025-05-14 11:17:00,2025-05-14 15:00:00,Sewer,Street Flooding (SJ),,,,,QUEENS,11354,40.7680469069108,-73.8349913774136,"The Department of Environment Protection inspected your complaint but could not find the problem you reported. If the condition persists, please call 311 (or 212-639-9675 if calling from a non-New York City area code) with more detailed information to submit a new complaint.",Naturally Receded (Unobserved),3.716666666666667
64943740,2025-05-14 00:20:00,2025-05-14 03:15:00,Sewer,Street Flooding (SJ),35-03 159 STREET,159 STREET,35 AVE,NORTHERN BLVD,QUEENS,11358,40.76528466800915,-73.8061363132445,"The Department of Environment Protection inspected your complaint but could not find the problem you reported. If the condition persists, please call 311 (or 212-639-9675 if calling from a non-New York City area code) with more detailed information to submit a new complaint.",Naturally Receded (Unobserved),2.9166666666666665
64937853,2025-05-13 23:47:00,2025-05-14 02:25:00,Sewer,Street Flooding (SJ),,,,,QUEENS,11377,40.76128028611614,-73.90472731925975,"The Department of Environment Protection inspected your complaint but could not find the problem you reported. If the condition persists, please call 311 (or 212-639-9675 if calling from a non-New York City area code) with more detailed information to submit a new complaint.",Naturally Receded (Unobserved),2.6333333333333333
64938205,2025-05-13 10:59:00,2025-05-13 13:20:00,Sewer,Street Flooding (SJ),157 CLAWSON STREET,CLAWSON STREET,BANCROFT AVE,BRYANT AVE,STATEN ISLAND,10306,40.57523615090116,-74.1080958827132,"The Department of Environment Protection inspected your complaint but could not find the problem you reported. If the condition persists, please call 311 (or 212-639-9675 if calling from a non-New York City area code) with more detailed information to submit a new complaint.",Naturally Receded (Unobserved),2.35
64897367,2025-05-09 11:35:00,2025-05-09 12:05:00,Sewer,Street Flooding (SJ),,,,,BROOKLYN,11206,40.701593386315295,-73.94874748258447,"The Department of Environment Protection inspected your complaint but could not find the problem you reported. If the condition persists, please call 311 (or 212-639-9675 if calling from a non-New York City area code) with more detailed information to submit a new complaint.",Naturally Receded (Unobserved),0.5
64897278,2025-05-09 11:17:00,2025-05-09 13:10:00,Sewer,Street Flooding (SJ),144-01 HILLSIDE AVENUE,HILLSIDE AVENUE,144 ST,146 ST,QUEENS,11435,40.705186421709016,-73.81171037974634,"The Department of Environment Protection inspected your complaint but could not find the problem you reported. If the condition persists, please call 311 (or 212-639-9675 if calling from a non-New York City area code) with more detailed information to submit a new complaint.",Naturally Receded (Unobserved),1.8833333333333333
64885792,2025-05-08 21:53:00,2025-05-09 09:30:00,Sewer,Street Flooding (SJ),21-47 35 STREET,35 STREET,21 AVE,DITMARS BLVD,QUEENS,11105,40.77581339472376,-73.9077321758656,"The Department of Environment Protection inspected your complaint but could not find the problem you reported. If the condition persists, please call 311 (or 212-639-9675 if calling from a non-New York City area code) with more detailed information to submit a new complaint.",Naturally Receded (Unobserved),11.616666666666667
64861032,2025-05-06 10:29:00,2025-05-06 12:20:00,Sewer,Street Flooding (SJ),513 72 STREET,72 STREET,5 AVE,6 AVE,BROOKLYN,11209,40.63144907693452,-74.02119136106228,"The Department of Environment Protection inspected your complaint but could not find the problem you reported. If the condition persists, please call 311 (or 212-639-9675 if calling from a non-New York City area code) with more detailed information to submit a new complaint.",Naturally Receded (Unobserved),1.85
64866426,2025-05-06 06:08:00,2025-05-06 09:25:00,Sewer,Street Flooding (SJ),,,,,BRONX,10470,40.90237753886842,-73.84809666421872,"The Department of Environment Protection inspected your complaint but could not find the problem you reported. If the condition persists, please call 311 (or 212-639-9675 if calling from a non-New York City area code) with more detailed information to submit a new complaint.",Naturally Receded (Unobserved),3.283333333333333
64842597,2025-05-03 23:50:00,2025-05-04 10:05:00,Sewer,Street Flooding (SJ),10 EAST   85 STREET,EAST   85 STREET,5 AVE,MADISON AVE,MANHATTAN,10028,40.780635844759026,-73.96041097487532,"The Department of Environment Protection inspected your complaint but could not find the problem you reported. If the condition persists, please call 311 (or 212-639-9675 if calling from a non-New York City area code) with more detailed information to submit a new complaint.",Naturally Receded (Unobserved),10.25
64838773,2025-05-03 11:26:00,2025-05-03 15:35:00,Sewer,Street Flooding (SJ),253-18 85 ROAD,85 ROAD,253 ST,LITTLE NECK PKWY,QUEENS,11426,40.73288075639313,-73.71309816721296,"The Department of Environment Protection inspected your complaint but could not find the problem you reported. If the condition persists, please call 311 (or 212-639-9675 if calling from a non-New York City area code) with more detailed information to submit a new complaint.",Naturally Receded (Unobserved),4.15
64835817,2025-05-03 08:14:00,2025-05-03 09:15:00,Sewer,Street Flooding (SJ),583 EAST   29 STREET,EAST   29 STREET,FOSTER AVE,FARRAGUT RD,BROOKLYN,11210,40.636822265702726,-73.94903863327998,"The Department of Environment Protection inspected your complaint but could not find the problem you reported. If the condition persists, please call 311 (or 212-639-9675 if calling from a non-New York City area code) with more detailed information to submit a new complaint.",Naturally Receded (Unobserved),1.0166666666666666
64830771,2025-05-02 11:26:00,2025-05-02 14:20:00,Sewer,Street Flooding (SJ),,,,,BROOKLYN,11234,40.623428640743064,-73.9102267025382,"The Department of Environment Protection inspected your complaint but could not find the problem you reported. If the condition persists, please call 311 (or 212-639-9675 if calling from a non-New York City area code) with more detailed information to submit a new complaint.",Naturally Receded (Unobserved),2.9
64799281,2025-04-29 18:17:00,2025-04-29 21:15:00,Sewer,Street Flooding (SJ),363 MARION STREET,MARION STREET,SARATOGA AVE,THOMAS S BOYLAND ST,BROOKLYN,11233,40.68133885746837,-73.91485745479307,"The Department of Environment Protection inspected your complaint but could not find the problem you reported. If the condition persists, please call 311 (or 212-639-9675 if calling from a non-New York City area code) with more detailed information to submit a new complaint.",Naturally Receded (Unobserved),2.966666666666667
64791268,2025-04-29 13:26:00,2025-04-29 16:30:00,Sewer,Street Flooding (SJ),20 HOLLY AVENUE,HOLLY AVENUE,ELEANOR LN,SYCAMORE ST,STATEN ISLAND,10308,40.54427500996962,-74.1515246553536,"The Department of Environment Protection inspected your complaint but could not find the problem you reported. If the condition persists, please call 311 (or 212-639-9675 if calling from a non-New York City area code) with more detailed information to submit a new complaint.",Naturally Receded (Unobserved),3.066666666666667
64798923,2025-04-29 08:53:00,2025-04-29 14:00:00,Sewer,Street Flooding (SJ),353 STEWART AVENUE,STEWART AVENUE,WATCHOGUE RD,CASWELL AVE,STATEN ISLAND,10314,40.61548606854372,-74.14530374828585,"The Department of Environment Protection inspected your complaint but could not find the problem you reported. If the condition persists, please call 311 (or 212-639-9675 if calling from a non-New York City area code) with more detailed information to submit a new complaint.",Naturally Receded (Unobserved),5.116666666666666
64785232,2025-04-28 15:38:00,2025-04-28 17:30:00,Sewer,Street Flooding (SJ),973 EAST    2 STREET,EAST    2 STREET,ELMWOOD AVE,AVENUE I,BROOKLYN,11230,40.62662026310305,-73.97516445533343,"The Department of Environment Protection inspected your complaint but could not find the problem you reported. If the condition persists, please call 311 (or 212-639-9675 if calling from a non-New York City area code) with more detailed information to submit a new complaint.",Naturally Receded (Unobserved),1.8666666666666667
64785210,2025-04-28 10:29:00,2025-04-28 11:10:00,Sewer,Street Flooding (SJ),30-94 33 STREET,33 STREET,30 AVE,31 AVE,QUEENS,11102,40.763853894188514,-73.92166495181368,"The Department of Environment Protection inspected your complaint but could not find the problem you reported. If the condition persists, please call 311 (or 212-639-9675 if calling from a non-New York City area code) with more detailed information to submit a new complaint.",Naturally Receded (Unobserved),0.6833333333333333
64777489,2025-04-27 10:05:00,2025-04-27 11:15:00,Sewer,Street Flooding (SJ),61-82 78 STREET,78 STREET,ELIOT AVE,62 AVE,QUEENS,11379,40.72284406803946,-73.87971963735181,"The Department of Environment Protection inspected your complaint but could not find the problem you reported. If the condition persists, please call 311 (or 212-639-9675 if calling from a non-New York City area code) with more detailed information to submit a new complaint.",Naturally Receded (Unobserved),1.1666666666666667
64769261,2025-04-26 23:59:00,2025-04-27 10:25:00,Sewer,Street Flooding (SJ),45-55 165 STREET,165 STREET,45 AVE,46 AVE,QUEENS,11358,40.75443845604341,-73.80190877726866,"The Department of Environment Protection inspected your complaint but could not find the problem you reported. If the condition persists, please call 311 (or 212-639-9675 if calling from a non-New York City area code) with more detailed information to submit a new complaint.",Naturally Receded (Unobserved),10.433333333333334
64753979,2025-04-25 10:50:00,2025-04-25 11:30:00,Sewer,Street Flooding (SJ),43-04 VERNON BOULEVARD,VERNON BOULEVARD,43 AVE,43 RD,QUEENS,11101,40.75286622780821,-73.95054156572894,"The Department of Environment Protection inspected your complaint but could not find the problem you reported. If the condition persists, please call 311 (or 212-639-9675 if calling from a non-New York City area code) with more detailed information to submit a new complaint.",Naturally Receded (Unobserved),0.6666666666666666
64746689,2025-04-24 20:47:00,2025-04-24 21:30:00,Sewer,Street Flooding (SJ),1974 EAST    4 STREET,EAST    4 STREET,AVENUE S,AVENUE T,BROOKLYN,11223,40.6018661082544,-73.96859796085346,"The Department of Environment Protection inspected your complaint but could not find the problem you reported. If the condition persists, please call 311 (or 212-639-9675 if calling from a non-New York City area code) with more detailed information to submit a new complaint.",Naturally Receded (Unobserved),0.7166666666666667
64742680,2025-04-24 12:08:00,2025-04-24 14:00:00,Sewer,Street Flooding (SJ),15-73 209 STREET,209 STREET,15 RD,15 DR,QUEENS,11360,40.78409167367224,-73.78304687865574,"The Department of Environment Protection inspected your complaint but could not find the problem you reported. If the condition persists, please call 311 (or 212-639-9675 if calling from a non-New York City area code) with more detailed information to submit a new complaint.",Naturally Receded (Unobserved),1.8666666666666667
64710909,2025-04-21 10:38:00,2025-04-21 11:15:00,Sewer,Street Flooding (SJ),59-39 57 DRIVE,57 DRIVE,59 ST,GRAND AVE,QUEENS,11378,40.7218371645012,-73.90682562681307,"The Department of Environment Protection inspected your complaint but could not find the problem you reported. If the condition persists, please call 311 (or 212-639-9675 if calling from a non-New York City area code) with more detailed information to submit a new complaint.",Naturally Receded (Unobserved),0.6166666666666667
64676610,2025-04-17 11:08:00,2025-04-17 13:55:00,Sewer,Street Flooding (SJ),21-02 202 STREET,202 STREET,21 AVE,22 AVE,QUEENS,11360,40.77874868074515,-73.79102594150014,"The Department of Environment Protection inspected your complaint but could not find the problem you reported. If the condition persists, please call 311 (or 212-639-9675 if calling from a non-New York City area code) with more detailed information to submit a new complaint.",Naturally Receded (Unobserved),2.783333333333333
64674217,2025-04-17 09:02:00,2025-04-17 13:15:00,Sewer,Street Flooding (SJ),82-11 CYPRESS AVENUE,CYPRESS AVENUE,VERMONT PL,JACKIE ROBINSON PARKWAY SR,QUEENS,11385,40.69103350505257,-73.88919581567345,"The Department of Environment Protection inspected your complaint but could not find the problem you reported. If the condition persists, please call 311 (or 212-639-9675 if calling from a non-New York City area code) with more detailed information to submit a new complaint.",Naturally Receded (Unobserved),4.216666666666667
64665308,2025-04-16 13:23:00,2025-04-16 17:00:00,Sewer,Street Flooding (SJ),7420 AMBOY ROAD,AMBOY ROAD,YETMAN AVE,BRIGHTON ST,STATEN ISLAND,10307,40.50992910569665,-74.24392332048777,"The Department of Environment Protection inspected your complaint but could not find the problem you reported. If the condition persists, please call 311 (or 212-639-9675 if calling from a non-New York City area code) with more detailed information to submit a new complaint.",Naturally Receded (Unobserved),3.6166666666666667
64664098,2025-04-16 09:38:00,2025-04-16 11:40:00,Sewer,Street Flooding (SJ),21-02 202 STREET,202 STREET,21 AVE,22 AVE,QUEENS,11360,40.77874868074515,-73.79102594150014,"The Department of Environment Protection inspected your complaint but could not find the problem you reported. If the condition persists, please call 311 (or 212-639-9675 if calling from a non-New York City area code) with more detailed information to submit a new complaint.",Naturally Receded (Unobserved),2.033333333333333
64649475,2025-04-14 16:11:00,2025-04-14 17:40:00,Sewer,Street Flooding (SJ),,,,,MANHATTAN,10023,40.774155840363974,-73.98487935982509,"The Department of Environment Protection inspected your complaint but could not find the problem you reported. If the condition persists, please call 311 (or 212-639-9675 if calling from a non-New York City area code) with more detailed information to submit a new complaint.",Naturally Receded (Unobserved),1.4833333333333334
64642138,2025-04-13 23:47:00,2025-04-14 11:10:00,Sewer,Street Flooding (SJ),134-01 20 AVENUE,20 AVENUE,132 ST,UNNAMED ST,QUEENS,11356,40.781662785453555,-73.83444127910523,"The Department of Environment Protection inspected your complaint but could not find the problem you reported. If the condition persists, please call 311 (or 212-639-9675 if calling from a non-New York City area code) with more detailed information to submit a new complaint.",Naturally Receded (Unobserved),11.383333333333333
64623688,2025-04-11 23:44:00,2025-04-12 08:40:00,Sewer,Street Flooding (SJ),68-48 EXETER STREET,EXETER STREET,68 AVE,69 AVE,QUEENS,11375,40.71896868243197,-73.8516712383784,"The Department of Environment Protection inspected your complaint but could not find the problem you reported. If the condition persists, please call 311 (or 212-639-9675 if calling from a non-New York City area code) with more detailed information to submit a new complaint.",Naturally Receded (Unobserved),8.933333333333334
64624842,2025-04-11 11:59:00,2025-04-11 12:45:00,Sewer,Street Flooding (SJ),21-05 30 DRIVE,30 DRIVE,21 ST,23 ST,QUEENS,11102,40.768143147911694,-73.92893073547445,"The Department of Environment Protection inspected your complaint but could not find the problem you reported. If the condition persists, please call 311 (or 212-639-9675 if calling from a non-New York City area code) with more detailed information to submit a new complaint.",Naturally Receded (Unobserved),0.7666666666666667
64597383,2025-04-08 18:26:00,2025-04-08 20:45:00,Sewer,Street Flooding (SJ),32 PARK HILL LANE,PARK HILL LANE,PARK HILL AVE,FAIRWAY AVE,STATEN ISLAND,10304,40.61790549374133,-74.07943167911331,"The Department of Environment Protection inspected your complaint but could not find the problem you reported. If the condition persists, please call 311 (or 212-639-9675 if calling from a non-New York City area code) with more detailed information to submit a new complaint.",Naturally Receded (Unobserved),2.316666666666667
64589922,2025-04-08 17:23:00,2025-04-08 18:40:00,Sewer,Street Flooding (SJ),7 EAST  129 STREET,EAST  129 STREET,5 AVE,MADISON AVE,MANHATTAN,10035,40.80877969804391,-73.93995918890828,"The Department of Environment Protection inspected your complaint but could not find the problem you reported. If the condition persists, please call 311 (or 212-639-9675 if calling from a non-New York City area code) with more detailed information to submit a new complaint.",Naturally Receded (Unobserved),1.2833333333333334
64585113,2025-04-07 12:11:00,2025-04-07 17:30:00,Sewer,Street Flooding (SJ),150 MORNINGSTAR ROAD,MORNINGSTAR ROAD,INNIS ST,KALVER PL,STATEN ISLAND,10303,40.634144320381445,-74.14598208684836,"The Department of Environment Protection inspected your complaint but could not find the problem you reported. If the condition persists, please call 311 (or 212-639-9675 if calling from a non-New York City area code) with more detailed information to submit a new complaint.",Naturally Receded (Unobserved),5.316666666666666
64556904,2025-04-04 14:32:00,2025-04-04 18:10:00,Sewer,Street Flooding (SJ),33 KEATING STREET,KEATING STREET,CASE AVE,ORMSBY AVE,STATEN ISLAND,10309,40.518217939317125,-74.19544905457172,"The Department of Environment Protection inspected your complaint but could not find the problem you reported. If the condition persists, please call 311 (or 212-639-9675 if calling from a non-New York City area code) with more detailed information to submit a new complaint.",Naturally Receded (Unobserved),3.6333333333333333
64559543,2025-04-04 10:05:00,2025-04-04 16:30:00,Sewer,Street Flooding (SJ),222 GORDON STREET,GORDON STREET,WARREN ST,LAUREL AVE,STATEN ISLAND,10304,40.62172087667136,-74.08314290806561,"The Department of Environment Protection inspected your complaint but could not find the problem you reported. If the condition persists, please call 311 (or 212-639-9675 if calling from a non-New York City area code) with more detailed information to submit a new complaint.",Naturally Receded (Unobserved),6.416666666666667
64555525,2025-04-04 09:53:00,2025-04-04 10:50:00,Sewer,Street Flooding (SJ),63-02 AUSTIN STREET,AUSTIN STREET,63 AVE,63 DR,QUEENS,11374,40.72805765702224,-73.86597466909637,"The Department of Environment Protection inspected your complaint but could not find the problem you reported. If the condition persists, please call 311 (or 212-639-9675 if calling from a non-New York City area code) with more detailed information to submit a new complaint.",Naturally Receded (Unobserved),0.95
64555519,2025-04-04 09:50:00,2025-04-04 11:10:00,Sewer,Street Flooding (SJ),184-27 MIDLAND PARKWAY,MIDLAND PARKWAY,KENT ST,CHEVY CHASE ST,QUEENS,11432,40.72348349529926,-73.7823819355007,"The Department of Environment Protection inspected your complaint but could not find the problem you reported. If the condition persists, please call 311 (or 212-639-9675 if calling from a non-New York City area code) with more detailed information to submit a new complaint.",Naturally Receded (Unobserved),1.3333333333333333
64559440,2025-04-04 08:29:00,2025-04-04 12:00:00,Sewer,Street Flooding (SJ),,,,,BROOKLYN,11237,40.6986209708889,-73.9201295483643,"The Department of Environment Protection inspected your complaint but could not find the problem you reported. If the condition persists, please call 311 (or 212-639-9675 if calling from a non-New York City area code) with more detailed information to submit a new complaint.",Naturally Receded (Unobserved),3.5166666666666666
64550440,2025-04-03 12:50:00,2025-04-03 14:40:00,Sewer,Street Flooding (SJ),456 PARK AVENUE,PARK AVENUE,FRANKLIN AVE,SKILLMAN ST,BROOKLYN,11205,40.69658801662855,-73.95822499631588,"The Department of Environment Protection inspected your complaint but could not find the problem you reported. If the condition persists, please call 311 (or 212-639-9675 if calling from a non-New York City area code) with more detailed information to submit a new complaint.",Naturally Receded (Unobserved),1.8333333333333333
64550462,2025-04-03 10:23:00,2025-04-03 12:10:00,Sewer,Street Flooding (SJ),8-11 44 AVENUE,44 AVENUE,VERNON BLVD,9 ST,QUEENS,11101,40.75054482510814,-73.9520880220735,"The Department of Environment Protection inspected your complaint but could not find the problem you reported. If the condition persists, please call 311 (or 212-639-9675 if calling from a non-New York City area code) with more detailed information to submit a new complaint.",Naturally Receded (Unobserved),1.7833333333333334
64518394,2025-03-31 21:32:00,2025-04-01 00:00:00,Sewer,Street Flooding (SJ),74 RAVENHURST AVENUE,RAVENHURST AVENUE,S GREENLEAF AVE,MUNDY AVE,STATEN ISLAND,10310,40.62372495758253,-74.12763782215796,"The Department of Environment Protection inspected your complaint but could not find the problem you reported. If the condition persists, please call 311 (or 212-639-9675 if calling from a non-New York City area code) with more detailed information to submit a new complaint.",Naturally Receded (Unobserved),2.466666666666667
64498490,2025-03-29 12:29:00,2025-03-29 13:30:00,Sewer,Street Flooding (SJ),263 WEST   42 STREET,WEST   42 STREET,7 AVE,8 AVE,MANHATTAN,10036,40.75693855088533,-73.9890703285979,"The Department of Environment Protection inspected your complaint but could not find the problem you reported. If the condition persists, please call 311 (or 212-639-9675 if calling from a non-New York City area code) with more detailed information to submit a new complaint.",Naturally Receded (Unobserved),1.0166666666666666
64498492,2025-03-29 12:26:00,2025-03-29 13:00:00,Sewer,Street Flooding (SJ),11 TIMES SQUARE,TIMES SQUARE,W 41 ST,W 42 ST,MANHATTAN,10036,40.75689746618155,-73.99002325194542,"The Department of Environment Protection inspected your complaint but could not find the problem you reported. If the condition persists, please call 311 (or 212-639-9675 if calling from a non-New York City area code) with more detailed information to submit a new complaint.",Naturally Receded (Unobserved),0.5666666666666667
64501623,2025-03-29 12:23:00,2025-03-29 13:10:00,Sewer,Street Flooding (SJ),713 8 AVENUE,8 AVENUE,W 44 ST,W 45 ST,MANHATTAN,10036,40.75901077889344,-73.98851410291084,"The Department of Environment Protection inspected your complaint but could not find the problem you reported. If the condition persists, please call 311 (or 212-639-9675 if calling from a non-New York City area code) with more detailed information to submit a new complaint.",Naturally Receded (Unobserved),0.7833333333333333
64503846,2025-03-29 12:20:00,2025-03-29 13:20:00,Sewer,Street Flooding (SJ),771 8 AVENUE,8 AVENUE,W 47 ST,W 48 ST,MANHATTAN,10036,40.7605477172115,-73.98738399225354,"The Department of Environment Protection inspected your complaint but could not find the problem you reported. If the condition persists, please call 311 (or 212-639-9675 if calling from a non-New York City area code) with more detailed information to submit a new complaint.",Naturally Receded (Unobserved),1.0
64438793,2025-03-23 23:17:00,2025-03-24 10:55:00,Sewer,Street Flooding (SJ),99 MORGAN AVENUE,MORGAN AVENUE,INGRAHAM ST,JOHNSON AVE,BROOKLYN,11237,40.70726372632943,-73.93216245260118,"The Department of Environment Protection inspected your complaint but could not find the problem you reported. If the condition persists, please call 311 (or 212-639-9675 if calling from a non-New York City area code) with more detailed information to submit a new complaint.",Naturally Receded (Unobserved),11.633333333333333
64441853,2025-03-23 21:56:00,2025-03-24 09:30:00,Sewer,Street Flooding (SJ),,,,,QUEENS,11355,40.75145646745757,-73.83227500973547,"The Department of Environment Protection inspected your complaint but could not find the problem you reported. If the condition persists, please call 311 (or 212-639-9675 if calling from a non-New York City area code) with more detailed information to submit a new complaint.",Naturally Receded (Unobserved),11.566666666666666
64420328,2025-03-21 02:17:00,2025-03-21 06:55:00,Sewer,Street Flooding (SJ),10201 FLATLANDS AVENUE,FLATLANDS AVENUE,E 102 ST,E 103 ST,BROOKLYN,11236,40.64617167451862,-73.89679812312356,"The Department of Environment Protection inspected your complaint but could not find the problem you reported. If the condition persists, please call 311 (or 212-639-9675 if calling from a non-New York City area code) with more detailed information to submit a new complaint.",Naturally Receded (Unobserved),4.633333333333334
64411753,2025-03-20 22:56:00,2025-03-21 09:25:00,Sewer,Street Flooding (SJ),70 GRASMERE AVENUE,GRASMERE AVENUE,CRIST ST,W FINGERBOARD RD,STATEN ISLAND,10305,40.602300773198834,-74.08407303618283,"The Department of Environment Protection inspected your complaint but could not find the problem you reported. If the condition persists, please call 311 (or 212-639-9675 if calling from a non-New York City area code) with more detailed information to submit a new complaint.",Naturally Receded (Unobserved),10.483333333333333
64414271,2025-03-20 22:08:00,2025-03-21 08:00:00,Sewer,Street Flooding (SJ),,,,,BROOKLYN,11206,40.701593386315295,-73.94874748258447,"The Department of Environment Protection inspected your complaint but could not find the problem you reported. If the condition persists, please call 311 (or 212-639-9675 if calling from a non-New York City area code) with more detailed information to submit a new complaint.",Naturally Receded (Unobserved),9.866666666666667
64412962,2025-03-20 21:20:00,2025-03-21 09:00:00,Sewer,Street Flooding (SJ),12-04 151 PLACE,151 PLACE,12 AVE,DEAD END,QUEENS,11357,40.79139025384323,-73.81130045317153,"The Department of Environment Protection inspected your complaint but could not find the problem you reported. If the condition persists, please call 311 (or 212-639-9675 if calling from a non-New York City area code) with more detailed information to submit a new complaint.",Naturally Receded (Unobserved),11.666666666666666
64386842,2025-03-17 10:23:00,2025-03-17 12:55:00,Sewer,Street Flooding (SJ),12-04 151 PLACE,151 PLACE,12 AVE,DEAD END,QUEENS,11357,40.79139025384323,-73.81130045317153,"The Department of Environment Protection inspected your complaint but could not find the problem you reported. If the condition persists, please call 311 (or 212-639-9675 if calling from a non-New York City area code) with more detailed information to submit a new complaint.",Naturally Receded (Unobserved),2.533333333333333
64382666,2025-03-17 10:17:00,2025-03-17 10:35:00,Sewer,Street Flooding (SJ),,,,,BROOKLYN,11211,40.71846169054754,-73.95280371639421,"The Department of Environment Protection inspected your complaint but could not find the problem you reported. If the condition persists, please call 311 (or 212-639-9675 if calling from a non-New York City area code) with more detailed information to submit a new complaint.",Naturally Receded (Unobserved),0.3
64384043,2025-03-17 08:53:00,2025-03-17 13:30:00,Sewer,Street Flooding (SJ),,,,,QUEENS,11378,40.72060584279419,-73.90478546410716,"The Department of Environment Protection inspected your complaint but could not find the problem you reported. If the condition persists, please call 311 (or 212-639-9675 if calling from a non-New York City area code) with more detailed information to submit a new complaint.",Naturally Receded (Unobserved),4.616666666666666
64384079,2025-03-17 07:59:00,2025-03-17 11:35:00,Sewer,Street Flooding (SJ),255-18 57 AVENUE,57 AVENUE,BEND,256 ST,QUEENS,11362,40.76342408348078,-73.72532330299273,"The Department of Environment Protection inspected your complaint but could not find the problem you reported. If the condition persists, please call 311 (or 212-639-9675 if calling from a non-New York City area code) with more detailed information to submit a new complaint.",Naturally Receded (Unobserved),3.6
64385410,2025-03-17 07:14:00,2025-03-17 10:00:00,Sewer,Street Flooding (SJ),37 HARBOR VIEW PLACE,HARBOR VIEW PLACE,BAY ST,WADSWORTH RD,STATEN ISLAND,10305,40.60979752050628,-74.06124485663517,"The Department of Environment Protection inspected your complaint but could not find the problem you reported. If the condition persists, please call 311 (or 212-639-9675 if calling from a non-New York City area code) with more detailed information to submit a new complaint.",Naturally Receded (Unobserved),2.7666666666666666
64350177,2025-03-13 19:50:00,2025-03-13 22:30:00,Sewer,Street Flooding (SJ),,,,,MANHATTAN,10016,40.74444307525026,-73.97905779791937,"The Department of Environment Protection inspected your complaint but could not find the problem you reported. If the condition persists, please call 311 (or 212-639-9675 if calling from a non-New York City area code) with more detailed information to submit a new complaint.",Naturally Receded (Unobserved),2.6666666666666665
64326940,2025-03-11 08:44:00,2025-03-11 11:15:00,Sewer,Street Flooding (SJ),69-32 NANSEN STREET,NANSEN STREET,69 AVE,70 AVE,QUEENS,11375,40.71264478620545,-73.85384959586457,"The Department of Environment Protection inspected your complaint but could not find the problem you reported. If the condition persists, please call 311 (or 212-639-9675 if calling from a non-New York City area code) with more detailed information to submit a new complaint.",Naturally Receded (Unobserved),2.5166666666666666
64273038,2025-03-06 14:50:00,2025-03-06 20:10:00,Sewer,Street Flooding (SJ),,,,,BROOKLYN,11229,40.606876099399805,-73.94794865282867,"The Department of Environment Protection inspected your complaint but could not find the problem you reported. If the condition persists, please call 311 (or 212-639-9675 if calling from a non-New York City area code) with more detailed information to submit a new complaint.",Naturally Receded (Unobserved),5.333333333333333
64270579,2025-03-06 12:02:00,2025-03-06 12:45:00,Sewer,Street Flooding (SJ),84-02 WAREHAM PLACE,WAREHAM PLACE,CROYDON RD,HENLEY RD,QUEENS,11432,40.71837258306667,-73.78669871215892,"The Department of Environment Protection inspected your complaint but could not find the problem you reported. If the condition persists, please call 311 (or 212-639-9675 if calling from a non-New York City area code) with more detailed information to submit a new complaint.",Naturally Receded (Unobserved),0.7166666666666667
64274339,2025-03-06 07:14:00,2025-03-06 09:00:00,Sewer,Street Flooding (SJ),12-04 151 PLACE,151 PLACE,12 AVE,DEAD END,QUEENS,11357,40.79139025384323,-73.81130045317153,"The Department of Environment Protection inspected your complaint but could not find the problem you reported. If the condition persists, please call 311 (or 212-639-9675 if calling from a non-New York City area code) with more detailed information to submit a new complaint.",Naturally Receded (Unobserved),1.7666666666666666
64262115,2025-03-05 12:26:00,2025-03-05 13:20:00,Sewer,Street Flooding (SJ),,,,,BROOKLYN,11205,40.696087242912505,-73.96264295498149,"The Department of Environment Protection inspected your complaint but could not find the problem you reported. If the condition persists, please call 311 (or 212-639-9675 if calling from a non-New York City area code) with more detailed information to submit a new complaint.",Naturally Receded (Unobserved),0.9
64253665,2025-03-04 09:29:00,2025-03-04 10:00:00,Sewer,Street Flooding (SJ),40-24 COLLEGE POINT BOULEVARD,COLLEGE POINT BOULEVARD,ROOSEVELT AVE,40 RD,QUEENS,11354,40.75769522603666,-73.8341290639722,"The Department of Environment Protection inspected your complaint but could not find the problem you reported. If the condition persists, please call 311 (or 212-639-9675 if calling from a non-New York City area code) with more detailed information to submit a new complaint.",Naturally Receded (Unobserved),0.5166666666666667
64212338,2025-02-27 23:29:00,2025-02-28 03:05:00,Sewer,Street Flooding (SJ),4913 5 AVENUE,5 AVENUE,49 ST,50 ST,BROOKLYN,11220,40.64552861603698,-74.00986640423199,"The Department of Environment Protection inspected your complaint but could not find the problem you reported. If the condition persists, please call 311 (or 212-639-9675 if calling from a non-New York City area code) with more detailed information to submit a new complaint.",Naturally Receded (Unobserved),3.6
64176656,2025-02-24 10:56:00,2025-02-24 19:30:00,Sewer,Street Flooding (SJ),65 GRASMERE AVENUE,GRASMERE AVENUE,GARRETSON LN,CRIST ST,STATEN ISLAND,10305,40.6024489420808,-74.08414164526162,"The Department of Environment Protection inspected your complaint but could not find the problem you reported. If the condition persists, please call 311 (or 212-639-9675 if calling from a non-New York City area code) with more detailed information to submit a new complaint.",Naturally Receded (Unobserved),8.566666666666666
64149529,2025-02-21 10:44:00,2025-02-21 11:55:00,Sewer,Street Flooding (SJ),,,,,QUEENS,11375,40.71473524765989,-73.85089067070759,"The Department of Environment Protection inspected your complaint but could not find the problem you reported. If the condition persists, please call 311 (or 212-639-9675 if calling from a non-New York City area code) with more detailed information to submit a new complaint.",Naturally Receded (Unobserved),1.1833333333333333
64152190,2025-02-21 09:23:00,2025-02-21 10:30:00,Sewer,Street Flooding (SJ),,,,,QUEENS,11354,40.766576203041325,-73.83341742342435,"The Department of Environment Protection inspected your complaint but could not find the problem you reported. If the condition persists, please call 311 (or 212-639-9675 if calling from a non-New York City area code) with more detailed information to submit a new complaint.",Naturally Receded (Unobserved),1.1166666666666667
64130147,2025-02-19 15:53:00,2025-02-19 20:05:00,Sewer,Street Flooding (SJ),5115 13 AVENUE,13 AVENUE,51 ST,52 ST,BROOKLYN,11219,40.633759208441035,-73.99342115530963,"The Department of Environment Protection inspected your complaint but could not find the problem you reported. If the condition persists, please call 311 (or 212-639-9675 if calling from a non-New York City area code) with more detailed information to submit a new complaint.",Naturally Receded (Unobserved),4.2
64127046,2025-02-19 02:59:00,2025-02-19 11:00:00,Sewer,Street Flooding (SJ),16-31 CYPRESS AVENUE,CYPRESS AVENUE,HUNGARIAN CEMETERY,JACKIE ROBINSON PKWY ET 3,QUEENS,11385,40.69195079707026,-73.88416749988924,"The Department of Environment Protection inspected your complaint but could not find the problem you reported. If the condition persists, please call 311 (or 212-639-9675 if calling from a non-New York City area code) with more detailed information to submit a new complaint.",Naturally Receded (Unobserved),8.016666666666667
64118961,2025-02-18 10:23:00,2025-02-18 12:00:00,Sewer,Street Flooding (SJ),55-30 99 STREET,99 STREET,55 AVE,57 AVE,QUEENS,11368,40.73901086656784,-73.86041348446771,"The Department of Environment Protection inspected your complaint but could not find the problem you reported. If the condition persists, please call 311 (or 212-639-9675 if calling from a non-New York City area code) with more detailed information to submit a new complaint.",Naturally Receded (Unobserved),1.6166666666666667
64108179,2025-02-17 08:59:00,2025-02-17 11:30:00,Sewer,Street Flooding (SJ),356 PARK AVENUE,PARK AVENUE,STEUBEN ST,EMERSON PL,BROOKLYN,11205,40.696059837304276,-73.96277279494859,"The Department of Environment Protection inspected your complaint but could not find the problem you reported. If the condition persists, please call 311 (or 212-639-9675 if calling from a non-New York City area code) with more detailed information to submit a new complaint.",Naturally Receded (Unobserved),2.5166666666666666
64100160,2025-02-16 23:44:00,2025-02-17 09:40:00,Sewer,Street Flooding (SJ),66-66 70 STREET,70 STREET,66 DR,METROPOLITAN AVE,QUEENS,11379,40.71285868386555,-73.8851555970788,"The Department of Environment Protection inspected your complaint but could not find the problem you reported. If the condition persists, please call 311 (or 212-639-9675 if calling from a non-New York City area code) with more detailed information to submit a new complaint.",Naturally Receded (Unobserved),9.933333333333334
64099150,2025-02-16 14:29:00,2025-02-16 15:45:00,Sewer,Street Flooding (SJ),,,,,BROOKLYN,11211,40.71076002319388,-73.95313019563861,"The Department of Environment Protection inspected your complaint but could not find the problem you reported. If the condition persists, please call 311 (or 212-639-9675 if calling from a non-New York City area code) with more detailed information to submit a new complaint.",Naturally Receded (Unobserved),1.2666666666666666
64094440,2025-02-16 14:17:00,2025-02-16 17:10:00,Sewer,Street Flooding (SJ),10201 FLATLANDS AVENUE,FLATLANDS AVENUE,E 102 ST,E 103 ST,BROOKLYN,11236,40.64617167451862,-73.89679812312356,"The Department of Environment Protection inspected your complaint but could not find the problem you reported. If the condition persists, please call 311 (or 212-639-9675 if calling from a non-New York City area code) with more detailed information to submit a new complaint.",Naturally Receded (Unobserved),2.8833333333333333
64100104,2025-02-16 14:02:00,2025-02-16 17:20:00,Sewer,Street Flooding (SJ),1921 GLEASON AVENUE,GLEASON AVENUE,VIRGINIA AVE,PUGSLEY AVE,BRONX,10472,40.83072307058256,-73.86006208508235,"The Department of Environment Protection inspected your complaint but could not find the problem you reported. If the condition persists, please call 311 (or 212-639-9675 if calling from a non-New York City area code) with more detailed information to submit a new complaint.",Naturally Receded (Unobserved),3.3
64096356,2025-02-16 13:08:00,2025-02-16 14:15:00,Sewer,Street Flooding (SJ),,,,,QUEENS,11432,40.71379279827319,-73.79187167662333,"The Department of Environment Protection inspected your complaint but could not find the problem you reported. If the condition persists, please call 311 (or 212-639-9675 if calling from a non-New York City area code) with more detailed information to submit a new complaint.",Naturally Receded (Unobserved),1.1166666666666667
64073586,2025-02-13 16:08:00,2025-02-13 21:05:00,Sewer,Street Flooding (SJ),,,,,BROOKLYN,11219,40.63334751476057,-73.99386434644622,"The Department of Environment Protection inspected your complaint but could not find the problem you reported. If the condition persists, please call 311 (or 212-639-9675 if calling from a non-New York City area code) with more detailed information to submit a new complaint.",Naturally Receded (Unobserved),4.95
64069779,2025-02-13 08:47:00,2025-02-13 12:05:00,Sewer,Street Flooding (SJ),57-02 99 STREET,99 STREET,57 AVE,58 AVE,QUEENS,11368,40.73826107717416,-73.8600253342839,"The Department of Environment Protection inspected your complaint but could not find the problem you reported. If the condition persists, please call 311 (or 212-639-9675 if calling from a non-New York City area code) with more detailed information to submit a new complaint.",Naturally Receded (Unobserved),3.3
64060526,2025-02-12 08:23:00,2025-02-12 10:20:00,Sewer,Street Flooding (SJ),194 HARMAN STREET,HARMAN STREET,WILSON AVE,MYRTLE AVE,BROOKLYN,11237,40.69802026864302,-73.92071088977863,"The Department of Environment Protection inspected your complaint but could not find the problem you reported. If the condition persists, please call 311 (or 212-639-9675 if calling from a non-New York City area code) with more detailed information to submit a new complaint.",Naturally Receded (Unobserved),1.95
64005129,2025-02-06 17:56:00,2025-02-06 21:25:00,Sewer,Street Flooding (SJ),,,,,MANHATTAN,10025,40.79236257545369,-73.9641743612929,"The Department of Environment Protection inspected your complaint but could not find the problem you reported. If the condition persists, please call 311 (or 212-639-9675 if calling from a non-New York City area code) with more detailed information to submit a new complaint.",Naturally Receded (Unobserved),3.4833333333333334
63945182,2025-01-31 12:05:00,2025-01-31 13:00:00,Sewer,Street Flooding (SJ),149-23 2 AVENUE,2 AVENUE,SAMOS LN,149 PL,QUEENS,11357,40.79943098889348,-73.82078042903717,"The Department of Environment Protection inspected your complaint but could not find the problem you reported. If the condition persists, please call 311 (or 212-639-9675 if calling from a non-New York City area code) with more detailed information to submit a new complaint.",Naturally Receded (Unobserved),0.9166666666666666
63816761,2025-01-19 08:50:00,2025-01-19 12:05:00,Sewer,Street Flooding (SJ),151-69 10 AVENUE,10 AVENUE,151 PL,152 ST,QUEENS,11357,40.79342631225979,-73.81097325662594,"The Department of Environment Protection inspected your complaint but could not find the problem you reported. If the condition persists, please call 311 (or 212-639-9675 if calling from a non-New York City area code) with more detailed information to submit a new complaint.",Naturally Receded (Unobserved),3.25
63755013,2025-01-13 11:05:00,2025-01-13 12:00:00,Sewer,Street Flooding (SJ),73 AVENUE,73 AVENUE,199 STREET,FRANCIS LEWIS BOULEVARD,QUEENS,11366,,,"The Department of Environment Protection inspected your complaint but could not find the problem you reported. If the condition persists, please call 311 (or 212-639-9675 if calling from a non-New York City area code) with more detailed information to submit a new complaint.",Naturally Receded (Unobserved),0.9166666666666666
63717254,2025-01-10 11:32:00,2025-01-10 14:00:00,Sewer,Street Flooding (SJ),,,,,QUEENS,11375,40.719584033150895,-73.83977227669764,"The Department of Environment Protection inspected your complaint but could not find the problem you reported. If the condition persists, please call 311 (or 212-639-9675 if calling from a non-New York City area code) with more detailed information to submit a new complaint.",Naturally Receded (Unobserved),2.466666666666667
63694361,2025-01-09 09:14:00,2025-01-09 10:20:00,Sewer,Street Flooding (SJ),979 WILLOWBROOK ROAD,WILLOWBROOK ROAD,FOREST HILL RD,MARTIN AVE,STATEN ISLAND,10314,40.60308851464927,-74.14032148566129,"The Department of Environment Protection inspected your complaint but could not find the problem you reported. If the condition persists, please call 311 (or 212-639-9675 if calling from a non-New York City area code) with more detailed information to submit a new complaint.",Naturally Receded (Unobserved),1.1
63689285,2025-01-08 20:02:00,2025-01-08 21:30:00,Sewer,Street Flooding (SJ),5955 SHORE PARKWAY,SHORE PARKWAY,BELT PARKWAY EXIT 13 WB,E 102 ST,BROOKLYN,11236,40.631986010386996,-73.88461744655605,"The Department of Environment Protection inspected your complaint but could not find the problem you reported. If the condition persists, please call 311 (or 212-639-9675 if calling from a non-New York City area code) with more detailed information to submit a new complaint.",Naturally Receded (Unobserved),1.4666666666666666
63684203,2025-01-08 09:56:00,2025-01-08 11:05:00,Sewer,Street Flooding (SJ),,,,,QUEENS,11377,40.743447173090864,-73.90090222470161,"The Department of Environment Protection inspected your complaint but could not find the problem you reported. If the condition persists, please call 311 (or 212-639-9675 if calling from a non-New York City area code) with more detailed information to submit a new complaint.",Naturally Receded (Unobserved),1.15
63671992,2025-01-07 12:50:00,2025-01-07 13:50:00,Sewer,Street Flooding (SJ),182-41 AVON ROAD,AVON ROAD,GRAND CENTRAL PARKWAY SR N,KENT ST,QUEENS,11432,40.72104275761384,-73.78204357538186,"The Department of Environment Protection inspected your complaint but could not find the problem you reported. If the condition persists, please call 311 (or 212-639-9675 if calling from a non-New York City area code) with more detailed information to submit a new complaint.",Naturally Receded (Unobserved),1.0
63673952,2025-01-07 11:23:00,2025-01-07 13:05:00,Sewer,Street Flooding (SJ),,,,,QUEENS,11101,40.733761870028125,-73.93742160642111,"The Department of Environment Protection inspected your complaint but could not find the problem you reported. If the condition persists, please call 311 (or 212-639-9675 if calling from a non-New York City area code) with more detailed information to submit a new complaint.",Naturally Receded (Unobserved),1.7
63650943,2025-01-06 10:17:00,2025-01-06 12:20:00,Sewer,Street Flooding (SJ),,,,,MANHATTAN,10024,40.78905142646646,-73.970300867221,"The Department of Environment Protection inspected your complaint but could not find the problem you reported. If the condition persists, please call 311 (or 212-639-9675 if calling from a non-New York City area code) with more detailed information to submit a new complaint.",Naturally Receded (Unobserved),2.05
63635102,2025-01-05 11:14:00,2025-01-05 11:55:00,Sewer,Street Flooding (SJ),34 WEST   96 STREET,WEST   96 STREET,CENTRAL PARK W,COLUMBUS AVE,MANHATTAN,10025,40.79206385275656,-73.96566243511708,"The Department of Environment Protection inspected your complaint but could not find the problem you reported. If the condition persists, please call 311 (or 212-639-9675 if calling from a non-New York City area code) with more detailed information to submit a new complaint.",Naturally Receded (Unobserved),0.6833333333333333
63619380,2025-01-03 11:44:00,2025-01-03 13:15:00,Sewer,Street Flooding (SJ),,,,,QUEENS,11358,40.74878190276096,-73.79896252423835,"The Department of Environment Protection inspected your complaint but could not find the problem you reported. If the condition persists, please call 311 (or 212-639-9675 if calling from a non-New York City area code) with more detailed information to submit a new complaint.",Naturally Receded (Unobserved),1.5166666666666666
63590646,2025-01-01 10:59:00,2025-01-01 12:00:00,Sewer,Street Flooding (SJ),382 NELSON AVENUE,NELSON AVENUE,DOCKSIDE LN,TENNYSON DR,STATEN ISLAND,10308,40.540727637042416,-74.14382078582003,"The Department of Environment Protection inspected your complaint but could not find the problem you reported. If the condition persists, please call 311 (or 212-639-9675 if calling from a non-New York City area code) with more detailed information to submit a new complaint.",Naturally Receded (Unobserved),1.0166666666666666
63574998,2024-12-31 10:14:00,2024-12-31 13:00:00,Sewer,Street Flooding (SJ),15 LAKE AVENUE,LAKE AVENUE,DEAD END,EMMONS AVE,BROOKLYN,11235,40.584561457229555,-73.93804024145608,"The Department of Environment Protection inspected your complaint but could not find the problem you reported. If the condition persists, please call 311 (or 212-639-9675 if calling from a non-New York City area code) with more detailed information to submit a new complaint.",Naturally Receded (Unobserved),2.7666666666666666
63571712,2024-12-30 11:02:00,2024-12-30 13:50:00,Sewer,Street Flooding (SJ),184-27 MIDLAND PARKWAY,MIDLAND PARKWAY,KENT ST,CHEVY CHASE ST,QUEENS,11432,40.72348349529926,-73.7823819355007,"The Department of Environment Protection inspected your complaint but could not find the problem you reported. If the condition persists, please call 311 (or 212-639-9675 if calling from a non-New York City area code) with more detailed information to submit a new complaint.",Naturally Receded (Unobserved),2.8
63567224,2024-12-30 10:05:00,2024-12-30 12:15:00,Sewer,Street Flooding (SJ),31-49 75 STREET,75 STREET,31 AVE,32 AVE,QUEENS,11370,40.757780848260595,-73.89238755116985,"The Department of Environment Protection inspected your complaint but could not find the problem you reported. If the condition persists, please call 311 (or 212-639-9675 if calling from a non-New York City area code) with more detailed information to submit a new complaint.",Naturally Receded (Unobserved),2.1666666666666665
63558397,2024-12-29 10:11:00,2024-12-29 11:20:00,Sewer,Street Flooding (SJ),351 PROSPECT PLACE,PROSPECT PLACE,UNDERHILL AVE,WASHINGTON AVE,BROOKLYN,11238,40.67682512461999,-73.96482046933409,"The Department of Environment Protection inspected your complaint but could not find the problem you reported. If the condition persists, please call 311 (or 212-639-9675 if calling from a non-New York City area code) with more detailed information to submit a new complaint.",Naturally Receded (Unobserved),1.15
63539702,2024-12-27 09:41:00,2024-12-27 10:55:00,Sewer,Street Flooding (SJ),73-72 195 STREET,195 STREET,73 AVE,75 AVE,QUEENS,11366,40.734403964367225,-73.77757606379912,"The Department of Environment Protection inspected your complaint but could not find the problem you reported. If the condition persists, please call 311 (or 212-639-9675 if calling from a non-New York City area code) with more detailed information to submit a new complaint.",Naturally Receded (Unobserved),1.2333333333333334
63512851,2024-12-24 15:11:00,2024-12-24 18:00:00,Sewer,Street Flooding (SJ),1413 56 STREET,56 STREET,14 AVE,15 AVE,BROOKLYN,11219,40.629469106759935,-73.9934684125391,"The Department of Environment Protection inspected your complaint but could not find the problem you reported. If the condition persists, please call 311 (or 212-639-9675 if calling from a non-New York City area code) with more detailed information to submit a new complaint.",Naturally Receded (Unobserved),2.816666666666667
63506655,2024-12-24 11:44:00,2024-12-24 17:50:00,Sewer,Street Flooding (SJ),114-54 223 STREET,223 STREET,114 RD,115 AVE,QUEENS,11411,40.700003197062976,-73.73456471302494,"The Department of Environment Protection inspected your complaint but could not find the problem you reported. If the condition persists, please call 311 (or 212-639-9675 if calling from a non-New York City area code) with more detailed information to submit a new complaint.",Naturally Receded (Unobserved),6.1
63495161,2024-12-23 09:32:00,2024-12-23 11:20:00,Sewer,Street Flooding (SJ),,,,,QUEENS,11358,40.74878190276096,-73.79896252423835,"The Department of Environment Protection inspected your complaint but could not find the problem you reported. If the condition persists, please call 311 (or 212-639-9675 if calling from a non-New York City area code) with more detailed information to submit a new complaint.",Naturally Receded (Unobserved),1.8
63472036,2024-12-20 05:53:00,2024-12-20 08:15:00,Sewer,Street Flooding (SJ),114 HOPE STREET,HOPE STREET,BROOKLYN QUEENS EXPWY ET 32  EB,KEAP ST,BROOKLYN,11211,40.71237685750051,-73.95354748490658,"The Department of Environment Protection inspected your complaint but could not find the problem you reported. If the condition persists, please call 311 (or 212-639-9675 if calling from a non-New York City area code) with more detailed information to submit a new complaint.",Naturally Receded (Unobserved),2.3666666666666667
63454921,2024-12-19 10:47:00,2024-12-19 18:30:00,Sewer,Street Flooding (SJ),177-37 135 AVENUE,135 AVENUE,FARMERS BLVD,THURSTON ST,QUEENS,11434,40.67568056757403,-73.76296916912234,"The Department of Environment Protection inspected your complaint but could not find the problem you reported. If the condition persists, please call 311 (or 212-639-9675 if calling from a non-New York City area code) with more detailed information to submit a new complaint.",Naturally Receded (Unobserved),7.716666666666667
63457422,2024-12-19 06:50:00,2024-12-19 08:45:00,Sewer,Street Flooding (SJ),191 LEXINGTON AVENUE,LEXINGTON AVENUE,CATHERINE ST,DEAD END,STATEN ISLAND,10302,40.62765886926337,-74.13664811053397,"The Department of Environment Protection inspected your complaint but could not find the problem you reported. If the condition persists, please call 311 (or 212-639-9675 if calling from a non-New York City area code) with more detailed information to submit a new complaint.",Naturally Receded (Unobserved),1.9166666666666667
63448077,2024-12-18 15:41:00,2024-12-18 18:10:00,Sewer,Street Flooding (SJ),1411 56 STREET,56 STREET,14 AVE,15 AVE,BROOKLYN,11219,40.62948832212092,-73.99350083443358,"The Department of Environment Protection inspected your complaint but could not find the problem you reported. If the condition persists, please call 311 (or 212-639-9675 if calling from a non-New York City area code) with more detailed information to submit a new complaint.",Naturally Receded (Unobserved),2.4833333333333334
63445638,2024-12-18 15:29:00,2024-12-18 18:40:00,Sewer,Street Flooding (SJ),1550 43 STREET,43 STREET,15 AVE,16 AVE,BROOKLYN,11219,40.63504546148126,-73.98310940934867,"The Department of Environment Protection inspected your complaint but could not find the problem you reported. If the condition persists, please call 311 (or 212-639-9675 if calling from a non-New York City area code) with more detailed information to submit a new complaint.",Naturally Receded (Unobserved),3.183333333333333
63444360,2024-12-18 09:29:00,2024-12-18 11:10:00,Sewer,Street Flooding (SJ),63-30 72 STREET,72 STREET,BEND,PENELOPE AVE,QUEENS,11379,40.71699312287232,-73.88324738665501,"The Department of Environment Protection inspected your complaint but could not find the problem you reported. If the condition persists, please call 311 (or 212-639-9675 if calling from a non-New York City area code) with more detailed information to submit a new complaint.",Naturally Receded (Unobserved),1.6833333333333333
63449355,2024-12-18 00:47:00,2024-12-18 10:35:00,Sewer,Street Flooding (SJ),34-34 88 STREET,88 STREET,34 AVE,35 AVE,QUEENS,11372,40.75328019337523,-73.87927848158081,"The Department of Environment Protection inspected your complaint but could not find the problem you reported. If the condition persists, please call 311 (or 212-639-9675 if calling from a non-New York City area code) with more detailed information to submit a new complaint.",Naturally Receded (Unobserved),9.8
63432778,2024-12-17 09:35:00,2024-12-17 10:20:00,Sewer,Street Flooding (SJ),45-59 168 STREET,168 STREET,45 AVE,46 AVE,QUEENS,11358,40.75475743421498,-73.79907803873131,"The Department of Environment Protection inspected your complaint but could not find the problem you reported. If the condition persists, please call 311 (or 212-639-9675 if calling from a non-New York City area code) with more detailed information to submit a new complaint.",Naturally Receded (Unobserved),0.75
63420311,2024-12-16 11:41:00,2024-12-16 12:10:00,Sewer,Street Flooding (SJ),5421 BEVERLY ROAD,BEVERLY ROAD,E 54 ST,E 55 ST,BROOKLYN,11203,40.64658644916188,-73.92564763693309,"The Department of Environment Protection inspected your complaint but could not find the problem you reported. If the condition persists, please call 311 (or 212-639-9675 if calling from a non-New York City area code) with more detailed information to submit a new complaint.",Naturally Receded (Unobserved),0.48333333333333334
63427792,2024-12-16 10:53:00,2024-12-16 13:50:00,Sewer,Street Flooding (SJ),45-20 23 STREET,23 STREET,45 AVE,45 RD,QUEENS,11101,40.74644122848075,-73.94547212840196,"The Department of Environment Protection inspected your complaint but could not find the problem you reported. If the condition persists, please call 311 (or 212-639-9675 if calling from a non-New York City area code) with more detailed information to submit a new complaint.",Naturally Receded (Unobserved),2.95
63427793,2024-12-16 08:20:00,2024-12-16 09:10:00,Sewer,Street Flooding (SJ),,,,,BROOKLYN,11237,40.6986209708889,-73.9201295483643,"The Department of Environment Protection inspected your complaint but could not find the problem you reported. If the condition persists, please call 311 (or 212-639-9675 if calling from a non-New York City area code) with more detailed information to submit a new complaint.",Naturally Receded (Unobserved),0.8333333333333334
63383843,2024-12-13 10:02:00,2024-12-13 13:45:00,Sewer,Street Flooding (SJ),184-27 MIDLAND PARKWAY,MIDLAND PARKWAY,KENT ST,CHEVY CHASE ST,QUEENS,11432,40.72348349529926,-73.7823819355007,"The Department of Environment Protection inspected your complaint but could not find the problem you reported. If the condition persists, please call 311 (or 212-639-9675 if calling from a non-New York City area code) with more detailed information to submit a new complaint.",Naturally Receded (Unobserved),3.716666666666667
63371484,2024-12-12 10:08:00,2024-12-12 10:30:00,Sewer,Street Flooding (SJ),42-28 213 STREET,213 STREET,42 AVE,43 AVE,QUEENS,11361,40.762088834774865,-73.7712061244634,"The Department of Environment Protection inspected your complaint but could not find the problem you reported. If the condition persists, please call 311 (or 212-639-9675 if calling from a non-New York City area code) with more detailed information to submit a new complaint.",Naturally Receded (Unobserved),0.36666666666666664
63366694,2024-12-11 19:38:00,2024-12-11 21:30:00,Sewer,Street Flooding (SJ),,,,,QUEENS,11375,40.71887777603225,-73.85355815201147,"The Department of Environment Protection inspected your complaint but could not find the problem you reported. If the condition persists, please call 311 (or 212-639-9675 if calling from a non-New York City area code) with more detailed information to submit a new complaint.",Naturally Receded (Unobserved),1.8666666666666667
63370480,2024-12-11 15:23:00,2024-12-11 18:00:00,Sewer,Street Flooding (SJ),,,,,QUEENS,11365,40.73124757611127,-73.79384854944942,"The Department of Environment Protection inspected your complaint but could not find the problem you reported. If the condition persists, please call 311 (or 212-639-9675 if calling from a non-New York City area code) with more detailed information to submit a new complaint.",Naturally Receded (Unobserved),2.6166666666666667
63369252,2024-12-11 14:23:00,2024-12-11 16:35:00,Sewer,Street Flooding (SJ),43-36 165 STREET,165 STREET,43 AVE,45 AVE,QUEENS,11358,40.758121155203455,-73.80146828176643,"The Department of Environment Protection inspected your complaint but could not find the problem you reported. If the condition persists, please call 311 (or 212-639-9675 if calling from a non-New York City area code) with more detailed information to submit a new complaint.",Naturally Receded (Unobserved),2.2
63362920,2024-12-11 13:56:00,2024-12-11 18:30:00,Sewer,Street Flooding (SJ),180-24 GRAND CENTRAL PARKWAY SR SOUTH,GRAND CENTRAL PARKWAY SR SOUTH,RADNOR ST,AVON ST,QUEENS,11432,40.71968521539681,-73.7840934834539,"The Department of Environment Protection inspected your complaint but could not find the problem you reported. If the condition persists, please call 311 (or 212-639-9675 if calling from a non-New York City area code) with more detailed information to submit a new complaint.",Naturally Receded (Unobserved),4.566666666666666
63369305,2024-12-11 13:44:00,2024-12-11 17:20:00,Sewer,Street Flooding (SJ),,,,,QUEENS,11361,40.75872440289633,-73.76605588984577,"The Department of Environment Protection inspected your complaint but could not find the problem you reported. If the condition persists, please call 311 (or 212-639-9675 if calling from a non-New York City area code) with more detailed information to submit a new complaint.",Naturally Receded (Unobserved),3.6
63361658,2024-12-11 13:38:00,2024-12-11 19:40:00,Sewer,Street Flooding (SJ),59-09 SAINT FELIX AVENUE,SAINT FELIX AVENUE,SENECA AVE,60 ST,QUEENS,11385,40.696555360293104,-73.89740532421037,"The Department of Environment Protection inspected your complaint but could not find the problem you reported. If the condition persists, please call 311 (or 212-639-9675 if calling from a non-New York City area code) with more detailed information to submit a new complaint.",Naturally Receded (Unobserved),6.033333333333333
63343655,2024-12-09 22:17:00,2024-12-10 09:55:00,Sewer,Street Flooding (SJ),245 MORELAND STREET,MORELAND STREET,LINCOLN AVE,GREELEY AVE,STATEN ISLAND,10306,40.573373191426526,-74.09806793298476,"The Department of Environment Protection inspected your complaint but could not find the problem you reported. If the condition persists, please call 311 (or 212-639-9675 if calling from a non-New York City area code) with more detailed information to submit a new complaint.",Naturally Receded (Unobserved),11.633333333333333
63332053,2024-12-07 08:35:00,2024-12-07 12:20:00,Sewer,Street Flooding (SJ),81-09 ROOSEVELT AVENUE,ROOSEVELT AVENUE,81 ST,82 ST,QUEENS,11372,40.74756291038646,-73.88466629671053,"The Department of Environment Protection inspected your complaint but could not find the problem you reported. If the condition persists, please call 311 (or 212-639-9675 if calling from a non-New York City area code) with more detailed information to submit a new complaint.",Naturally Receded (Unobserved),3.75
63302529,2024-12-05 12:29:00,2024-12-05 14:20:00,Sewer,Street Flooding (SJ),7620 BAY PARKWAY,BAY PARKWAY,AVENUE P,77 ST,BROOKLYN,11214,40.60710688908143,-73.9884502014737,"The Department of Environment Protection inspected your complaint but could not find the problem you reported. If the condition persists, please call 311 (or 212-639-9675 if calling from a non-New York City area code) with more detailed information to submit a new complaint.",Naturally Receded (Unobserved),1.85
63272654,2024-12-02 10:41:00,2024-12-02 12:05:00,Sewer,Street Flooding (SJ),45-20 23 STREET,23 STREET,45 AVE,45 RD,QUEENS,11101,40.74644122848075,-73.94547212840196,"The Department of Environment Protection inspected your complaint but could not find the problem you reported. If the condition persists, please call 311 (or 212-639-9675 if calling from a non-New York City area code) with more detailed information to submit a new complaint.",Naturally Receded (Unobserved),1.4
63271076,2024-12-02 09:59:00,2024-12-02 11:20:00,Sewer,Street Flooding (SJ),,,,,QUEENS,11362,40.75397272648211,-73.72599030955537,"The Department of Environment Protection inspected your complaint but could not find the problem you reported. If the condition persists, please call 311 (or 212-639-9675 if calling from a non-New York City area code) with more detailed information to submit a new complaint.",Naturally Receded (Unobserved),1.35
63239335,2024-11-29 09:44:00,2024-11-29 14:20:00,Sewer,Street Flooding (SJ),,,,,MANHATTAN,10029,40.78789864214599,-73.95366813150638,"The Department of Environment Protection inspected your complaint but could not find the problem you reported. If the condition persists, please call 311 (or 212-639-9675 if calling from a non-New York City area code) with more detailed information to submit a new complaint.",Naturally Receded (Unobserved),4.6
63232857,2024-11-28 13:11:00,2024-11-28 13:55:00,Sewer,Street Flooding (SJ),,,,,MANHATTAN,10128,40.78324786504036,-73.94472340476307,"The Department of Environment Protection inspected your complaint but could not find the problem you reported. If the condition persists, please call 311 (or 212-639-9675 if calling from a non-New York City area code) with more detailed information to submit a new complaint.",Naturally Receded (Unobserved),0.7333333333333333
63236267,2024-11-28 12:29:00,2024-11-28 12:55:00,Sewer,Street Flooding (SJ),167 HARRISON AVENUE,HARRISON AVENUE,WALTON ST,WALLABOUT ST,BROOKLYN,11206,40.7017334318901,-73.94888803022765,"The Department of Environment Protection inspected your complaint but could not find the problem you reported. If the condition persists, please call 311 (or 212-639-9675 if calling from a non-New York City area code) with more detailed information to submit a new complaint.",Naturally Receded (Unobserved),0.43333333333333335
63232171,2024-11-28 12:23:00,2024-11-28 12:40:00,Sewer,Street Flooding (SJ),,,,,BROOKLYN,11219,40.63915532682533,-73.9914064548577,"The Department of Environment Protection inspected your complaint but could not find the problem you reported. If the condition persists, please call 311 (or 212-639-9675 if calling from a non-New York City area code) with more detailed information to submit a new complaint.",Naturally Receded (Unobserved),0.2833333333333333
63234570,2024-11-28 11:11:00,2024-11-28 17:35:00,Sewer,Street Flooding (SJ),754 CONEY ISLAND AVENUE,CONEY ISLAND AVENUE,CORTELYOU RD,CORTELYOU RD,BROOKLYN,11218,40.639162387626115,-73.96877498048596,"The Department of Environment Protection inspected your complaint but could not find the problem you reported. If the condition persists, please call 311 (or 212-639-9675 if calling from a non-New York City area code) with more detailed information to submit a new complaint.",Naturally Receded (Unobserved),6.4
63221726,2024-11-27 10:26:00,2024-11-27 12:20:00,Sewer,Street Flooding (SJ),45-20 23 STREET,23 STREET,45 AVE,45 RD,QUEENS,11101,40.74644122848075,-73.94547212840196,"The Department of Environment Protection inspected your complaint but could not find the problem you reported. If the condition persists, please call 311 (or 212-639-9675 if calling from a non-New York City area code) with more detailed information to submit a new complaint.",Naturally Receded (Unobserved),1.9
63213122,2024-11-26 12:26:00,2024-11-26 13:35:00,Sewer,Street Flooding (SJ),59-01 41 AVENUE,41 AVENUE,59 ST,60 ST,QUEENS,11377,40.744411876649636,-73.90571500675941,"The Department of Environment Protection inspected your complaint but could not find the problem you reported. If the condition persists, please call 311 (or 212-639-9675 if calling from a non-New York City area code) with more detailed information to submit a new complaint.",Naturally Receded (Unobserved),1.15
63214381,2024-11-26 10:29:00,2024-11-26 12:00:00,Sewer,Street Flooding (SJ),,,,,QUEENS,11423,40.719463418478796,-73.77018722435277,"The Department of Environment Protection inspected your complaint but could not find the problem you reported. If the condition persists, please call 311 (or 212-639-9675 if calling from a non-New York City area code) with more detailed information to submit a new complaint.",Naturally Receded (Unobserved),1.5166666666666666
63219424,2024-11-26 08:50:00,2024-11-26 11:50:00,Sewer,Street Flooding (SJ),,,,,BROOKLYN,11221,40.6893537479348,-73.93632022096544,"The Department of Environment Protection inspected your complaint but could not find the problem you reported. If the condition persists, please call 311 (or 212-639-9675 if calling from a non-New York City area code) with more detailed information to submit a new complaint.",Naturally Receded (Unobserved),3.0
63189183,2024-11-23 19:23:00,2024-11-23 22:55:00,Sewer,Street Flooding (SJ),,,,,MANHATTAN,10128,40.7814295082462,-73.95417815370344,"The Department of Environment Protection inspected your complaint but could not find the problem you reported. If the condition persists, please call 311 (or 212-639-9675 if calling from a non-New York City area code) with more detailed information to submit a new complaint.",Naturally Receded (Unobserved),3.533333333333333
63184544,2024-11-23 16:59:00,2024-11-23 22:25:00,Sewer,Street Flooding (SJ),790 7 AVENUE,7 AVENUE,W 51 ST,W 52 ST,MANHATTAN,10019,40.76200455438324,-73.9826115482865,"The Department of Environment Protection inspected your complaint but could not find the problem you reported. If the condition persists, please call 311 (or 212-639-9675 if calling from a non-New York City area code) with more detailed information to submit a new complaint.",Naturally Receded (Unobserved),5.433333333333334
63189176,2024-11-23 08:35:00,2024-11-23 14:20:00,Sewer,Street Flooding (SJ),148 WEST  136 STREET,WEST  136 STREET,LENOX AVE,ADAM CLAYTON POWELL JR BLVD,MANHATTAN,10030,40.815351486664255,-73.94175961188633,"The Department of Environment Protection inspected your complaint but could not find the problem you reported. If the condition persists, please call 311 (or 212-639-9675 if calling from a non-New York City area code) with more detailed information to submit a new complaint.",Naturally Receded (Unobserved),5.75
63177090,2024-11-22 13:41:00,2024-11-22 17:30:00,Sewer,Street Flooding (SJ),127-15 177 STREET,177 STREET,127 AVE,129 AVE,QUEENS,11434,40.681115711558704,-73.76588107624555,"The Department of Environment Protection inspected your complaint but could not find the problem you reported. If the condition persists, please call 311 (or 212-639-9675 if calling from a non-New York City area code) with more detailed information to submit a new complaint.",Naturally Receded (Unobserved),3.816666666666667
63175601,2024-11-22 11:20:00,2024-11-22 17:00:00,Sewer,Street Flooding (SJ),919 NUGENT AVENUE,NUGENT AVENUE,LINCOLN AVE,GREELEY AVE,STATEN ISLAND,10306,40.572232324981684,-74.09692159926271,"The Department of Environment Protection inspected your complaint but could not find the problem you reported. If the condition persists, please call 311 (or 212-639-9675 if calling from a non-New York City area code) with more detailed information to submit a new complaint.",Naturally Receded (Unobserved),5.666666666666667
63170148,2024-11-22 10:29:00,2024-11-22 14:05:00,Sewer,Street Flooding (SJ),82-11 CYPRESS AVENUE,CYPRESS AVENUE,VERMONT PL,JACKIE ROBINSON PARKWAY SR,QUEENS,11385,40.69103350505257,-73.88919581567345,"The Department of Environment Protection inspected your complaint but could not find the problem you reported. If the condition persists, please call 311 (or 212-639-9675 if calling from a non-New York City area code) with more detailed information to submit a new complaint.",Naturally Receded (Unobserved),3.6
63174061,2024-11-22 04:11:00,2024-11-22 09:45:00,Sewer,Street Flooding (SJ),,,,,BROOKLYN,11203,40.638965607751416,-73.94250447815804,"The Department of Environment Protection inspected your complaint but could not find the problem you reported. If the condition persists, please call 311 (or 212-639-9675 if calling from a non-New York City area code) with more detailed information to submit a new complaint.",Naturally Receded (Unobserved),5.566666666666666
63160427,2024-11-21 08:29:00,2024-11-21 09:00:00,Sewer,Street Flooding (SJ),,,,,BROOKLYN,11211,40.71791023637868,-73.95339933146677,"The Department of Environment Protection inspected your complaint but could not find the problem you reported. If the condition persists, please call 311 (or 212-639-9675 if calling from a non-New York City area code) with more detailed information to submit a new complaint.",Naturally Receded (Unobserved),0.5166666666666667
63124123,2024-11-18 08:32:00,2024-11-18 09:15:00,Sewer,Street Flooding (SJ),43-32 165 STREET,165 STREET,43 AVE,45 AVE,QUEENS,11358,40.75812938941568,-73.80146825722389,"The Department of Environment Protection inspected your complaint but could not find the problem you reported. If the condition persists, please call 311 (or 212-639-9675 if calling from a non-New York City area code) with more detailed information to submit a new complaint.",Naturally Receded (Unobserved),0.7166666666666667
63094879,2024-11-15 07:41:00,2024-11-15 10:40:00,Sewer,Street Flooding (SJ),,,,,STATEN ISLAND,10312,40.56047555908232,-74.1668892252524,"The Department of Environment Protection inspected your complaint but could not find the problem you reported. If the condition persists, please call 311 (or 212-639-9675 if calling from a non-New York City area code) with more detailed information to submit a new complaint.",Naturally Receded (Unobserved),2.9833333333333334
63070940,2024-11-13 21:50:00,2024-11-14 09:35:00,Sewer,Street Flooding (SJ),77-02 34 AVENUE,34 AVENUE,77 ST,78 ST,QUEENS,11372,40.753252053603966,-73.88952905303273,"The Department of Environment Protection inspected your complaint but could not find the problem you reported. If the condition persists, please call 311 (or 212-639-9675 if calling from a non-New York City area code) with more detailed information to submit a new complaint.",Naturally Receded (Unobserved),11.75
62998164,2024-11-06 10:41:00,2024-11-06 11:45:00,Sewer,Street Flooding (SJ),45-20 23 STREET,23 STREET,45 AVE,45 RD,QUEENS,11101,40.74644122848075,-73.94547212840196,"The Department of Environment Protection inspected your complaint but could not find the problem you reported. If the condition persists, please call 311 (or 212-639-9675 if calling from a non-New York City area code) with more detailed information to submit a new complaint.",Naturally Receded (Unobserved),1.0666666666666667
62988599,2024-11-05 11:26:00,2024-11-05 13:30:00,Sewer,Street Flooding (SJ),792 FLUSHING AVENUE,FLUSHING AVENUE,HUMBOLDT ST,BEAVER ST,BROOKLYN,11206,40.70108704007311,-73.94033388043232,"The Department of Environment Protection inspected your complaint but could not find the problem you reported. If the condition persists, please call 311 (or 212-639-9675 if calling from a non-New York City area code) with more detailed information to submit a new complaint.",Naturally Receded (Unobserved),2.066666666666667
62979752,2024-11-04 10:53:00,2024-11-04 12:25:00,Sewer,Street Flooding (SJ),45-20 23 STREET,23 STREET,45 AVE,45 RD,QUEENS,11101,40.74644122848075,-73.94547212840196,"The Department of Environment Protection inspected your complaint but could not find the problem you reported. If the condition persists, please call 311 (or 212-639-9675 if calling from a non-New York City area code) with more detailed information to submit a new complaint.",Naturally Receded (Unobserved),1.5333333333333334
62917044,2024-10-29 10:26:00,2024-10-29 11:15:00,Sewer,Street Flooding (SJ),14-11 137 STREET,137 STREET,14 AVE,PEDESTRIAN PATH,QUEENS,11356,40.78590505337277,-73.83178739660907,"The Department of Environment Protection inspected your complaint but could not find the problem you reported. If the condition persists, please call 311 (or 212-639-9675 if calling from a non-New York City area code) with more detailed information to submit a new complaint.",Naturally Receded (Unobserved),0.8166666666666667
62905853,2024-10-28 10:47:00,2024-10-28 11:25:00,Sewer,Street Flooding (SJ),45-20 23 STREET,23 STREET,45 AVE,45 RD,QUEENS,11101,40.74644122848075,-73.94547212840196,"The Department of Environment Protection inspected your complaint but could not find the problem you reported. If the condition persists, please call 311 (or 212-639-9675 if calling from a non-New York City area code) with more detailed information to submit a new complaint.",Naturally Receded (Unobserved),0.6333333333333333
62831848,2024-10-21 12:11:00,2024-10-21 13:20:00,Sewer,Street Flooding (SJ),45-20 23 STREET,23 STREET,45 AVE,45 RD,QUEENS,11101,40.74644122848075,-73.94547212840196,"The Department of Environment Protection inspected your complaint but could not find the problem you reported. If the condition persists, please call 311 (or 212-639-9675 if calling from a non-New York City area code) with more detailed information to submit a new complaint.",Naturally Receded (Unobserved),1.15
62827640,2024-10-21 09:14:00,2024-10-21 10:40:00,Sewer,Street Flooding (SJ),144-12 MELBOURNE AVENUE,MELBOURNE AVENUE,MAIN ST,147 ST,QUEENS,11367,40.734232940841444,-73.82477699231274,"The Department of Environment Protection inspected your complaint but could not find the problem you reported. If the condition persists, please call 311 (or 212-639-9675 if calling from a non-New York City area code) with more detailed information to submit a new complaint.",Naturally Receded (Unobserved),1.4333333333333333
62824312,2024-10-20 13:02:00,2024-10-20 13:55:00,Sewer,Street Flooding (SJ),,,,,QUEENS,11365,40.745486375684685,-73.77851708287935,"The Department of Environment Protection inspected your complaint but could not find the problem you reported. If the condition persists, please call 311 (or 212-639-9675 if calling from a non-New York City area code) with more detailed information to submit a new complaint.",Naturally Receded (Unobserved),0.8833333333333333
62798415,2024-10-18 05:29:00,2024-10-18 10:40:00,Sewer,Street Flooding (SJ),,,,,QUEENS,11355,40.75794728728985,-73.81923163139547,"The Department of Environment Protection inspected your complaint but could not find the problem you reported. If the condition persists, please call 311 (or 212-639-9675 if calling from a non-New York City area code) with more detailed information to submit a new complaint.",Naturally Receded (Unobserved),5.183333333333334
62730031,2024-10-11 11:17:00,2024-10-11 12:20:00,Sewer,Street Flooding (SJ),242 WEST   53 STREET,WEST   53 STREET,BROADWAY,8 AVE,MANHATTAN,10019,40.763766852193235,-73.98379874691466,"The Department of Environment Protection inspected your complaint but could not find the problem you reported. If the condition persists, please call 311 (or 212-639-9675 if calling from a non-New York City area code) with more detailed information to submit a new complaint.",Naturally Receded (Unobserved),1.05
62731600,2024-10-11 07:02:00,2024-10-11 13:40:00,Sewer,Street Flooding (SJ),90 BAY STREET,BAY STREET,BEND,SLOSSON TER,STATEN ISLAND,10301,40.640058551972714,-74.07557378516111,"The Department of Environment Protection inspected your complaint but could not find the problem you reported. If the condition persists, please call 311 (or 212-639-9675 if calling from a non-New York City area code) with more detailed information to submit a new complaint.",Naturally Receded (Unobserved),6.633333333333334
62714472,2024-10-10 17:35:00,2024-10-10 18:25:00,Sewer,Street Flooding (SJ),1352 EAST    2 STREET,EAST    2 STREET,DEAD END,AVENUE M,BROOKLYN,11230,40.616724896702884,-73.97340678199521,"The Department of Environment Protection inspected your complaint but could not find the problem you reported. If the condition persists, please call 311 (or 212-639-9675 if calling from a non-New York City area code) with more detailed information to submit a new complaint.",Naturally Receded (Unobserved),0.8333333333333334
62721090,2024-10-10 14:02:00,2024-10-10 14:35:00,Sewer,Street Flooding (SJ),,,,,QUEENS,11378,40.72720912909326,-73.90740981585108,"The Department of Environment Protection inspected your complaint but could not find the problem you reported. If the condition persists, please call 311 (or 212-639-9675 if calling from a non-New York City area code) with more detailed information to submit a new complaint.",Naturally Receded (Unobserved),0.55
62701974,2024-10-09 07:17:00,2024-10-09 10:10:00,Sewer,Street Flooding (SJ),175-51 DALNY ROAD,DALNY ROAD,HIGHLAND AVE,DEVONSHIRE RD,QUEENS,11432,40.71403460376839,-73.78750979043855,"The Department of Environment Protection inspected your complaint but could not find the problem you reported. If the condition persists, please call 311 (or 212-639-9675 if calling from a non-New York City area code) with more detailed information to submit a new complaint.",Naturally Receded (Unobserved),2.8833333333333333
62677166,2024-10-06 02:59:00,2024-10-06 08:50:00,Sewer,Street Flooding (SJ),,,,,BROOKLYN,11221,40.696666543743454,-73.92823157898667,"The Department of Environment Protection inspected your complaint but could not find the problem you reported. If the condition persists, please call 311 (or 212-639-9675 if calling from a non-New York City area code) with more detailed information to submit a new complaint.",Naturally Receded (Unobserved),5.85
62654728,2024-10-04 12:53:00,2024-10-04 14:10:00,Sewer,Street Flooding (SJ),25-40 SHORE BOULEVARD,SHORE BOULEVARD,12 ST,DEAD END,QUEENS,11102,40.77580088199622,-73.92878536156479,"The Department of Environment Protection inspected your complaint but could not find the problem you reported. If the condition persists, please call 311 (or 212-639-9675 if calling from a non-New York City area code) with more detailed information to submit a new complaint.",Naturally Receded (Unobserved),1.2833333333333334
62645462,2024-10-03 10:38:00,2024-10-03 13:10:00,Sewer,Street Flooding (SJ),62-43 70 STREET,70 STREET,62 DR,JUNIPER BLVD S,QUEENS,11379,40.71750021080157,-73.88528828796414,"The Department of Environment Protection inspected your complaint but could not find the problem you reported. If the condition persists, please call 311 (or 212-639-9675 if calling from a non-New York City area code) with more detailed information to submit a new complaint.",Naturally Receded (Unobserved),2.533333333333333
62628970,2024-10-01 11:05:00,2024-10-01 13:00:00,Sewer,Street Flooding (SJ),8-16 43 AVENUE,43 AVENUE,VERNON BLVD,9 ST,QUEENS,11101,40.75289901546749,-73.95019504700198,"The Department of Environment Protection inspected your complaint but could not find the problem you reported. If the condition persists, please call 311 (or 212-639-9675 if calling from a non-New York City area code) with more detailed information to submit a new complaint.",Naturally Receded (Unobserved),1.9166666666666667
62600739,2024-09-29 12:32:00,2024-09-29 13:45:00,Sewer,Street Flooding (SJ),111-48 112 STREET,112 STREET,111 AVE,ROCKAWAY BLVD,QUEENS,11420,40.678086306841394,-73.82683530980907,"The Department of Environment Protection inspected your complaint but could not find the problem you reported. If the condition persists, please call 311 (or 212-639-9675 if calling from a non-New York City area code) with more detailed information to submit a new complaint.",Naturally Receded (Unobserved),1.2166666666666666
62560983,2024-09-24 23:02:00,2024-09-25 01:00:00,Sewer,Street Flooding (SJ),500 WEST  215 STREET,WEST  215 STREET,10 AVE,BROADWAY,MANHATTAN,10034,40.86959524010362,-73.91530700272624,"The Department of Environment Protection inspected your complaint but could not find the problem you reported. If the condition persists, please call 311 (or 212-639-9675 if calling from a non-New York City area code) with more detailed information to submit a new complaint.",Naturally Receded (Unobserved),1.9666666666666666
62558015,2024-09-24 09:29:00,2024-09-24 10:50:00,Sewer,Street Flooding (SJ),64-46 232 STREET,232 STREET,64 AVE,67 AVE,QUEENS,11364,40.7496787789098,-73.74584390292236,"The Department of Environment Protection inspected your complaint but could not find the problem you reported. If the condition persists, please call 311 (or 212-639-9675 if calling from a non-New York City area code) with more detailed information to submit a new complaint.",Naturally Receded (Unobserved),1.35
62536858,2024-09-23 14:44:00,2024-09-23 18:25:00,Sewer,Street Flooding (SJ),,,,,BROOKLYN,11229,40.604758783376646,-73.94562025735725,"The Department of Environment Protection inspected your complaint but could not find the problem you reported. If the condition persists, please call 311 (or 212-639-9675 if calling from a non-New York City area code) with more detailed information to submit a new complaint.",Naturally Receded (Unobserved),3.683333333333333
62519584,2024-09-21 12:50:00,2024-09-21 14:00:00,Sewer,Street Flooding (SJ),480 VAN BRUNT STREET,VAN BRUNT STREET,REED ST,DEAD END,BROOKLYN,11231,40.67443040868527,-74.0163453844518,"The Department of Environment Protection inspected your complaint but could not find the problem you reported. If the condition persists, please call 311 (or 212-639-9675 if calling from a non-New York City area code) with more detailed information to submit a new complaint.",Naturally Receded (Unobserved),1.1666666666666667
62519586,2024-09-21 12:05:00,2024-09-21 13:40:00,Sewer,Street Flooding (SJ),,,,,BROOKLYN,11231,40.6751990725844,-74.01542626954938,"The Department of Environment Protection inspected your complaint but could not find the problem you reported. If the condition persists, please call 311 (or 212-639-9675 if calling from a non-New York City area code) with more detailed information to submit a new complaint.",Naturally Receded (Unobserved),1.5833333333333333
62524662,2024-09-21 11:17:00,2024-09-21 12:30:00,Sewer,Street Flooding (SJ),2829 WEST   21 STREET,WEST   21 STREET,NEPTUNE AVE,MERMAID AVE,BROOKLYN,11224,40.57777319598735,-73.9882320831688,"The Department of Environment Protection inspected your complaint but could not find the problem you reported. If the condition persists, please call 311 (or 212-639-9675 if calling from a non-New York City area code) with more detailed information to submit a new complaint.",Naturally Receded (Unobserved),1.2166666666666666
62513897,2024-09-20 11:11:00,2024-09-20 21:45:00,Sewer,Street Flooding (SJ),72-48 ALMEDA AVENUE,ALMEDA AVENUE,BEACH 72 ST,BARBADOES DR,QUEENS,11692,40.59661535263489,-73.8029531342209,"The Department of Environment Protection inspected your complaint but could not find the problem you reported. If the condition persists, please call 311 (or 212-639-9675 if calling from a non-New York City area code) with more detailed information to submit a new complaint.",Naturally Receded (Unobserved),10.566666666666666
62515269,2024-09-20 10:59:00,2024-09-20 20:25:00,Sewer,Street Flooding (SJ),321 BEACH   69 STREET,BEACH   69 STREET,ROCKAWAY FRWY,BEACH CHANNEL DR,QUEENS,11692,40.59149868001317,-73.79800660382779,"The Department of Environment Protection inspected your complaint but could not find the problem you reported. If the condition persists, please call 311 (or 212-639-9675 if calling from a non-New York City area code) with more detailed information to submit a new complaint.",Naturally Receded (Unobserved),9.433333333333334
62511122,2024-09-20 10:53:00,2024-09-20 21:30:00,Sewer,Street Flooding (SJ),72-16 BURCHELL AVENUE,BURCHELL AVENUE,BEACH 72 ST,BARBADOES DR,QUEENS,11692,40.59601205676899,-73.80168381639949,"The Department of Environment Protection inspected your complaint but could not find the problem you reported. If the condition persists, please call 311 (or 212-639-9675 if calling from a non-New York City area code) with more detailed information to submit a new complaint.",Naturally Receded (Unobserved),10.616666666666667
62506980,2024-09-20 10:38:00,2024-09-20 19:15:00,Sewer,Street Flooding (SJ),229 BEACH    3 STREET,BEACH    3 STREET,SEAGIRT AVE,E ROCKAWAY INLET SHORELINE,QUEENS,11691,40.59644927092083,-73.73891212555942,"The Department of Environment Protection inspected your complaint but could not find the problem you reported. If the condition persists, please call 311 (or 212-639-9675 if calling from a non-New York City area code) with more detailed information to submit a new complaint.",Naturally Receded (Unobserved),8.616666666666667
62511149,2024-09-20 10:35:00,2024-09-20 19:55:00,Sewer,Street Flooding (SJ),403 BEACH   35 STREET,BEACH   35 STREET,BEACH CHANNEL DR,NORTON AVE,QUEENS,11691,40.59636568548141,-73.76774460923808,"The Department of Environment Protection inspected your complaint but could not find the problem you reported. If the condition persists, please call 311 (or 212-639-9675 if calling from a non-New York City area code) with more detailed information to submit a new complaint.",Naturally Receded (Unobserved),9.333333333333334
62512530,2024-09-20 10:26:00,2024-09-20 19:35:00,Sewer,Street Flooding (SJ),,,,,QUEENS,11691,40.594846866412865,-73.76192022015485,"The Department of Environment Protection inspected your complaint but could not find the problem you reported. If the condition persists, please call 311 (or 212-639-9675 if calling from a non-New York City area code) with more detailed information to submit a new complaint.",Naturally Receded (Unobserved),9.15
62505373,2024-09-20 10:23:00,2024-09-20 21:15:00,Sewer,Street Flooding (SJ),,,,,QUEENS,11692,40.594823217487374,-73.79833502034373,"The Department of Environment Protection inspected your complaint but could not find the problem you reported. If the condition persists, please call 311 (or 212-639-9675 if calling from a non-New York City area code) with more detailed information to submit a new complaint.",Naturally Receded (Unobserved),10.866666666666667
62502625,2024-09-19 09:47:00,2024-09-19 14:00:00,Sewer,Street Flooding (SJ),96 TRAVIS AVENUE,TRAVIS AVENUE,MULBERRY AVE,VICTORY BLVD,STATEN ISLAND,10314,40.5860753204005,-74.14974013793972,"The Department of Environment Protection inspected your complaint but could not find the problem you reported. If the condition persists, please call 311 (or 212-639-9675 if calling from a non-New York City area code) with more detailed information to submit a new complaint.",Naturally Receded (Unobserved),4.216666666666667
62479775,2024-09-17 09:08:00,2024-09-17 13:45:00,Sewer,Street Flooding (SJ),,,,,BROOKLYN,11204,40.62336988839489,-73.98948845527158,"The Department of Environment Protection inspected your complaint but could not find the problem you reported. If the condition persists, please call 311 (or 212-639-9675 if calling from a non-New York City area code) with more detailed information to submit a new complaint.",Naturally Receded (Unobserved),4.616666666666666
62468204,2024-09-16 10:44:00,2024-09-16 14:25:00,Sewer,Street Flooding (SJ),50 LENOX ROAD,LENOX ROAD,FLATBUSH AVE,BEDFORD AVE,BROOKLYN,11226,40.653665079899866,-73.95783021184418,"The Department of Environment Protection inspected your complaint but could not find the problem you reported. If the condition persists, please call 311 (or 212-639-9675 if calling from a non-New York City area code) with more detailed information to submit a new complaint.",Naturally Receded (Unobserved),3.683333333333333
62435988,2024-09-14 15:17:00,2024-09-15 01:30:00,Sewer,Street Flooding (SJ),,,,,QUEENS,11368,40.74330104544287,-73.86749217974513,"The Department of Environment Protection inspected your complaint but could not find the problem you reported. If the condition persists, please call 311 (or 212-639-9675 if calling from a non-New York City area code) with more detailed information to submit a new complaint.",Naturally Receded (Unobserved),10.216666666666667
62440511,2024-09-14 10:11:00,2024-09-14 11:15:00,Sewer,Street Flooding (SJ),83 PEARSALL STREET,PEARSALL STREET,OLYMPIA BLVD,AGNES PL,STATEN ISLAND,10305,40.58933872857099,-74.07368014231345,"The Department of Environment Protection inspected your complaint but could not find the problem you reported. If the condition persists, please call 311 (or 212-639-9675 if calling from a non-New York City area code) with more detailed information to submit a new complaint.",Naturally Receded (Unobserved),1.0666666666666667
62411389,2024-09-12 12:50:00,2024-09-12 13:55:00,Sewer,Street Flooding (SJ),32-78 48 STREET,48 STREET,BROADWAY,34 AVE,QUEENS,11103,40.75551736781299,-73.91299039622764,"The Department of Environment Protection inspected your complaint but could not find the problem you reported. If the condition persists, please call 311 (or 212-639-9675 if calling from a non-New York City area code) with more detailed information to submit a new complaint.",Naturally Receded (Unobserved),1.0833333333333333
62376884,2024-09-09 11:08:00,2024-09-09 12:40:00,Sewer,Street Flooding (SJ),163-13 20 AVENUE,20 AVENUE,163 ST,166 ST,QUEENS,11357,40.780169734735814,-73.79989683782642,"The Department of Environment Protection inspected your complaint but could not find the problem you reported. If the condition persists, please call 311 (or 212-639-9675 if calling from a non-New York City area code) with more detailed information to submit a new complaint.",Naturally Receded (Unobserved),1.5333333333333334
62298874,2024-09-01 19:32:00,2024-09-02 00:50:00,Sewer,Street Flooding (SJ),326 BEACH   84 STREET,BEACH   84 STREET,BEACH CHANNEL DR,LONG BAR BAY SHORELINE,QUEENS,11693,40.59117886604837,-73.81005152429094,"The Department of Environment Protection inspected your complaint but could not find the problem you reported. If the condition persists, please call 311 (or 212-639-9675 if calling from a non-New York City area code) with more detailed information to submit a new complaint.",Naturally Receded (Unobserved),5.3
62272454,2024-08-29 17:23:00,2024-08-30 02:30:00,Sewer,Street Flooding (SJ),326 BEACH   84 STREET,BEACH   84 STREET,BEACH CHANNEL DR,LONG BAR BAY SHORELINE,QUEENS,11693,40.59117886604837,-73.81005152429094,"The Department of Environment Protection inspected your complaint but could not find the problem you reported. If the condition persists, please call 311 (or 212-639-9675 if calling from a non-New York City area code) with more detailed information to submit a new complaint.",Naturally Receded (Unobserved),9.116666666666667
62238496,2024-08-26 15:08:00,2024-08-27 00:20:00,Sewer,Street Flooding (SJ),,,,,QUEENS,11433,40.691968251517565,-73.78250282623983,"The Department of Environment Protection inspected your complaint but could not find the problem you reported. If the condition persists, please call 311 (or 212-639-9675 if calling from a non-New York City area code) with more detailed information to submit a new complaint.",Naturally Receded (Unobserved),9.2
62227956,2024-08-25 09:23:00,2024-08-25 14:40:00,Sewer,Street Flooding (SJ),154-64 11 AVENUE,11 AVENUE,154 ST,157 ST,QUEENS,11357,40.792255548398366,-73.80675478616547,"The Department of Environment Protection inspected your complaint but could not find the problem you reported. If the condition persists, please call 311 (or 212-639-9675 if calling from a non-New York City area code) with more detailed information to submit a new complaint.",Naturally Receded (Unobserved),5.283333333333333
62209424,2024-08-23 21:35:00,2024-08-24 03:45:00,Sewer,Street Flooding (SJ),239-02 147 ROAD,147 ROAD,BROOKVILLE BLVD,240 ST,QUEENS,11422,40.65613699171406,-73.74469376510778,"The Department of Environment Protection inspected your complaint but could not find the problem you reported. If the condition persists, please call 311 (or 212-639-9675 if calling from a non-New York City area code) with more detailed information to submit a new complaint.",Naturally Receded (Unobserved),6.166666666666667
62208130,2024-08-23 10:08:00,2024-08-23 14:20:00,Sewer,Street Flooding (SJ),545 WEST  111 STREET,WEST  111 STREET,AMSTERDAM AVE,BROADWAY,MANHATTAN,10025,40.80462374169526,-73.9657101376336,"The Department of Environment Protection inspected your complaint but could not find the problem you reported. If the condition persists, please call 311 (or 212-639-9675 if calling from a non-New York City area code) with more detailed information to submit a new complaint.",Naturally Receded (Unobserved),4.2
62203463,2024-08-22 13:38:00,2024-08-22 14:35:00,Sewer,Street Flooding (SJ),,,,,QUEENS,11432,40.71172158726426,-73.80830485726322,"The Department of Environment Protection inspected your complaint but could not find the problem you reported. If the condition persists, please call 311 (or 212-639-9675 if calling from a non-New York City area code) with more detailed information to submit a new complaint.",Naturally Receded (Unobserved),0.95
62186959,2024-08-21 16:38:00,2024-08-22 03:15:00,Sewer,Street Flooding (SJ),,,,,MANHATTAN,10023,40.77879404063979,-73.98205472388632,"The Department of Environment Protection inspected your complaint but could not find the problem you reported. If the condition persists, please call 311 (or 212-639-9675 if calling from a non-New York City area code) with more detailed information to submit a new complaint.",Naturally Receded (Unobserved),10.616666666666667
62193354,2024-08-21 13:26:00,2024-08-22 00:30:00,Sewer,Street Flooding (SJ),177-37 135 AVENUE,135 AVENUE,FARMERS BLVD,THURSTON ST,QUEENS,11434,40.67568056757403,-73.76296916912234,"The Department of Environment Protection inspected your complaint but could not find the problem you reported. If the condition persists, please call 311 (or 212-639-9675 if calling from a non-New York City area code) with more detailed information to submit a new complaint.",Naturally Receded (Unobserved),11.066666666666666
62176249,2024-08-20 09:38:00,2024-08-20 12:10:00,Sewer,Street Flooding (SJ),42-24 HAMPTON STREET,HAMPTON STREET,ELMHURST AVE,WHITNEY AVE,QUEENS,11373,40.744596685047306,-73.87751504354989,"The Department of Environment Protection inspected your complaint but could not find the problem you reported. If the condition persists, please call 311 (or 212-639-9675 if calling from a non-New York City area code) with more detailed information to submit a new complaint.",Naturally Receded (Unobserved),2.533333333333333
62182394,2024-08-20 08:53:00,2024-08-20 10:45:00,Sewer,Street Flooding (SJ),51-42 30 AVENUE,30 AVENUE,56 PL,57 ST,QUEENS,11377,40.75951288100607,-73.90498252463033,"The Department of Environment Protection inspected your complaint but could not find the problem you reported. If the condition persists, please call 311 (or 212-639-9675 if calling from a non-New York City area code) with more detailed information to submit a new complaint.",Naturally Receded (Unobserved),1.8666666666666667
62171216,2024-08-19 23:38:00,2024-08-20 10:45:00,Sewer,Street Flooding (SJ),43-21 193 STREET,193 STREET,NORTHERN BLVD,45 AVE,QUEENS,11358,40.757532558932034,-73.78844668271022,"The Department of Environment Protection inspected your complaint but could not find the problem you reported. If the condition persists, please call 311 (or 212-639-9675 if calling from a non-New York City area code) with more detailed information to submit a new complaint.",Naturally Receded (Unobserved),11.116666666666667
62167112,2024-08-19 22:05:00,2024-08-20 05:40:00,Sewer,Street Flooding (SJ),394 BEACH   25 STREET,BEACH   25 STREET,CAMP RD,DEERFIELD RD,QUEENS,11691,40.597372537452785,-73.75949859664334,"The Department of Environment Protection inspected your complaint but could not find the problem you reported. If the condition persists, please call 311 (or 212-639-9675 if calling from a non-New York City area code) with more detailed information to submit a new complaint.",Naturally Receded (Unobserved),7.583333333333333
62169805,2024-08-19 19:26:00,2024-08-19 23:15:00,Sewer,Street Flooding (SJ),487 EAST   53 STREET,EAST   53 STREET,TILDEN AVE,BEVERLEY RD,BROOKLYN,11203,40.647671508677014,-73.92700499429102,"The Department of Environment Protection inspected your complaint but could not find the problem you reported. If the condition persists, please call 311 (or 212-639-9675 if calling from a non-New York City area code) with more detailed information to submit a new complaint.",Naturally Receded (Unobserved),3.816666666666667
62165438,2024-08-19 10:08:00,2024-08-19 11:15:00,Sewer,Street Flooding (SJ),66-92 SELFRIDGE STREET,SELFRIDGE STREET,JUNO ST,KESSEL ST,QUEENS,11375,40.71652996688692,-73.85710212217046,"The Department of Environment Protection inspected your complaint but could not find the problem you reported. If the condition persists, please call 311 (or 212-639-9675 if calling from a non-New York City area code) with more detailed information to submit a new complaint.",Naturally Receded (Unobserved),1.1166666666666667
62167133,2024-08-19 09:23:00,2024-08-19 10:55:00,Sewer,Street Flooding (SJ),1365 54 STREET,54 STREET,13 AVE,14 AVE,BROOKLYN,11219,40.63142615344681,-73.99368798852461,"The Department of Environment Protection inspected your complaint but could not find the problem you reported. If the condition persists, please call 311 (or 212-639-9675 if calling from a non-New York City area code) with more detailed information to submit a new complaint.",Naturally Receded (Unobserved),1.5333333333333334
62159564,2024-08-18 10:32:00,2024-08-18 11:15:00,Sewer,Street Flooding (SJ),,,,,QUEENS,11432,40.721353048353635,-73.78650879224409,"The Department of Environment Protection inspected your complaint but could not find the problem you reported. If the condition persists, please call 311 (or 212-639-9675 if calling from a non-New York City area code) with more detailed information to submit a new complaint.",Naturally Receded (Unobserved),0.7166666666666667
62142600,2024-08-16 18:41:00,2024-08-17 05:20:00,Sewer,Street Flooding (SJ),452 WEST   20 STREET,WEST   20 STREET,9 AVE,10 AVE,MANHATTAN,10011,40.745235391303524,-74.00417910704776,"The Department of Environment Protection inspected your complaint but could not find the problem you reported. If the condition persists, please call 311 (or 212-639-9675 if calling from a non-New York City area code) with more detailed information to submit a new complaint.",Naturally Receded (Unobserved),10.65
62147831,2024-08-16 11:14:00,2024-08-16 12:55:00,Sewer,Street Flooding (SJ),,,,,MANHATTAN,10017,40.75655745833477,-73.9744374204345,"The Department of Environment Protection inspected your complaint but could not find the problem you reported. If the condition persists, please call 311 (or 212-639-9675 if calling from a non-New York City area code) with more detailed information to submit a new complaint.",Naturally Receded (Unobserved),1.6833333333333333
62108111,2024-08-13 11:08:00,2024-08-13 12:30:00,Sewer,Street Flooding (SJ),45-20 23 STREET,23 STREET,45 AVE,45 RD,QUEENS,11101,40.74644122848075,-73.94547212840196,"The Department of Environment Protection inspected your complaint but could not find the problem you reported. If the condition persists, please call 311 (or 212-639-9675 if calling from a non-New York City area code) with more detailed information to submit a new complaint.",Naturally Receded (Unobserved),1.3666666666666667
62106036,2024-08-12 17:41:00,2024-08-12 18:55:00,Sewer,Street Flooding (SJ),174 ORCHARD STREET,ORCHARD STREET,STANTON ST,E HOUSTON ST,MANHATTAN,10002,40.72168763674661,-73.98839066076046,"The Department of Environment Protection inspected your complaint but could not find the problem you reported. If the condition persists, please call 311 (or 212-639-9675 if calling from a non-New York City area code) with more detailed information to submit a new complaint.",Naturally Receded (Unobserved),1.2333333333333334
62099039,2024-08-12 09:20:00,2024-08-12 14:00:00,Sewer,Street Flooding (SJ),545 WEST  111 STREET,WEST  111 STREET,AMSTERDAM AVE,BROADWAY,MANHATTAN,10025,40.80462374169526,-73.9657101376336,"The Department of Environment Protection inspected your complaint but could not find the problem you reported. If the condition persists, please call 311 (or 212-639-9675 if calling from a non-New York City area code) with more detailed information to submit a new complaint.",Naturally Receded (Unobserved),4.666666666666667
62081693,2024-08-10 07:47:00,2024-08-10 12:05:00,Sewer,Street Flooding (SJ),,,,,BROOKLYN,11212,40.65800972211598,-73.92076565333504,"The Department of Environment Protection inspected your complaint but could not find the problem you reported. If the condition persists, please call 311 (or 212-639-9675 if calling from a non-New York City area code) with more detailed information to submit a new complaint.",Naturally Receded (Unobserved),4.3
62085371,2024-08-10 07:26:00,2024-08-10 10:45:00,Sewer,Street Flooding (SJ),114-17 131 STREET,131 STREET,LINDEN BLVD,115 AVE,QUEENS,11420,40.68108520041497,-73.81043360138119,"The Department of Environment Protection inspected your complaint but could not find the problem you reported. If the condition persists, please call 311 (or 212-639-9675 if calling from a non-New York City area code) with more detailed information to submit a new complaint.",Naturally Receded (Unobserved),3.316666666666667
62075637,2024-08-09 15:41:00,2024-08-09 20:35:00,Sewer,Street Flooding (SJ),852 QUINCY AVENUE,QUINCY AVENUE,PHILIP AVE,LAFAYETTE AVE,BRONX,10465,40.827557504181115,-73.8270244608815,"The Department of Environment Protection inspected your complaint but could not find the problem you reported. If the condition persists, please call 311 (or 212-639-9675 if calling from a non-New York City area code) with more detailed information to submit a new complaint.",Naturally Receded (Unobserved),4.9
62069996,2024-08-09 14:05:00,2024-08-09 21:25:00,Sewer,Street Flooding (SJ),207 SKILLMAN AVENUE,SKILLMAN AVENUE,HUMBOLDT ST,WOODPOINT RD,BROOKLYN,11211,40.716143189909744,-73.94253530058864,"The Department of Environment Protection inspected your complaint but could not find the problem you reported. If the condition persists, please call 311 (or 212-639-9675 if calling from a non-New York City area code) with more detailed information to submit a new complaint.",Naturally Receded (Unobserved),7.333333333333333
62068549,2024-08-09 12:32:00,2024-08-09 18:05:00,Sewer,Street Flooding (SJ),100 GOLD STREET,GOLD STREET,FRONT ST,YORK ST,BROOKLYN,11201,40.70186975991626,-73.98283641339845,"The Department of Environment Protection inspected your complaint but could not find the problem you reported. If the condition persists, please call 311 (or 212-639-9675 if calling from a non-New York City area code) with more detailed information to submit a new complaint.",Naturally Receded (Unobserved),5.55
62057874,2024-08-08 21:41:00,2024-08-09 02:00:00,Sewer,Street Flooding (SJ),572 EAST    7 STREET,EAST    7 STREET,CORTELYOU RD,DITMAS AVE,BROOKLYN,11218,40.637675453837375,-73.9716329217775,"The Department of Environment Protection inspected your complaint but could not find the problem you reported. If the condition persists, please call 311 (or 212-639-9675 if calling from a non-New York City area code) with more detailed information to submit a new complaint.",Naturally Receded (Unobserved),4.316666666666666
62061283,2024-08-08 16:53:00,2024-08-08 19:35:00,Sewer,Street Flooding (SJ),27-16 168 STREET,168 STREET,27 AVE,29 AVE,QUEENS,11358,40.77195195472581,-73.79675163602741,"The Department of Environment Protection inspected your complaint but could not find the problem you reported. If the condition persists, please call 311 (or 212-639-9675 if calling from a non-New York City area code) with more detailed information to submit a new complaint.",Naturally Receded (Unobserved),2.7
62061285,2024-08-08 15:08:00,2024-08-08 16:55:00,Sewer,Street Flooding (SJ),9506 AVENUE N,AVENUE N,E 95 ST,E 96 ST,BROOKLYN,11236,40.634497419569584,-73.89305833705174,"The Department of Environment Protection inspected your complaint but could not find the problem you reported. If the condition persists, please call 311 (or 212-639-9675 if calling from a non-New York City area code) with more detailed information to submit a new complaint.",Naturally Receded (Unobserved),1.7833333333333334
62063752,2024-08-08 12:44:00,2024-08-08 13:55:00,Sewer,Street Flooding (SJ),45-20 23 STREET,23 STREET,45 AVE,45 RD,QUEENS,11101,40.74644122848075,-73.94547212840196,"The Department of Environment Protection inspected your complaint but could not find the problem you reported. If the condition persists, please call 311 (or 212-639-9675 if calling from a non-New York City area code) with more detailed information to submit a new complaint.",Naturally Receded (Unobserved),1.1833333333333333
62060151,2024-08-08 10:59:00,2024-08-08 14:30:00,Sewer,Street Flooding (SJ),1100 LEXINGTON AVENUE,LEXINGTON AVENUE,E 77 ST,E 78 ST,MANHATTAN,10075,40.773740851955374,-73.95979407718451,"The Department of Environment Protection inspected your complaint but could not find the problem you reported. If the condition persists, please call 311 (or 212-639-9675 if calling from a non-New York City area code) with more detailed information to submit a new complaint.",Naturally Receded (Unobserved),3.5166666666666666
62055668,2024-08-08 10:35:00,2024-08-08 18:45:00,Sewer,Street Flooding (SJ),2115 ELLIS AVENUE,ELLIS AVENUE,OLMSTEAD AVE,CASTLE HILL AVE,BRONX,10462,40.83234802765507,-73.85349992777363,"The Department of Environment Protection inspected your complaint but could not find the problem you reported. If the condition persists, please call 311 (or 212-639-9675 if calling from a non-New York City area code) with more detailed information to submit a new complaint.",Naturally Receded (Unobserved),8.166666666666666
62052090,2024-08-07 15:11:00,2024-08-07 19:15:00,Sewer,Street Flooding (SJ),1552 EAST   10 STREET,EAST   10 STREET,AVENUE O,AVENUE P,BROOKLYN,11230,40.61113656056687,-73.96361971931596,"The Department of Environment Protection inspected your complaint but could not find the problem you reported. If the condition persists, please call 311 (or 212-639-9675 if calling from a non-New York City area code) with more detailed information to submit a new complaint.",Naturally Receded (Unobserved),4.066666666666666
62054635,2024-08-07 14:59:00,2024-08-07 18:40:00,Sewer,Street Flooding (SJ),4618 AVENUE J,AVENUE J,E 46 ST,SCHENECTADY AVE,BROOKLYN,11234,40.6279364907255,-73.9314721367237,"The Department of Environment Protection inspected your complaint but could not find the problem you reported. If the condition persists, please call 311 (or 212-639-9675 if calling from a non-New York City area code) with more detailed information to submit a new complaint.",Naturally Receded (Unobserved),3.683333333333333
62046137,2024-08-07 12:14:00,2024-08-07 13:15:00,Sewer,Street Flooding (SJ),69-02 47 AVENUE,47 AVENUE,69 ST,LIRR MAIN LINE,QUEENS,11377,40.73905650803443,-73.89574850210755,"The Department of Environment Protection inspected your complaint but could not find the problem you reported. If the condition persists, please call 311 (or 212-639-9675 if calling from a non-New York City area code) with more detailed information to submit a new complaint.",Naturally Receded (Unobserved),1.0166666666666666
62052207,2024-08-07 11:47:00,2024-08-07 13:30:00,Sewer,Street Flooding (SJ),32-54 55 STREET,55 STREET,32 AVE,AMTRAK-NY/CONN RAIL LINE,QUEENS,11377,40.75442220837137,-73.90599680879872,"The Department of Environment Protection inspected your complaint but could not find the problem you reported. If the condition persists, please call 311 (or 212-639-9675 if calling from a non-New York City area code) with more detailed information to submit a new complaint.",Naturally Receded (Unobserved),1.7166666666666666
62052210,2024-08-07 11:44:00,2024-08-07 13:45:00,Sewer,Street Flooding (SJ),39-65 52 STREET,52 STREET,39 DR,SKILLMAN AVE,QUEENS,11377,40.746807700484695,-73.91222583913282,"The Department of Environment Protection inspected your complaint but could not find the problem you reported. If the condition persists, please call 311 (or 212-639-9675 if calling from a non-New York City area code) with more detailed information to submit a new complaint.",Naturally Receded (Unobserved),2.0166666666666666
62048531,2024-08-07 11:44:00,2024-08-07 14:10:00,Sewer,Street Flooding (SJ),30-24 HOBART STREET,HOBART STREET,30 AVE,51 ST,QUEENS,11377,40.759179467705216,-73.90675173282767,"The Department of Environment Protection inspected your complaint but could not find the problem you reported. If the condition persists, please call 311 (or 212-639-9675 if calling from a non-New York City area code) with more detailed information to submit a new complaint.",Naturally Receded (Unobserved),2.433333333333333
62054567,2024-08-07 11:41:00,2024-08-07 13:15:00,Sewer,Street Flooding (SJ),32-11 54 STREET,54 STREET,32 AVE,NORTHERN BLVD,QUEENS,11377,40.75487314050422,-73.90697432660224,"The Department of Environment Protection inspected your complaint but could not find the problem you reported. If the condition persists, please call 311 (or 212-639-9675 if calling from a non-New York City area code) with more detailed information to submit a new complaint.",Naturally Receded (Unobserved),1.5666666666666667
62054641,2024-08-07 11:26:00,2024-08-07 12:40:00,Sewer,Street Flooding (SJ),41-49 69 STREET,69 STREET,BROOKLYN QUEENS EXPY,,QUEENS,11377,40.74311871073032,-73.89571327538874,"The Department of Environment Protection inspected your complaint but could not find the problem you reported. If the condition persists, please call 311 (or 212-639-9675 if calling from a non-New York City area code) with more detailed information to submit a new complaint.",Naturally Receded (Unobserved),1.2333333333333334
62049690,2024-08-07 11:17:00,2024-08-07 11:41:00,Sewer,Street Flooding (SJ),,,,,MANHATTAN,10002,40.72147299446923,-73.983823458782,"The Department of Environment Protection inspected your complaint but could not find the problem you reported. If the condition persists, please call 311 (or 212-639-9675 if calling from a non-New York City area code) with more detailed information to submit a new complaint.",Naturally Receded (Unobserved),0.4
62053347,2024-08-07 11:17:00,2024-08-07 12:55:00,Sewer,Street Flooding (SJ),40-23 69 STREET,69 STREET,ROOSEVELT AVE,41 AVE,QUEENS,11377,40.74580078256722,-73.89621071878875,"The Department of Environment Protection inspected your complaint but could not find the problem you reported. If the condition persists, please call 311 (or 212-639-9675 if calling from a non-New York City area code) with more detailed information to submit a new complaint.",Naturally Receded (Unobserved),1.6333333333333333
62050977,2024-08-07 10:44:00,2024-08-07 11:00:00,Sewer,Street Flooding (SJ),45-29 43 STREET,43 STREET,QUEENS BLVD,47 AVE,QUEENS,11104,40.74254641431839,-73.92165752562363,"The Department of Environment Protection inspected your complaint but could not find the problem you reported. If the condition persists, please call 311 (or 212-639-9675 if calling from a non-New York City area code) with more detailed information to submit a new complaint.",Naturally Receded (Unobserved),0.26666666666666666
62048340,2024-08-07 10:35:00,2024-08-07 13:35:00,Sewer,Street Flooding (SJ),48-37 38 STREET,38 STREET,48 AVE,GREENPOINT AVE,QUEENS,11101,40.73991825609876,-73.9278710406827,"The Department of Environment Protection inspected your complaint but could not find the problem you reported. If the condition persists, please call 311 (or 212-639-9675 if calling from a non-New York City area code) with more detailed information to submit a new complaint.",Naturally Receded (Unobserved),3.0
62046155,2024-08-07 10:29:00,2024-08-07 13:05:00,Sewer,Street Flooding (SJ),43-09 47 AVENUE,47 AVENUE,43 ST,44 ST,QUEENS,11104,40.74146225781937,-73.9216876700188,"The Department of Environment Protection inspected your complaint but could not find the problem you reported. If the condition persists, please call 311 (or 212-639-9675 if calling from a non-New York City area code) with more detailed information to submit a new complaint.",Naturally Receded (Unobserved),2.6
62052091,2024-08-07 10:23:00,2024-08-07 12:50:00,Sewer,Street Flooding (SJ),41-02 SKILLMAN AVENUE,SKILLMAN AVENUE,41 ST,42 ST,QUEENS,11104,40.747081312812334,-73.9225003082867,"The Department of Environment Protection inspected your complaint but could not find the problem you reported. If the condition persists, please call 311 (or 212-639-9675 if calling from a non-New York City area code) with more detailed information to submit a new complaint.",Naturally Receded (Unobserved),2.45
62053364,2024-08-07 10:23:00,2024-08-07 12:35:00,Sewer,Street Flooding (SJ),41-35 47 STREET,47 STREET,SKILLMAN AVE,43 AVE,QUEENS,11104,40.746171810059266,-73.91713485323686,"The Department of Environment Protection inspected your complaint but could not find the problem you reported. If the condition persists, please call 311 (or 212-639-9675 if calling from a non-New York City area code) with more detailed information to submit a new complaint.",Naturally Receded (Unobserved),2.2
62050921,2024-08-07 10:11:00,2024-08-07 12:50:00,Sewer,Street Flooding (SJ),45-20 23 STREET,23 STREET,45 AVE,45 RD,QUEENS,11101,40.74644122848075,-73.94547212840196,"The Department of Environment Protection inspected your complaint but could not find the problem you reported. If the condition persists, please call 311 (or 212-639-9675 if calling from a non-New York City area code) with more detailed information to submit a new complaint.",Naturally Receded (Unobserved),2.65
62046133,2024-08-07 02:11:00,2024-08-07 08:50:00,Sewer,Street Flooding (SJ),,,,,BROOKLYN,11211,40.70890414845771,-73.959252467909,"The Department of Environment Protection inspected your complaint but could not find the problem you reported. If the condition persists, please call 311 (or 212-639-9675 if calling from a non-New York City area code) with more detailed information to submit a new complaint.",Naturally Receded (Unobserved),6.65
62034626,2024-08-06 21:35:00,2024-08-07 08:15:00,Sewer,Street Flooding (SJ),49 SPEEDWELL AVENUE,SPEEDWELL AVENUE,SIDEVIEW AVE,SOMMER AVE,STATEN ISLAND,10314,40.607541838844554,-74.16802969743944,"The Department of Environment Protection inspected your complaint but could not find the problem you reported. If the condition persists, please call 311 (or 212-639-9675 if calling from a non-New York City area code) with more detailed information to submit a new complaint.",Naturally Receded (Unobserved),10.666666666666666
62044266,2024-08-06 21:05:00,2024-08-06 22:00:00,Sewer,Street Flooding (SJ),461 ELDERT LANE,ELDERT LANE,MC KINLEY AVE,LIBERTY AVE,BROOKLYN,11208,40.67976020863482,-73.86553814091657,"The Department of Environment Protection inspected your complaint but could not find the problem you reported. If the condition persists, please call 311 (or 212-639-9675 if calling from a non-New York City area code) with more detailed information to submit a new complaint.",Naturally Receded (Unobserved),0.9166666666666666
62035951,2024-08-06 20:53:00,2024-08-06 21:35:00,Sewer,Street Flooding (SJ),25-67 48 STREET,48 STREET,AMTRAK-CONNECTING RAIL LINE,28 AVE,QUEENS,11103,40.76416875621865,-73.90594334334283,"The Department of Environment Protection inspected your complaint but could not find the problem you reported. If the condition persists, please call 311 (or 212-639-9675 if calling from a non-New York City area code) with more detailed information to submit a new complaint.",Naturally Receded (Unobserved),0.7
62034656,2024-08-06 18:29:00,2024-08-06 19:00:00,Sewer,Street Flooding (SJ),,,,,QUEENS,11360,40.78883632109775,-73.7839703491287,"The Department of Environment Protection inspected your complaint but could not find the problem you reported. If the condition persists, please call 311 (or 212-639-9675 if calling from a non-New York City area code) with more detailed information to submit a new complaint.",Naturally Receded (Unobserved),0.5166666666666667
62038705,2024-08-06 17:02:00,2024-08-06 18:30:00,Sewer,Street Flooding (SJ),640 FT WASHINGTON AVENUE,FT WASHINGTON AVENUE,W 187 ST,W 190 ST,MANHATTAN,10040,40.85608289016741,-73.93634856456971,"The Department of Environment Protection inspected your complaint but could not find the problem you reported. If the condition persists, please call 311 (or 212-639-9675 if calling from a non-New York City area code) with more detailed information to submit a new complaint.",Naturally Receded (Unobserved),1.4666666666666666
62041368,2024-08-06 16:47:00,2024-08-06 20:00:00,Sewer,Street Flooding (SJ),39-58 47 STREET,47 STREET,39 AVE,SKILLMAN AVE,QUEENS,11104,40.74759614425442,-73.91686962236598,"The Department of Environment Protection inspected your complaint but could not find the problem you reported. If the condition persists, please call 311 (or 212-639-9675 if calling from a non-New York City area code) with more detailed information to submit a new complaint.",Naturally Receded (Unobserved),3.216666666666667
62042893,2024-08-06 16:41:00,2024-08-06 17:20:00,Sewer,Street Flooding (SJ),50-49 39 STREET,39 STREET,50 AVE,HUNTERS POINT AVE,QUEENS,11104,40.73747516238496,-73.92745149305712,"The Department of Environment Protection inspected your complaint but could not find the problem you reported. If the condition persists, please call 311 (or 212-639-9675 if calling from a non-New York City area code) with more detailed information to submit a new complaint.",Naturally Receded (Unobserved),0.65
62044273,2024-08-06 16:17:00,2024-08-06 18:55:00,Sewer,Street Flooding (SJ),45-13 SKILLMAN AVENUE,SKILLMAN AVENUE,45 ST,46 ST,QUEENS,11104,40.74665876194099,-73.91872219849328,"The Department of Environment Protection inspected your complaint but could not find the problem you reported. If the condition persists, please call 311 (or 212-639-9675 if calling from a non-New York City area code) with more detailed information to submit a new complaint.",Naturally Receded (Unobserved),2.6333333333333333
62041369,2024-08-06 15:26:00,2024-08-06 17:20:00,Sewer,Street Flooding (SJ),39-55 GREENPOINT AVENUE,GREENPOINT AVENUE,39 PL,40 ST,QUEENS,11104,40.739217047342834,-73.9258293457637,"The Department of Environment Protection inspected your complaint but could not find the problem you reported. If the condition persists, please call 311 (or 212-639-9675 if calling from a non-New York City area code) with more detailed information to submit a new complaint.",Naturally Receded (Unobserved),1.9
62042856,2024-08-06 15:26:00,2024-08-06 18:30:00,Sewer,Street Flooding (SJ),39-06 44 STREET,44 STREET,BARNETT AVE,SKILLMAN AVE,QUEENS,11104,40.74895113813837,-73.91944844059513,"The Department of Environment Protection inspected your complaint but could not find the problem you reported. If the condition persists, please call 311 (or 212-639-9675 if calling from a non-New York City area code) with more detailed information to submit a new complaint.",Naturally Receded (Unobserved),3.066666666666667
62035952,2024-08-06 15:23:00,2024-08-06 18:00:00,Sewer,Street Flooding (SJ),41-08 47 STREET,47 STREET,SKILLMAN AVE,43 AVE,QUEENS,11104,40.74620201267168,-73.91714925148885,"The Department of Environment Protection inspected your complaint but could not find the problem you reported. If the condition persists, please call 311 (or 212-639-9675 if calling from a non-New York City area code) with more detailed information to submit a new complaint.",Naturally Receded (Unobserved),2.6166666666666667
62037329,2024-08-06 15:20:00,2024-08-06 17:10:00,Sewer,Street Flooding (SJ),39-73 47 STREET,47 STREET,39 AVE,SKILLMAN AVE,QUEENS,11104,40.74712958925562,-73.91694238464498,"The Department of Environment Protection inspected your complaint but could not find the problem you reported. If the condition persists, please call 311 (or 212-639-9675 if calling from a non-New York City area code) with more detailed information to submit a new complaint.",Naturally Receded (Unobserved),1.8333333333333333
62040026,2024-08-06 15:20:00,2024-08-06 16:45:00,Sewer,Street Flooding (SJ),51-01 39 AVENUE,39 AVENUE,51 ST,52 ST,QUEENS,11104,40.748808961343435,-73.91267073026036,"The Department of Environment Protection inspected your complaint but could not find the problem you reported. If the condition persists, please call 311 (or 212-639-9675 if calling from a non-New York City area code) with more detailed information to submit a new complaint.",Naturally Receded (Unobserved),1.4166666666666667
62034613,2024-08-06 15:17:00,2024-08-06 17:35:00,Sewer,Street Flooding (SJ),39-18 45 STREET,45 STREET,39 AVE,SKILLMAN AVE,QUEENS,11104,40.74902182106957,-73.9184811143464,"The Department of Environment Protection inspected your complaint but could not find the problem you reported. If the condition persists, please call 311 (or 212-639-9675 if calling from a non-New York City area code) with more detailed information to submit a new complaint.",Naturally Receded (Unobserved),2.3
62037330,2024-08-06 15:14:00,2024-08-06 16:45:00,Sewer,Street Flooding (SJ),31-67 45 STREET,45 STREET,NEWTOWN RD,BROADWAY,QUEENS,11103,40.757900819772466,-73.91434087856113,"The Department of Environment Protection inspected your complaint but could not find the problem you reported. If the condition persists, please call 311 (or 212-639-9675 if calling from a non-New York City area code) with more detailed information to submit a new complaint.",Naturally Receded (Unobserved),1.5166666666666666
62042894,2024-08-06 15:08:00,2024-08-06 17:05:00,Sewer,Street Flooding (SJ),2-10 50 AVENUE,50 AVENUE,2 ST,5 ST,QUEENS,11101,40.743484928657914,-73.95809815296816,"The Department of Environment Protection inspected your complaint but could not find the problem you reported. If the condition persists, please call 311 (or 212-639-9675 if calling from a non-New York City area code) with more detailed information to submit a new complaint.",Naturally Receded (Unobserved),1.95
62041410,2024-08-06 14:56:00,2024-08-06 17:50:00,Sewer,Street Flooding (SJ),47-14 11 STREET,11 STREET,47 AVE,47 RD,QUEENS,11101,40.744665072915005,-73.950901323297,"The Department of Environment Protection inspected your complaint but could not find the problem you reported. If the condition persists, please call 311 (or 212-639-9675 if calling from a non-New York City area code) with more detailed information to submit a new complaint.",Naturally Receded (Unobserved),2.9
62034632,2024-08-06 14:56:00,2024-08-06 20:50:00,Sewer,Street Flooding (SJ),66-92 SELFRIDGE STREET,SELFRIDGE STREET,JUNO ST,KESSEL ST,QUEENS,11375,40.71652996688692,-73.85710212217046,"The Department of Environment Protection inspected your complaint but could not find the problem you reported. If the condition persists, please call 311 (or 212-639-9675 if calling from a non-New York City area code) with more detailed information to submit a new complaint.",Naturally Receded (Unobserved),5.9
62040107,2024-08-06 14:53:00,2024-08-06 17:30:00,Sewer,Street Flooding (SJ),10-26 46 ROAD,46 ROAD,VERNON BLVD,11 ST,QUEENS,11101,40.74602425224871,-73.95215623412406,"The Department of Environment Protection inspected your complaint but could not find the problem you reported. If the condition persists, please call 311 (or 212-639-9675 if calling from a non-New York City area code) with more detailed information to submit a new complaint.",Naturally Receded (Unobserved),2.6166666666666667
62044303,2024-08-06 14:44:00,2024-08-06 19:05:00,Sewer,Street Flooding (SJ),45-14 PEARSON STREET,PEARSON STREET,45 RD,DEAD END,QUEENS,11101,40.74565854964267,-73.94458136468391,"The Department of Environment Protection inspected your complaint but could not find the problem you reported. If the condition persists, please call 311 (or 212-639-9675 if calling from a non-New York City area code) with more detailed information to submit a new complaint.",Naturally Receded (Unobserved),4.35
62035902,2024-08-06 14:32:00,2024-08-06 19:55:00,Sewer,Street Flooding (SJ),21-52 45 ROAD,45 ROAD,21 ST,23 ST,QUEENS,11101,40.74657937039709,-73.9474172524343,"The Department of Environment Protection inspected your complaint but could not find the problem you reported. If the condition persists, please call 311 (or 212-639-9675 if calling from a non-New York City area code) with more detailed information to submit a new complaint.",Naturally Receded (Unobserved),5.383333333333334
62042819,2024-08-06 11:23:00,2024-08-06 18:20:00,Sewer,Street Flooding (SJ),,,,,BROOKLYN,11206,40.69999939459152,-73.95722387138059,"The Department of Environment Protection inspected your complaint but could not find the problem you reported. If the condition persists, please call 311 (or 212-639-9675 if calling from a non-New York City area code) with more detailed information to submit a new complaint.",Naturally Receded (Unobserved),6.95
62044304,2024-08-06 10:26:00,2024-08-06 19:15:00,Sewer,Street Flooding (SJ),249-23 ROCKAWAY BOULEVARD,ROCKAWAY BOULEVARD,BROOKVILLE BLVD,BROOKVILLE BLVD,QUEENS,11422,40.638213907437,-73.74120244764535,"The Department of Environment Protection inspected your complaint but could not find the problem you reported. If the condition persists, please call 311 (or 212-639-9675 if calling from a non-New York City area code) with more detailed information to submit a new complaint.",Naturally Receded (Unobserved),8.816666666666666
62031186,2024-08-05 10:53:00,2024-08-05 12:30:00,Sewer,Street Flooding (SJ),1575 WEST    5 STREET,WEST    5 STREET,AVENUE O,AVENUE P,BROOKLYN,11204,40.60901041034441,-73.97884457391987,"The Department of Environment Protection inspected your complaint but could not find the problem you reported. If the condition persists, please call 311 (or 212-639-9675 if calling from a non-New York City area code) with more detailed information to submit a new complaint.",Naturally Receded (Unobserved),1.6166666666666667
62029833,2024-08-05 07:35:00,2024-08-05 09:25:00,Sewer,Street Flooding (SJ),,,,,QUEENS,11362,40.75465799737773,-73.7279185350814,"The Department of Environment Protection inspected your complaint but could not find the problem you reported. If the condition persists, please call 311 (or 212-639-9675 if calling from a non-New York City area code) with more detailed information to submit a new complaint.",Naturally Receded (Unobserved),1.8333333333333333
62023921,2024-08-05 06:20:00,2024-08-05 10:55:00,Sewer,Street Flooding (SJ),466 MAINE AVENUE,MAINE AVENUE,MULLER AVE,CRYSTAL AVE,STATEN ISLAND,10314,40.62143177783702,-74.14050053480484,"The Department of Environment Protection inspected your complaint but could not find the problem you reported. If the condition persists, please call 311 (or 212-639-9675 if calling from a non-New York City area code) with more detailed information to submit a new complaint.",Naturally Receded (Unobserved),4.583333333333333
62016046,2024-08-04 15:38:00,2024-08-04 19:40:00,Sewer,Street Flooding (SJ),914 PIERCE AVENUE,PIERCE AVENUE,FOWLER AVE,BOGART AVE,BRONX,10462,40.843859539800846,-73.85582384283457,The Department of Environmental Protection has investigated this complaint. Surcharge conditions have been confirmed due to rain intensity or volume.,Hydraulic Capacity Surcharge,4.033333333333333
62015273,2024-08-04 08:23:00,2024-08-04 11:30:00,Sewer,Street Flooding (SJ),,,,,BROOKLYN,11228,40.60684292429443,-74.01549690884713,"The Department of Environment Protection inspected your complaint but could not find the problem you reported. If the condition persists, please call 311 (or 212-639-9675 if calling from a non-New York City area code) with more detailed information to submit a new complaint.",Naturally Receded (Unobserved),3.1166666666666667
62012837,2024-08-03 22:26:00,2024-08-04 05:45:00,Sewer,Street Flooding (SJ),30-22 84 STREET,84 STREET,30 AVE,31 AVE,QUEENS,11370,40.760652357762716,-73.88440899840293,"The Department of Environment Protection inspected your complaint but could not find the problem you reported. If the condition persists, please call 311 (or 212-639-9675 if calling from a non-New York City area code) with more detailed information to submit a new complaint.",Naturally Receded (Unobserved),7.316666666666666
62010722,2024-08-03 20:56:00,2024-08-04 03:00:00,Sewer,Street Flooding (SJ),177-37 135 AVENUE,135 AVENUE,FARMERS BLVD,THURSTON ST,QUEENS,11434,40.67568056757403,-73.76296916912234,"The Department of Environment Protection inspected your complaint but could not find the problem you reported. If the condition persists, please call 311 (or 212-639-9675 if calling from a non-New York City area code) with more detailed information to submit a new complaint.",Naturally Receded (Unobserved),6.066666666666666
62013943,2024-08-03 20:56:00,2024-08-04 04:20:00,Sewer,Street Flooding (SJ),145-56 224 STREET,224 STREET,145 RD,146 AVE,QUEENS,11413,40.661620625422565,-73.75586080929534,"The Department of Environment Protection inspected your complaint but could not find the problem you reported. If the condition persists, please call 311 (or 212-639-9675 if calling from a non-New York City area code) with more detailed information to submit a new complaint.",Naturally Receded (Unobserved),7.4
62012865,2024-08-03 20:35:00,2024-08-04 05:00:00,Sewer,Street Flooding (SJ),97-09 72 DRIVE,72 DRIVE,UNION TPKE,METROPOLITAN AVE,QUEENS,11375,40.708726774081164,-73.84657579563925,"The Department of Environment Protection inspected your complaint but could not find the problem you reported. If the condition persists, please call 311 (or 212-639-9675 if calling from a non-New York City area code) with more detailed information to submit a new complaint.",Naturally Receded (Unobserved),8.416666666666666
62010741,2024-08-03 20:35:00,2024-08-04 01:15:00,Sewer,Street Flooding (SJ),35-04 153 STREET,153 STREET,35 AVE,NORTHERN BLVD,QUEENS,11354,40.76588422481714,-73.81182758252365,"The Department of Environment Protection inspected your complaint but could not find the problem you reported. If the condition persists, please call 311 (or 212-639-9675 if calling from a non-New York City area code) with more detailed information to submit a new complaint.",Naturally Receded (Unobserved),4.666666666666667
62013944,2024-08-03 20:20:00,2024-08-04 01:30:00,Sewer,Street Flooding (SJ),25-60 48 STREET,48 STREET,AMTRAK-CONNECTING RAIL LINE,28 AVE,QUEENS,11103,40.764179746968026,-73.90595776753895,"The Department of Environment Protection inspected your complaint but could not find the problem you reported. If the condition persists, please call 311 (or 212-639-9675 if calling from a non-New York City area code) with more detailed information to submit a new complaint.",Naturally Receded (Unobserved),5.166666666666667
61998659,2024-08-02 19:14:00,2024-08-02 20:30:00,Sewer,Street Flooding (SJ),129 STOCKHOLM STREET,STOCKHOLM STREET,MYRTLE AVE,WILSON AVE,BROOKLYN,11221,40.69852461981139,-73.923757675669,"The Department of Environment Protection inspected your complaint but could not find the problem you reported. If the condition persists, please call 311 (or 212-639-9675 if calling from a non-New York City area code) with more detailed information to submit a new complaint.",Naturally Receded (Unobserved),1.2666666666666666
61988320,2024-08-01 09:35:00,2024-08-01 10:40:00,Sewer,Street Flooding (SJ),273 94 STREET,94 STREET,RIDGE BLVD,3 AVE,BROOKLYN,11209,40.6180789223111,-74.03383022786294,"The Department of Environment Protection inspected your complaint but could not find the problem you reported. If the condition persists, please call 311 (or 212-639-9675 if calling from a non-New York City area code) with more detailed information to submit a new complaint.",Naturally Receded (Unobserved),1.0833333333333333
61969409,2024-07-30 21:17:00,2024-07-31 08:45:00,Sewer,Street Flooding (SJ),182 IRVING AVENUE,IRVING AVENUE,STANHOPE ST,HIMROD ST,BROOKLYN,11237,40.7017191232497,-73.91914124936113,"The Department of Environment Protection inspected your complaint but could not find the problem you reported. If the condition persists, please call 311 (or 212-639-9675 if calling from a non-New York City area code) with more detailed information to submit a new complaint.",Naturally Receded (Unobserved),11.466666666666667
61915916,2024-07-25 21:41:00,2024-07-25 22:50:00,Sewer,Street Flooding (SJ),320 WEST  111 STREET,WEST  111 STREET,FREDERICK DOUGLASS BLVD,MANHATTAN AVE,MANHATTAN,10026,40.80140441778006,-73.95812670874577,"The Department of Environment Protection inspected your complaint but could not find the problem you reported. If the condition persists, please call 311 (or 212-639-9675 if calling from a non-New York City area code) with more detailed information to submit a new complaint.",Naturally Receded (Unobserved),1.15
61915918,2024-07-25 12:11:00,2024-07-25 13:30:00,Sewer,Street Flooding (SJ),77 STREET,77 STREET,GRAND CENTRAL PKWY EB EN   77 ST,25 AVENUE,QUEENS,11370,,,"The Department of Environment Protection inspected your complaint but could not find the problem you reported. If the condition persists, please call 311 (or 212-639-9675 if calling from a non-New York City area code) with more detailed information to submit a new complaint.",Naturally Receded (Unobserved),1.3166666666666667
61886762,2024-07-22 08:26:00,2024-07-22 09:10:00,Sewer,Street Flooding (SJ),,,,,QUEENS,11102,40.77338838309593,-73.92899012541616,"The Department of Environment Protection inspected your complaint but could not find the problem you reported. If the condition persists, please call 311 (or 212-639-9675 if calling from a non-New York City area code) with more detailed information to submit a new complaint.",Naturally Receded (Unobserved),0.7333333333333333
61859295,2024-07-20 14:29:00,2024-07-20 18:30:00,Sewer,Street Flooding (SJ),,,,,BROOKLYN,11235,40.592406366020725,-73.9336041726986,"The Department of Environment Protection inspected your complaint but could not find the problem you reported. If the condition persists, please call 311 (or 212-639-9675 if calling from a non-New York City area code) with more detailed information to submit a new complaint.",Naturally Receded (Unobserved),4.016666666666667
61866264,2024-07-20 02:08:00,2024-07-20 08:05:00,Sewer,Street Flooding (SJ),,,,,MANHATTAN,10031,40.832696349602095,-73.94971251720928,"The Department of Environment Protection inspected your complaint but could not find the problem you reported. If the condition persists, please call 311 (or 212-639-9675 if calling from a non-New York City area code) with more detailed information to submit a new complaint.",Naturally Receded (Unobserved),5.95
61846918,2024-07-18 23:20:00,2024-07-19 10:05:00,Sewer,Street Flooding (SJ),35-04 153 STREET,153 STREET,35 AVE,NORTHERN BLVD,QUEENS,11354,40.76588422481714,-73.81182758252365,"The Department of Environment Protection inspected your complaint but could not find the problem you reported. If the condition persists, please call 311 (or 212-639-9675 if calling from a non-New York City area code) with more detailed information to submit a new complaint.",Naturally Receded (Unobserved),10.75
61841881,2024-07-18 14:44:00,2024-07-19 00:45:00,Sewer,Street Flooding (SJ),117-42 NASHVILLE BOULEVARD,NASHVILLE BOULEVARD,LINDEN BLVD,118 AVE,QUEENS,11411,40.69567869334222,-73.74483445360976,"The Department of Environment Protection inspected your complaint but could not find the problem you reported. If the condition persists, please call 311 (or 212-639-9675 if calling from a non-New York City area code) with more detailed information to submit a new complaint.",Naturally Receded (Unobserved),10.016666666666667
61833704,2024-07-17 23:35:00,2024-07-18 02:00:00,Sewer,Street Flooding (SJ),,,,,BROOKLYN,11224,40.579017166255696,-74.00254514289875,"The Department of Environment Protection inspected your complaint but could not find the problem you reported. If the condition persists, please call 311 (or 212-639-9675 if calling from a non-New York City area code) with more detailed information to submit a new complaint.",Naturally Receded (Unobserved),2.4166666666666665
61833692,2024-07-17 22:35:00,2024-07-18 06:15:00,Sewer,Street Flooding (SJ),1652 64 STREET,64 STREET,16 AVE,17 AVE,BROOKLYN,11204,40.62181386065134,-73.99302248545268,"The Department of Environment Protection inspected your complaint but could not find the problem you reported. If the condition persists, please call 311 (or 212-639-9675 if calling from a non-New York City area code) with more detailed information to submit a new complaint.",Naturally Receded (Unobserved),7.666666666666667
61836163,2024-07-17 22:20:00,2024-07-18 06:30:00,Sewer,Street Flooding (SJ),1779 51 STREET,51 STREET,OLD NEW UTRECHT RD,18 AVE,BROOKLYN,11204,40.627384661271215,-73.98247370063469,"The Department of Environment Protection inspected your complaint but could not find the problem you reported. If the condition persists, please call 311 (or 212-639-9675 if calling from a non-New York City area code) with more detailed information to submit a new complaint.",Naturally Receded (Unobserved),8.166666666666666
61837296,2024-07-17 22:14:00,2024-07-18 01:35:00,Sewer,Street Flooding (SJ),,,,,BROOKLYN,11228,40.607655168221,-74.0170205164639,"The Department of Environment Protection inspected your complaint but could not find the problem you reported. If the condition persists, please call 311 (or 212-639-9675 if calling from a non-New York City area code) with more detailed information to submit a new complaint.",Naturally Receded (Unobserved),3.35
61834930,2024-07-17 22:11:00,2024-07-18 03:55:00,Sewer,Street Flooding (SJ),,,,,STATEN ISLAND,10307,40.50828123387257,-74.2494841100247,"The Department of Environment Protection inspected your complaint but could not find the problem you reported. If the condition persists, please call 311 (or 212-639-9675 if calling from a non-New York City area code) with more detailed information to submit a new complaint.",Naturally Receded (Unobserved),5.733333333333333
61830066,2024-07-17 22:05:00,2024-07-18 01:15:00,Sewer,Street Flooding (SJ),647 GRAND STREET,GRAND STREET,LEONARD ST,MANHATTAN AVE,BROOKLYN,11211,40.711413082396504,-73.94639533653425,"The Department of Environment Protection inspected your complaint but could not find the problem you reported. If the condition persists, please call 311 (or 212-639-9675 if calling from a non-New York City area code) with more detailed information to submit a new complaint.",Naturally Receded (Unobserved),3.1666666666666665
61831250,2024-07-17 04:32:00,2024-07-17 10:40:00,Sewer,Street Flooding (SJ),203-04 56 AVENUE,56 AVENUE,203 ST,CLEARVIEW EXPY,QUEENS,11364,40.74791905788735,-73.77469783007577,"The Department of Environment Protection inspected your complaint but could not find the problem you reported. If the condition persists, please call 311 (or 212-639-9675 if calling from a non-New York City area code) with more detailed information to submit a new complaint.",Naturally Receded (Unobserved),6.133333333333334
61820508,2024-07-16 14:38:00,2024-07-17 02:30:00,Sewer,Street Flooding (SJ),21-57 45 ROAD,45 ROAD,21 ST,23 ST,QUEENS,11101,40.746595832296876,-73.94740280354085,"The Department of Environment Protection inspected your complaint but could not find the problem you reported. If the condition persists, please call 311 (or 212-639-9675 if calling from a non-New York City area code) with more detailed information to submit a new complaint.",Naturally Receded (Unobserved),11.866666666666667
61824589,2024-07-16 10:53:00,2024-07-16 13:10:00,Sewer,Street Flooding (SJ),151-17 84 DRIVE,84 DRIVE,151 ST,152 ST,QUEENS,11432,40.71246010062134,-73.80840734026123,"The Department of Environment Protection inspected your complaint but could not find the problem you reported. If the condition persists, please call 311 (or 212-639-9675 if calling from a non-New York City area code) with more detailed information to submit a new complaint.",Naturally Receded (Unobserved),2.283333333333333
61819093,2024-07-16 08:32:00,2024-07-16 11:00:00,Sewer,Street Flooding (SJ),1737 EAST   36 STREET,EAST   36 STREET,QUENTIN RD,AVENUE R,BROOKLYN,11234,40.6139571402183,-73.9360211593336,"The Department of Environment Protection inspected your complaint but could not find the problem you reported. If the condition persists, please call 311 (or 212-639-9675 if calling from a non-New York City area code) with more detailed information to submit a new complaint.",Naturally Receded (Unobserved),2.466666666666667
61810604,2024-07-15 17:56:00,2024-07-16 04:00:00,Sewer,Street Flooding (SJ),32-44 48 STREET,48 STREET,BROADWAY,34 AVE,QUEENS,11103,40.755566743210785,-73.91295062764766,"The Department of Environment Protection inspected your complaint but could not find the problem you reported. If the condition persists, please call 311 (or 212-639-9675 if calling from a non-New York City area code) with more detailed information to submit a new complaint.",Naturally Receded (Unobserved),10.066666666666666
61796186,2024-07-14 07:32:00,2024-07-14 11:30:00,Sewer,Street Flooding (SJ),7702 16 AVENUE,16 AVENUE,77 ST,78 ST,BROOKLYN,11214,40.61506460834968,-74.00213590489099,"The Department of Environment Protection inspected your complaint but could not find the problem you reported. If the condition persists, please call 311 (or 212-639-9675 if calling from a non-New York City area code) with more detailed information to submit a new complaint.",Naturally Receded (Unobserved),3.966666666666667
61794526,2024-07-14 02:59:00,2024-07-14 10:45:00,Sewer,Street Flooding (SJ),1470 OCEAN PARKWAY,OCEAN PARKWAY,RYDER AVE,AVENUE O,BROOKLYN,11230,40.61297697591644,-73.96836222220286,"The Department of Environment Protection inspected your complaint but could not find the problem you reported. If the condition persists, please call 311 (or 212-639-9675 if calling from a non-New York City area code) with more detailed information to submit a new complaint.",Naturally Receded (Unobserved),7.766666666666667
61792088,2024-07-13 08:56:00,2024-07-13 10:30:00,Sewer,Street Flooding (SJ),359 EAST  204 STREET,EAST  204 STREET,HULL AVE,DECATUR AVE,BRONX,10467,40.871932794128256,-73.87757336531755,"The Department of Environment Protection inspected your complaint but could not find the problem you reported. If the condition persists, please call 311 (or 212-639-9675 if calling from a non-New York City area code) with more detailed information to submit a new complaint.",Naturally Receded (Unobserved),1.5666666666666667
61782661,2024-07-12 16:47:00,2024-07-12 17:40:00,Sewer,Street Flooding (SJ),790 7 AVENUE,7 AVENUE,W 51 ST,W 52 ST,MANHATTAN,10019,40.76200455438324,-73.9826115482865,"The Department of Environment Protection inspected your complaint but could not find the problem you reported. If the condition persists, please call 311 (or 212-639-9675 if calling from a non-New York City area code) with more detailed information to submit a new complaint.",Naturally Receded (Unobserved),0.8833333333333333
61757769,2024-07-10 11:32:00,2024-07-10 13:10:00,Sewer,Street Flooding (SJ),21-57 45 ROAD,45 ROAD,21 ST,23 ST,QUEENS,11101,40.746595832296876,-73.94740280354085,"The Department of Environment Protection inspected your complaint but could not find the problem you reported. If the condition persists, please call 311 (or 212-639-9675 if calling from a non-New York City area code) with more detailed information to submit a new complaint.",Naturally Receded (Unobserved),1.6333333333333333
61750457,2024-07-09 15:26:00,2024-07-09 17:35:00,Sewer,Street Flooding (SJ),4452 BROADWAY,BROADWAY,W 190 ST,FAIRVIEW AVE,MANHATTAN,10040,40.85653096997875,-73.93273319501233,"The Department of Environment Protection inspected your complaint but could not find the problem you reported. If the condition persists, please call 311 (or 212-639-9675 if calling from a non-New York City area code) with more detailed information to submit a new complaint.",Naturally Receded (Unobserved),2.15
61750458,2024-07-09 13:11:00,2024-07-09 14:50:00,Sewer,Street Flooding (SJ),,,,,QUEENS,11101,40.746221675916225,-73.94553005137858,"The Department of Environment Protection inspected your complaint but could not find the problem you reported. If the condition persists, please call 311 (or 212-639-9675 if calling from a non-New York City area code) with more detailed information to submit a new complaint.",Naturally Receded (Unobserved),1.65
61709979,2024-07-05 20:32:00,2024-07-05 22:00:00,Sewer,Street Flooding (SJ),700 LENOX AVENUE,LENOX AVENUE,W 145 ST,W 146 ST,MANHATTAN,10039,40.820533288941945,-73.93614411094367,"The Department of Environment Protection inspected your complaint but could not find the problem you reported. If the condition persists, please call 311 (or 212-639-9675 if calling from a non-New York City area code) with more detailed information to submit a new complaint.",Naturally Receded (Unobserved),1.4666666666666666
61694518,2024-07-03 09:50:00,2024-07-03 14:05:00,Sewer,Street Flooding (SJ),1213 2 AVENUE,2 AVENUE,E 63 ST,E 64 ST,MANHATTAN,10065,40.76350105418545,-73.96224415461826,"The Department of Environment Protection inspected your complaint but could not find the problem you reported. If the condition persists, please call 311 (or 212-639-9675 if calling from a non-New York City area code) with more detailed information to submit a new complaint.",Naturally Receded (Unobserved),4.25
61677756,2024-07-02 10:44:00,2024-07-02 11:25:00,Sewer,Street Flooding (SJ),21-24 NEWTOWN AVENUE,NEWTOWN AVENUE,21 ST,23 ST,QUEENS,11102,40.77179414906639,-73.92537426341448,"The Department of Environment Protection inspected your complaint but could not find the problem you reported. If the condition persists, please call 311 (or 212-639-9675 if calling from a non-New York City area code) with more detailed information to submit a new complaint.",Naturally Receded (Unobserved),0.6833333333333333
61673398,2024-07-02 08:44:00,2024-07-02 13:30:00,Sewer,Street Flooding (SJ),,,,,MANHATTAN,10075,40.77364206279381,-73.9598555143181,"The Department of Environment Protection inspected your complaint but could not find the problem you reported. If the condition persists, please call 311 (or 212-639-9675 if calling from a non-New York City area code) with more detailed information to submit a new complaint.",Naturally Receded (Unobserved),4.766666666666667
61655578,2024-06-30 20:35:00,2024-07-01 01:10:00,Sewer,Street Flooding (SJ),32-99 91 STREET,91 STREET,32 AVE,NORTHERN BLVD,QUEENS,11369,40.75675817206213,-73.87704509916442,"The Department of Environment Protection inspected your complaint but could not find the problem you reported. If the condition persists, please call 311 (or 212-639-9675 if calling from a non-New York City area code) with more detailed information to submit a new complaint.",Naturally Receded (Unobserved),4.583333333333333
61644966,2024-06-29 23:29:00,2024-06-30 09:55:00,Sewer,Street Flooding (SJ),,,,,QUEENS,11101,40.75163936495351,-73.90984458663883,"The Department of Environment Protection inspected your complaint but could not find the problem you reported. If the condition persists, please call 311 (or 212-639-9675 if calling from a non-New York City area code) with more detailed information to submit a new complaint.",Naturally Receded (Unobserved),10.433333333333334
61647506,2024-06-29 10:14:00,2024-06-29 12:20:00,Sewer,Street Flooding (SJ),,,,,MANHATTAN,10075,40.77364206279381,-73.9598555143181,"The Department of Environment Protection inspected your complaint but could not find the problem you reported. If the condition persists, please call 311 (or 212-639-9675 if calling from a non-New York City area code) with more detailed information to submit a new complaint.",Naturally Receded (Unobserved),2.1
61636182,2024-06-28 07:56:00,2024-06-28 10:50:00,Sewer,Street Flooding (SJ),,,,,QUEENS,11355,40.749863427626615,-73.8223971447278,"The Department of Environment Protection inspected your complaint but could not find the problem you reported. If the condition persists, please call 311 (or 212-639-9675 if calling from a non-New York City area code) with more detailed information to submit a new complaint.",Naturally Receded (Unobserved),2.9
61623899,2024-06-27 13:53:00,2024-06-27 15:00:00,Sewer,Street Flooding (SJ),,,,,QUEENS,11101,40.75163936495351,-73.90984458663883,"The Department of Environment Protection inspected your complaint but could not find the problem you reported. If the condition persists, please call 311 (or 212-639-9675 if calling from a non-New York City area code) with more detailed information to submit a new complaint.",Naturally Receded (Unobserved),1.1166666666666667
61619344,2024-06-27 12:26:00,2024-06-27 14:00:00,Sewer,Street Flooding (SJ),21-57 45 ROAD,45 ROAD,21 ST,23 ST,QUEENS,11101,40.746595832296876,-73.94740280354085,"The Department of Environment Protection inspected your complaint but could not find the problem you reported. If the condition persists, please call 311 (or 212-639-9675 if calling from a non-New York City area code) with more detailed information to submit a new complaint.",Naturally Receded (Unobserved),1.5666666666666667
61623900,2024-06-27 11:53:00,2024-06-27 14:45:00,Sewer,Street Flooding (SJ),71-33 170 STREET,170 STREET,71 AVE,73 AVE,QUEENS,11365,40.72966588807979,-73.79966964698599,"The Department of Environment Protection inspected your complaint but could not find the problem you reported. If the condition persists, please call 311 (or 212-639-9675 if calling from a non-New York City area code) with more detailed information to submit a new complaint.",Naturally Receded (Unobserved),2.8666666666666667
61616434,2024-06-26 10:29:00,2024-06-26 11:40:00,Sewer,Street Flooding (SJ),21-57 45 ROAD,45 ROAD,21 ST,23 ST,QUEENS,11101,40.746595832296876,-73.94740280354085,"The Department of Environment Protection inspected your complaint but could not find the problem you reported. If the condition persists, please call 311 (or 212-639-9675 if calling from a non-New York City area code) with more detailed information to submit a new complaint.",Naturally Receded (Unobserved),1.1833333333333333
61583445,2024-06-24 13:05:00,2024-06-24 14:55:00,Sewer,Street Flooding (SJ),15-06 132 STREET,132 STREET,15 AVE,20 AVE,QUEENS,11356,40.78418250766443,-73.83639940762853,"The Department of Environment Protection inspected your complaint but could not find the problem you reported. If the condition persists, please call 311 (or 212-639-9675 if calling from a non-New York City area code) with more detailed information to submit a new complaint.",Naturally Receded (Unobserved),1.8333333333333333
61588098,2024-06-24 09:44:00,2024-06-24 10:20:00,Sewer,Street Flooding (SJ),,,,,BROOKLYN,11230,40.61691129956514,-73.96266205177518,"The Department of Environment Protection inspected your complaint but could not find the problem you reported. If the condition persists, please call 311 (or 212-639-9675 if calling from a non-New York City area code) with more detailed information to submit a new complaint.",Naturally Receded (Unobserved),0.6
61578397,2024-06-23 20:53:00,2024-06-24 02:45:00,Sewer,Street Flooding (SJ),,,,,QUEENS,11101,40.75163936495351,-73.90984458663883,"The Department of Environment Protection inspected your complaint but could not find the problem you reported. If the condition persists, please call 311 (or 212-639-9675 if calling from a non-New York City area code) with more detailed information to submit a new complaint.",Naturally Receded (Unobserved),5.866666666666666
61580919,2024-06-23 12:41:00,2024-06-23 14:00:00,Sewer,Street Flooding (SJ),230 NAPLES TERRACE,NAPLES TERRACE,BROADWAY,GODWIN TER,BRONX,10463,40.879830615819515,-73.9052481373478,"The Department of Environment Protection inspected your complaint but could not find the problem you reported. If the condition persists, please call 311 (or 212-639-9675 if calling from a non-New York City area code) with more detailed information to submit a new complaint.",Naturally Receded (Unobserved),1.3166666666666667
61575974,2024-06-23 12:41:00,2024-06-23 13:30:00,Sewer,Street Flooding (SJ),,,,,MANHATTAN,10037,40.80958115130157,-73.93994762874954,"The Department of Environment Protection inspected your complaint but could not find the problem you reported. If the condition persists, please call 311 (or 212-639-9675 if calling from a non-New York City area code) with more detailed information to submit a new complaint.",Naturally Receded (Unobserved),0.8166666666666667
61549218,2024-06-20 12:56:00,2024-06-20 14:20:00,Sewer,Street Flooding (SJ),107-45 105 STREET,105 STREET,107 AVE,ROCKAWAY BLVD,QUEENS,11417,40.680574449709944,-73.83524747703414,"The Department of Environment Protection inspected your complaint but could not find the problem you reported. If the condition persists, please call 311 (or 212-639-9675 if calling from a non-New York City area code) with more detailed information to submit a new complaint.",Naturally Receded (Unobserved),1.4
61519635,2024-06-18 16:20:00,2024-06-18 17:15:00,Sewer,Street Flooding (SJ),8512 AVENUE J,AVENUE J,E 85 ST,E 86 ST,BROOKLYN,11236,40.636327075532925,-73.90760076921931,"The Department of Environment Protection inspected your complaint but could not find the problem you reported. If the condition persists, please call 311 (or 212-639-9675 if calling from a non-New York City area code) with more detailed information to submit a new complaint.",Naturally Receded (Unobserved),0.9166666666666666
61495243,2024-06-15 18:38:00,2024-06-16 01:45:00,Sewer,Street Flooding (SJ),206-10 86 ROAD,86 ROAD,204 ST,208 ST,QUEENS,11427,40.72372661150304,-73.76235453152357,"The Department of Environment Protection inspected your complaint but could not find the problem you reported. If the condition persists, please call 311 (or 212-639-9675 if calling from a non-New York City area code) with more detailed information to submit a new complaint.",Naturally Receded (Unobserved),7.116666666666666
61488244,2024-06-15 00:20:00,2024-06-15 04:10:00,Sewer,Street Flooding (SJ),1355 HALSEY STREET,HALSEY STREET,IRVING AVE,WYCKOFF AVE,BROOKLYN,11237,40.69515461144569,-73.90597218610505,"The Department of Environment Protection inspected your complaint but could not find the problem you reported. If the condition persists, please call 311 (or 212-639-9675 if calling from a non-New York City area code) with more detailed information to submit a new complaint.",Naturally Receded (Unobserved),3.8333333333333335
61475599,2024-06-14 19:56:00,2024-06-14 21:30:00,Sewer,Street Flooding (SJ),,,,,BROOKLYN,11207,40.657655149757396,-73.87916680006359,"The Department of Environment Protection inspected your complaint but could not find the problem you reported. If the condition persists, please call 311 (or 212-639-9675 if calling from a non-New York City area code) with more detailed information to submit a new complaint.",Naturally Receded (Unobserved),1.5666666666666667
61479319,2024-06-14 19:26:00,2024-06-14 22:00:00,Sewer,Street Flooding (SJ),2621 AVENUE M,AVENUE M,E 26 ST,E 27 ST,BROOKLYN,11210,40.61922541198909,-73.94902685345541,"The Department of Environment Protection inspected your complaint but could not find the problem you reported. If the condition persists, please call 311 (or 212-639-9675 if calling from a non-New York City area code) with more detailed information to submit a new complaint.",Naturally Receded (Unobserved),2.566666666666667
61482996,2024-06-14 19:11:00,2024-06-14 20:10:00,Sewer,Street Flooding (SJ),1406 86 STREET,86 STREET,14 AVE,BAY 7 ST,BROOKLYN,11228,40.61259373902813,-74.01149672188801,"The Department of Environment Protection inspected your complaint but could not find the problem you reported. If the condition persists, please call 311 (or 212-639-9675 if calling from a non-New York City area code) with more detailed information to submit a new complaint.",Naturally Receded (Unobserved),0.9833333333333333
61478060,2024-06-14 11:56:00,2024-06-14 19:20:00,Sewer,Street Flooding (SJ),1365 HALSEY STREET,HALSEY STREET,IRVING AVE,WYCKOFF AVE,BROOKLYN,11237,40.695338363340475,-73.90579161686371,"The Department of Environment Protection inspected your complaint but could not find the problem you reported. If the condition persists, please call 311 (or 212-639-9675 if calling from a non-New York City area code) with more detailed information to submit a new complaint.",Naturally Receded (Unobserved),7.4
61465885,2024-06-13 16:05:00,2024-06-13 17:10:00,Sewer,Street Flooding (SJ),AMSTERDAM AVENUE,AMSTERDAM AVENUE,WEST  104 STREET,WEST  105 STREET,MANHATTAN,10025,,,"The Department of Environment Protection inspected your complaint but could not find the problem you reported. If the condition persists, please call 311 (or 212-639-9675 if calling from a non-New York City area code) with more detailed information to submit a new complaint.",Naturally Receded (Unobserved),1.0833333333333333
61470000,2024-06-13 15:11:00,2024-06-13 16:55:00,Sewer,Street Flooding (SJ),,,,,MANHATTAN,10002,40.71692484092848,-73.98321491747782,"The Department of Environment Protection inspected your complaint but could not find the problem you reported. If the condition persists, please call 311 (or 212-639-9675 if calling from a non-New York City area code) with more detailed information to submit a new complaint.",Naturally Receded (Unobserved),1.7333333333333334
61465887,2024-06-13 11:29:00,2024-06-13 14:05:00,Sewer,Street Flooding (SJ),2950 WEST   33 STREET,WEST   33 STREET,MERMAID AVE,SURF AVE,BROOKLYN,11224,40.57377461803691,-73.99936646394328,"The Department of Environment Protection inspected your complaint but could not find the problem you reported. If the condition persists, please call 311 (or 212-639-9675 if calling from a non-New York City area code) with more detailed information to submit a new complaint.",Naturally Receded (Unobserved),2.6
61432191,2024-06-10 11:14:00,2024-06-10 12:15:00,Sewer,Street Flooding (SJ),70-47 67 STREET,67 STREET,70 AVE,CENTRAL AVE,QUEENS,11385,40.703918528655244,-73.88747565890536,"The Department of Environment Protection inspected your complaint but could not find the problem you reported. If the condition persists, please call 311 (or 212-639-9675 if calling from a non-New York City area code) with more detailed information to submit a new complaint.",Naturally Receded (Unobserved),1.0166666666666666
61400079,2024-06-07 13:08:00,2024-06-07 14:20:00,Sewer,Street Flooding (SJ),1852 FLUSHING AVENUE,FLUSHING AVENUE,ONDERDONK AVE,CHARLOTTE ST,QUEENS,11385,40.711545828367996,-73.91977860292555,"The Department of Environment Protection inspected your complaint but could not find the problem you reported. If the condition persists, please call 311 (or 212-639-9675 if calling from a non-New York City area code) with more detailed information to submit a new complaint.",Naturally Receded (Unobserved),1.2
61387967,2024-06-06 22:23:00,2024-06-07 09:05:00,Sewer,Street Flooding (SJ),164-23 77 AVENUE,77 AVENUE,164 ST,166 ST,QUEENS,11366,40.724458321072575,-73.8040182506466,"The Department of Environment Protection inspected your complaint but could not find the problem you reported. If the condition persists, please call 311 (or 212-639-9675 if calling from a non-New York City area code) with more detailed information to submit a new complaint.",Naturally Receded (Unobserved),10.7
61387966,2024-06-06 11:53:00,2024-06-06 14:00:00,Sewer,Street Flooding (SJ),144-49 COOLIDGE AVENUE,COOLIDGE AVENUE,DANIELS ST,SMEDLEY ST,QUEENS,11435,40.71496012956585,-73.81483913055519,"The Department of Environment Protection inspected your complaint but could not find the problem you reported. If the condition persists, please call 311 (or 212-639-9675 if calling from a non-New York City area code) with more detailed information to submit a new complaint.",Naturally Receded (Unobserved),2.1166666666666667
61385047,2024-06-05 12:08:00,2024-06-05 13:35:00,Sewer,Street Flooding (SJ),,,,,QUEENS,11375,40.71944057228103,-73.84525603649531,"The Department of Environment Protection inspected your complaint but could not find the problem you reported. If the condition persists, please call 311 (or 212-639-9675 if calling from a non-New York City area code) with more detailed information to submit a new complaint.",Naturally Receded (Unobserved),1.45
61343573,2024-06-02 15:32:00,2024-06-02 16:40:00,Sewer,Street Flooding (SJ),62 MONROE STREET,MONROE STREET,MARKET ST,MECHANICS ALLY,MANHATTAN,10002,40.71165045302038,-73.99355414380949,"The Department of Environment Protection inspected your complaint but could not find the problem you reported. If the condition persists, please call 311 (or 212-639-9675 if calling from a non-New York City area code) with more detailed information to submit a new complaint.",Naturally Receded (Unobserved),1.1333333333333333
61343574,2024-06-02 08:47:00,2024-06-02 13:40:00,Sewer,Street Flooding (SJ),1139 PROSPECT AVENUE,PROSPECT AVENUE,11 AVE,TERRACE PL,BROOKLYN,11218,40.655701582866364,-73.97667093717519,"The Department of Environment Protection inspected your complaint but could not find the problem you reported. If the condition persists, please call 311 (or 212-639-9675 if calling from a non-New York City area code) with more detailed information to submit a new complaint.",Naturally Receded (Unobserved),4.883333333333334
61325786,2024-05-31 17:26:00,2024-06-01 02:30:00,Sewer,Street Flooding (SJ),33-18 60 STREET,60 STREET,NORTHERN BLVD,59 ST,QUEENS,11377,40.753178578795044,-73.90238562120672,"The Department of Environment Protection inspected your complaint but could not find the problem you reported. If the condition persists, please call 311 (or 212-639-9675 if calling from a non-New York City area code) with more detailed information to submit a new complaint.",Naturally Receded (Unobserved),9.066666666666666
61320074,2024-05-31 16:37:00,2024-06-01 03:00:00,Sewer,Street Flooding (SJ),21-57 45 ROAD,45 ROAD,21 ST,23 ST,QUEENS,11101,40.746595832296876,-73.94740280354085,"The Department of Environment Protection inspected your complaint but could not find the problem you reported. If the condition persists, please call 311 (or 212-639-9675 if calling from a non-New York City area code) with more detailed information to submit a new complaint.",Naturally Receded (Unobserved),10.383333333333333
61316174,2024-05-30 22:32:00,2024-05-31 02:10:00,Sewer,Street Flooding (SJ),164-23 77 AVENUE,77 AVENUE,164 ST,166 ST,QUEENS,11366,40.724458321072575,-73.8040182506466,"The Department of Environment Protection inspected your complaint but could not find the problem you reported. If the condition persists, please call 311 (or 212-639-9675 if calling from a non-New York City area code) with more detailed information to submit a new complaint.",Naturally Receded (Unobserved),3.6333333333333333
61313521,2024-05-30 16:32:00,2024-05-31 02:35:00,Sewer,Street Flooding (SJ),23-02 FRANCIS LEWIS BOULEVARD,FRANCIS LEWIS BOULEVARD,23 AVE,24 AVE,QUEENS,11357,40.776609708349284,-73.79984254468623,"The Department of Environment Protection inspected your complaint but could not find the problem you reported. If the condition persists, please call 311 (or 212-639-9675 if calling from a non-New York City area code) with more detailed information to submit a new complaint.",Naturally Receded (Unobserved),10.05
61317456,2024-05-30 11:17:00,2024-05-30 12:20:00,Sewer,Street Flooding (SJ),347 KOSCIUSZKO STREET,KOSCIUSZKO STREET,THROOP AVE,MARCUS GARVEY BLVD,BROOKLYN,11221,40.691815585282285,-73.94105616716581,"The Department of Environment Protection inspected your complaint but could not find the problem you reported. If the condition persists, please call 311 (or 212-639-9675 if calling from a non-New York City area code) with more detailed information to submit a new complaint.",Naturally Receded (Unobserved),1.05
61317458,2024-05-30 09:11:00,2024-05-30 13:55:00,Sewer,Street Flooding (SJ),150 EAST   72 STREET,EAST   72 STREET,LEXINGTON AVE,3 AVE,MANHATTAN,10021,40.77026396672121,-73.96185041271355,"The Department of Environment Protection inspected your complaint but could not find the problem you reported. If the condition persists, please call 311 (or 212-639-9675 if calling from a non-New York City area code) with more detailed information to submit a new complaint.",Naturally Receded (Unobserved),4.733333333333333
61303963,2024-05-29 22:38:00,2024-05-30 08:40:00,Sewer,Street Flooding (SJ),90 LAUREL HILL TERRACE,LAUREL HILL TERRACE,WASHINGTON BR PED AND BIKE PATH,W 186 ST,MANHATTAN,10033,40.85028931248172,-73.92785618030257,"The Department of Environment Protection inspected your complaint but could not find the problem you reported. If the condition persists, please call 311 (or 212-639-9675 if calling from a non-New York City area code) with more detailed information to submit a new complaint.",Naturally Receded (Unobserved),10.033333333333333
61292896,2024-05-28 10:11:00,2024-05-28 11:35:00,Sewer,Street Flooding (SJ),3 TIMES SQUARE,TIMES SQUARE,W 42 ST,W 43 ST,MANHATTAN,10036,40.756375630414304,-73.98671341463543,"The Department of Environment Protection inspected your complaint but could not find the problem you reported. If the condition persists, please call 311 (or 212-639-9675 if calling from a non-New York City area code) with more detailed information to submit a new complaint.",Naturally Receded (Unobserved),1.4
61285983,2024-05-27 20:56:00,2024-05-27 21:40:00,Sewer,Street Flooding (SJ),4525 BROADWAY,BROADWAY,W 193 ST,HILLSIDE AVE,MANHATTAN,10040,40.858701368561164,-73.93161033161068,"The Department of Environment Protection inspected your complaint but could not find the problem you reported. If the condition persists, please call 311 (or 212-639-9675 if calling from a non-New York City area code) with more detailed information to submit a new complaint.",Naturally Receded (Unobserved),0.7333333333333333
61285071,2024-05-27 07:41:00,2024-05-27 11:25:00,Sewer,Street Flooding (SJ),111-20 73 AVENUE,73 AVENUE,QUEENS BLVD,112 ST,QUEENS,11375,40.719417376197356,-73.83836214141155,"The Department of Environment Protection inspected your complaint but could not find the problem you reported. If the condition persists, please call 311 (or 212-639-9675 if calling from a non-New York City area code) with more detailed information to submit a new complaint.",Naturally Receded (Unobserved),3.7333333333333334
61278740,2024-05-26 09:11:00,2024-05-26 10:00:00,Sewer,Street Flooding (SJ),11 MONTANA PLACE,MONTANA PLACE,ARKANSAS DR,NATIONAL DR,BROOKLYN,11234,40.60654533565309,-73.9033671190142,"The Department of Environment Protection inspected your complaint but could not find the problem you reported. If the condition persists, please call 311 (or 212-639-9675 if calling from a non-New York City area code) with more detailed information to submit a new complaint.",Naturally Receded (Unobserved),0.8166666666666667
61251195,2024-05-24 13:35:00,2024-05-24 14:25:00,Sewer,Street Flooding (SJ),24-15 36 STREET,36 STREET,24 AVE,ASTORIA BLVD N,QUEENS,11103,40.77036096067958,-73.91301432603288,"The Department of Environment Protection inspected your complaint but could not find the problem you reported. If the condition persists, please call 311 (or 212-639-9675 if calling from a non-New York City area code) with more detailed information to submit a new complaint.",Naturally Receded (Unobserved),0.8333333333333334
61249907,2024-05-23 21:02:00,2024-05-24 08:40:00,Sewer,Street Flooding (SJ),463 WILLOW ROAD EAST,WILLOW ROAD EAST,BEND,NINA AVE,STATEN ISLAND,10314,40.613465064223064,-74.1523084172063,"The Department of Environment Protection inspected your complaint but could not find the problem you reported. If the condition persists, please call 311 (or 212-639-9675 if calling from a non-New York City area code) with more detailed information to submit a new complaint.",Naturally Receded (Unobserved),11.633333333333333
61241022,2024-05-23 11:32:00,2024-05-23 13:30:00,Sewer,Street Flooding (SJ),479 WILLOW ROAD EAST,WILLOW ROAD EAST,BEND,NINA AVE,STATEN ISLAND,10314,40.612765671910715,-74.15190702783201,"The Department of Environment Protection inspected your complaint but could not find the problem you reported. If the condition persists, please call 311 (or 212-639-9675 if calling from a non-New York City area code) with more detailed information to submit a new complaint.",Naturally Receded (Unobserved),1.9666666666666666
61235595,2024-05-22 20:50:00,2024-05-22 22:15:00,Sewer,Street Flooding (SJ),58 BAY   17 STREET,BAY   17 STREET,86 ST,BENSON AVE,BROOKLYN,11214,40.6066819384936,-74.00448735806883,"The Department of Environment Protection inspected your complaint but could not find the problem you reported. If the condition persists, please call 311 (or 212-639-9675 if calling from a non-New York City area code) with more detailed information to submit a new complaint.",Naturally Receded (Unobserved),1.4166666666666667
61239630,2024-05-22 19:11:00,2024-05-22 20:55:00,Sewer,Street Flooding (SJ),1342 43 STREET,43 STREET,13 AVE,14 AVE,BROOKLYN,11219,40.637779845421306,-73.98763780055123,"The Department of Environment Protection inspected your complaint but could not find the problem you reported. If the condition persists, please call 311 (or 212-639-9675 if calling from a non-New York City area code) with more detailed information to submit a new complaint.",Naturally Receded (Unobserved),1.7333333333333334
61183692,2024-05-17 15:59:00,2024-05-18 01:35:00,Sewer,Street Flooding (SJ),,,,,QUEENS,11105,40.778276822073835,-73.90606423273992,"The Department of Environment Protection inspected your complaint but could not find the problem you reported. If the condition persists, please call 311 (or 212-639-9675 if calling from a non-New York City area code) with more detailed information to submit a new complaint.",Naturally Receded (Unobserved),9.6
61170864,2024-05-16 22:41:00,2024-05-17 08:45:00,Sewer,Street Flooding (SJ),1057 SHELDON AVENUE,SHELDON AVENUE,LENEVAR AVE,MAGUIRE AVE,STATEN ISLAND,10309,40.53754232794128,-74.21049716338348,"The Department of Environment Protection inspected your complaint but could not find the problem you reported. If the condition persists, please call 311 (or 212-639-9675 if calling from a non-New York City area code) with more detailed information to submit a new complaint.",Naturally Receded (Unobserved),10.066666666666666
61170865,2024-05-16 17:14:00,2024-05-16 18:01:00,Sewer,Street Flooding (SJ),79-09 ROCKAWAY BOULEVARD,ROCKAWAY BOULEVARD,79 ST,80 ST,QUEENS,11421,40.68490160020952,-73.86127311863983,"The Department of Environment Protection inspected your complaint but could not find the problem you reported. If the condition persists, please call 311 (or 212-639-9675 if calling from a non-New York City area code) with more detailed information to submit a new complaint.",Naturally Receded (Unobserved),0.7833333333333333
61174672,2024-05-16 11:35:00,2024-05-16 12:45:00,Sewer,Street Flooding (SJ),75-56 188 STREET,188 STREET,75 AVE,UNION TPKE,QUEENS,11366,40.73015457759122,-73.78162049013869,"The Department of Environment Protection inspected your complaint but could not find the problem you reported. If the condition persists, please call 311 (or 212-639-9675 if calling from a non-New York City area code) with more detailed information to submit a new complaint.",Naturally Receded (Unobserved),1.1666666666666667
61161798,2024-05-15 19:44:00,2024-05-15 22:00:00,Sewer,Street Flooding (SJ),956 EAST   82 STREET,EAST   82 STREET,FLATLANDS AVE,AVENUE J,BROOKLYN,11236,40.63555281925215,-73.91079047060188,"The Department of Environment Protection inspected your complaint but could not find the problem you reported. If the condition persists, please call 311 (or 212-639-9675 if calling from a non-New York City area code) with more detailed information to submit a new complaint.",Naturally Receded (Unobserved),2.2666666666666666
61160673,2024-05-15 17:05:00,2024-05-15 19:45:00,Sewer,Street Flooding (SJ),3 TIMES SQUARE,TIMES SQUARE,W 42 ST,W 43 ST,MANHATTAN,10036,40.756375630414304,-73.98671341463543,"The Department of Environment Protection inspected your complaint but could not find the problem you reported. If the condition persists, please call 311 (or 212-639-9675 if calling from a non-New York City area code) with more detailed information to submit a new complaint.",Naturally Receded (Unobserved),2.6666666666666665
61162921,2024-05-15 17:02:00,2024-05-15 20:10:00,Sewer,Street Flooding (SJ),691 8 AVENUE,8 AVENUE,W 43 ST,W 44 ST,MANHATTAN,10036,40.758250538139706,-73.98906289410583,"The Department of Environment Protection inspected your complaint but could not find the problem you reported. If the condition persists, please call 311 (or 212-639-9675 if calling from a non-New York City area code) with more detailed information to submit a new complaint.",Naturally Receded (Unobserved),3.1333333333333333
61160672,2024-05-15 09:38:00,2024-05-15 10:45:00,Sewer,Street Flooding (SJ),,,,,MANHATTAN,10280,40.710079463559495,-74.01638298206908,"The Department of Environment Protection inspected your complaint but could not find the problem you reported. If the condition persists, please call 311 (or 212-639-9675 if calling from a non-New York City area code) with more detailed information to submit a new complaint.",Naturally Receded (Unobserved),1.1166666666666667
61143124,2024-05-13 21:08:00,2024-05-13 23:15:00,Sewer,Street Flooding (SJ),,,,,QUEENS,11367,40.72804011816385,-73.83170615873696,"The Department of Environment Protection inspected your complaint but could not find the problem you reported. If the condition persists, please call 311 (or 212-639-9675 if calling from a non-New York City area code) with more detailed information to submit a new complaint.",Naturally Receded (Unobserved),2.1166666666666667
61140656,2024-05-13 18:56:00,2024-05-14 02:00:00,Sewer,Street Flooding (SJ),40-25 FORLEY STREET,FORLEY STREET,BEND,BRITTON AVE,QUEENS,11373,40.74759169899041,-73.88059525920839,"The Department of Environment Protection inspected your complaint but could not find the problem you reported. If the condition persists, please call 311 (or 212-639-9675 if calling from a non-New York City area code) with more detailed information to submit a new complaint.",Naturally Receded (Unobserved),7.066666666666666
61141839,2024-05-13 10:11:00,2024-05-13 12:20:00,Sewer,Street Flooding (SJ),418 MADISON STREET,MADISON STREET,TOMPKINS AVE,THROOP AVE,BROOKLYN,11221,40.6857061626414,-73.94191611370692,"The Department of Environment Protection inspected your complaint but could not find the problem you reported. If the condition persists, please call 311 (or 212-639-9675 if calling from a non-New York City area code) with more detailed information to submit a new complaint.",Naturally Receded (Unobserved),2.15
61141840,2024-05-13 08:41:00,2024-05-13 11:35:00,Sewer,Street Flooding (SJ),919 LINDEN BOULEVARD,LINDEN BOULEVARD,E 57 ST,E 58 ST,BROOKLYN,11203,40.654245791021005,-73.92358843604032,"The Department of Environment Protection inspected your complaint but could not find the problem you reported. If the condition persists, please call 311 (or 212-639-9675 if calling from a non-New York City area code) with more detailed information to submit a new complaint.",Naturally Receded (Unobserved),2.9
61121817,2024-05-10 06:05:00,2024-05-10 09:40:00,Sewer,Street Flooding (SJ),132 KENNINGTON STREET,KENNINGTON STREET,GREAVES AVE,MILES AVE,STATEN ISLAND,10308,40.558804537879226,-74.15058952154136,"The Department of Environment Protection inspected your complaint but could not find the problem you reported. If the condition persists, please call 311 (or 212-639-9675 if calling from a non-New York City area code) with more detailed information to submit a new complaint.",Naturally Receded (Unobserved),3.5833333333333335
61112254,2024-05-09 13:38:00,2024-05-09 19:05:00,Sewer,Street Flooding (SJ),3950 10 AVENUE,10 AVENUE,W 211 ST,W 212 ST,MANHATTAN,10034,40.86712348733807,-73.91698413521577,"The Department of Environment Protection inspected your complaint but could not find the problem you reported. If the condition persists, please call 311 (or 212-639-9675 if calling from a non-New York City area code) with more detailed information to submit a new complaint.",Naturally Receded (Unobserved),5.45
61097100,2024-05-08 11:32:00,2024-05-08 13:40:00,Sewer,Street Flooding (SJ),,,,,QUEENS,11368,40.74996679038759,-73.8617511818965,"The Department of Environment Protection inspected your complaint but could not find the problem you reported. If the condition persists, please call 311 (or 212-639-9675 if calling from a non-New York City area code) with more detailed information to submit a new complaint.",Naturally Receded (Unobserved),2.1333333333333333
61099599,2024-05-08 11:29:00,2024-05-08 12:40:00,Sewer,Street Flooding (SJ),43-09 34 STREET,34 STREET,43 AVE,QUEENS BLVD,QUEENS,11101,40.745969282098415,-73.9304629274157,"The Department of Environment Protection inspected your complaint but could not find the problem you reported. If the condition persists, please call 311 (or 212-639-9675 if calling from a non-New York City area code) with more detailed information to submit a new complaint.",Naturally Receded (Unobserved),1.1833333333333333
61103607,2024-05-08 08:41:00,2024-05-08 10:10:00,Sewer,Street Flooding (SJ),154-10 POWELLS COVE BOULEVARD,POWELLS COVE BOULEVARD,154 PL,157 ST,QUEENS,11357,40.794656016412866,-73.80605439307254,"The Department of Environment Protection inspected your complaint but could not find the problem you reported. If the condition persists, please call 311 (or 212-639-9675 if calling from a non-New York City area code) with more detailed information to submit a new complaint.",Naturally Receded (Unobserved),1.4833333333333334
61072304,2024-05-06 15:14:00,2024-05-06 17:10:00,Sewer,Street Flooding (SJ),120 WEST   83 STREET,WEST   83 STREET,COLUMBUS AVE,AMSTERDAM AVE,MANHATTAN,10024,40.78488042370463,-73.97443376863272,"The Department of Environment Protection inspected your complaint but could not find the problem you reported. If the condition persists, please call 311 (or 212-639-9675 if calling from a non-New York City area code) with more detailed information to submit a new complaint.",Naturally Receded (Unobserved),1.9333333333333333
61067185,2024-05-05 15:17:00,2024-05-05 17:05:00,Sewer,Street Flooding (SJ),1500 BROADWAY,BROADWAY,W 43 ST,W 44 ST,MANHATTAN,10036,40.7568558730713,-73.98597336511823,"The Department of Environment Protection inspected your complaint but could not find the problem you reported. If the condition persists, please call 311 (or 212-639-9675 if calling from a non-New York City area code) with more detailed information to submit a new complaint.",Naturally Receded (Unobserved),1.8
61040564,2024-05-02 14:56:00,2024-05-03 02:40:00,Sewer,Street Flooding (SJ),67-43 EXETER STREET,EXETER STREET,YELLOWSTONE BLVD,68 AVE,QUEENS,11375,40.72030449364902,-73.85528664387327,"The Department of Environment Protection inspected your complaint but could not find the problem you reported. If the condition persists, please call 311 (or 212-639-9675 if calling from a non-New York City area code) with more detailed information to submit a new complaint.",Naturally Receded (Unobserved),11.733333333333333
61032845,2024-05-01 16:41:00,2024-05-01 19:00:00,Sewer,Street Flooding (SJ),745 7 AVENUE,7 AVENUE,W 49 ST,W 50 ST,MANHATTAN,10019,40.760604881971254,-73.98361180988199,"The Department of Environment Protection inspected your complaint but could not find the problem you reported. If the condition persists, please call 311 (or 212-639-9675 if calling from a non-New York City area code) with more detailed information to submit a new complaint.",Naturally Receded (Unobserved),2.316666666666667
61006471,2024-04-29 21:17:00,2024-04-30 02:15:00,Sewer,Street Flooding (SJ),133-52 CENTREVILLE STREET,CENTREVILLE STREET,133 AVE,LINDEN BLVD,QUEENS,11417,40.67587623489574,-73.8358395130429,"The Department of Environment Protection inspected your complaint but could not find the problem you reported. If the condition persists, please call 311 (or 212-639-9675 if calling from a non-New York City area code) with more detailed information to submit a new complaint.",Naturally Receded (Unobserved),4.966666666666667
60986616,2024-04-26 06:20:00,2024-04-26 13:55:00,Sewer,Street Flooding (SJ),74-99 BROADWAY,BROADWAY,74 ST,75 ST,QUEENS,11373,40.74630054341664,-73.89051499958333,"The Department of Environment Protection inspected your complaint but could not find the problem you reported. If the condition persists, please call 311 (or 212-639-9675 if calling from a non-New York City area code) with more detailed information to submit a new complaint.",Naturally Receded (Unobserved),7.583333333333333
60960986,2024-04-24 21:32:00,2024-04-25 07:50:00,Sewer,Street Flooding (SJ),11 MONTANA PLACE,MONTANA PLACE,ARKANSAS DR,NATIONAL DR,BROOKLYN,11234,40.60654533565309,-73.9033671190142,"The Department of Environment Protection inspected your complaint but could not find the problem you reported. If the condition persists, please call 311 (or 212-639-9675 if calling from a non-New York City area code) with more detailed information to submit a new complaint.",Naturally Receded (Unobserved),10.3
60958638,2024-04-23 23:44:00,2024-04-24 09:00:00,Sewer,Street Flooding (SJ),4018 GLENWOOD ROAD,GLENWOOD ROAD,E 40 ST,ALBANY AVE,BROOKLYN,11210,40.63459903803167,-73.93796856306176,"The Department of Environment Protection inspected your complaint but could not find the problem you reported. If the condition persists, please call 311 (or 212-639-9675 if calling from a non-New York City area code) with more detailed information to submit a new complaint.",Naturally Receded (Unobserved),9.266666666666667
60937647,2024-04-21 22:56:00,2024-04-22 01:55:00,Sewer,Street Flooding (SJ),,,,,MANHATTAN,10036,40.7591997120635,-73.98461925002192,"The Department of Environment Protection inspected your complaint but could not find the problem you reported. If the condition persists, please call 311 (or 212-639-9675 if calling from a non-New York City area code) with more detailed information to submit a new complaint.",Naturally Receded (Unobserved),2.9833333333333334
60911966,2024-04-18 08:53:00,2024-04-18 14:55:00,Sewer,Street Flooding (SJ),172-39 HIGHLAND AVENUE,HIGHLAND AVENUE,KINGSTON PL,AVA PL,QUEENS,11432,40.71338015366497,-73.78984933362548,"The Department of Environment Protection inspected your complaint but could not find the problem you reported. If the condition persists, please call 311 (or 212-639-9675 if calling from a non-New York City area code) with more detailed information to submit a new complaint.",Naturally Receded (Unobserved),6.033333333333333
60898057,2024-04-17 14:05:00,2024-04-17 14:50:00,Sewer,Street Flooding (SJ),,,,,MANHATTAN,10030,40.81463357258795,-73.9441915634961,"The Department of Environment Protection inspected your complaint but could not find the problem you reported. If the condition persists, please call 311 (or 212-639-9675 if calling from a non-New York City area code) with more detailed information to submit a new complaint.",Naturally Receded (Unobserved),0.75
60894428,2024-04-17 11:41:00,2024-04-17 12:20:00,Sewer,Street Flooding (SJ),1815 GATES AVENUE,GATES AVENUE,SENECA AVE,ONDERDONK AVE,QUEENS,11385,40.70357454460428,-73.90811347854392,"The Department of Environment Protection inspected your complaint but could not find the problem you reported. If the condition persists, please call 311 (or 212-639-9675 if calling from a non-New York City area code) with more detailed information to submit a new complaint.",Naturally Receded (Unobserved),0.65
60882295,2024-04-16 18:29:00,2024-04-17 03:20:00,Sewer,Street Flooding (SJ),86-45 SANTIAGO STREET,SANTIAGO STREET,SOHO DR,BEND,QUEENS,11423,40.71904117248365,-73.77457900116576,"The Department of Environment Protection inspected your complaint but could not find the problem you reported. If the condition persists, please call 311 (or 212-639-9675 if calling from a non-New York City area code) with more detailed information to submit a new complaint.",Naturally Receded (Unobserved),8.85
60889132,2024-04-16 11:59:00,2024-04-16 12:30:00,Sewer,Street Flooding (SJ),940 MANHATTAN AVENUE,MANHATTAN AVENUE,KENT ST,JAVA ST,BROOKLYN,11222,40.731373691118655,-73.95444349600963,"The Department of Environment Protection inspected your complaint but could not find the problem you reported. If the condition persists, please call 311 (or 212-639-9675 if calling from a non-New York City area code) with more detailed information to submit a new complaint.",Naturally Receded (Unobserved),0.5166666666666667
60873111,2024-04-15 16:47:00,2024-04-15 21:40:00,Sewer,Street Flooding (SJ),3950 10 AVENUE,10 AVENUE,W 211 ST,W 212 ST,MANHATTAN,10034,40.86712348733807,-73.91698413521577,"The Department of Environment Protection inspected your complaint but could not find the problem you reported. If the condition persists, please call 311 (or 212-639-9675 if calling from a non-New York City area code) with more detailed information to submit a new complaint.",Naturally Receded (Unobserved),4.883333333333334
60850340,2024-04-13 22:05:00,2024-04-14 01:45:00,Sewer,Street Flooding (SJ),45-15 11 STREET,11 STREET,45 AVE,45 RD,QUEENS,11101,40.74734904125931,-73.94997904619038,"The Department of Environment Protection inspected your complaint but could not find the problem you reported. If the condition persists, please call 311 (or 212-639-9675 if calling from a non-New York City area code) with more detailed information to submit a new complaint.",Naturally Receded (Unobserved),3.6666666666666665
60846483,2024-04-12 21:29:00,2024-04-13 04:35:00,Sewer,Street Flooding (SJ),,,,,MANHATTAN,10023,40.771780755176884,-73.9791936146363,"The Department of Environment Protection inspected your complaint but could not find the problem you reported. If the condition persists, please call 311 (or 212-639-9675 if calling from a non-New York City area code) with more detailed information to submit a new complaint.",Naturally Receded (Unobserved),7.1
60810264,2024-04-08 10:23:00,2024-04-08 11:15:00,Sewer,Street Flooding (SJ),5912 19 AVENUE,19 AVENUE,59 ST,60 ST,BROOKLYN,11204,40.6211597849803,-73.98463304827399,"The Department of Environment Protection inspected your complaint but could not find the problem you reported. If the condition persists, please call 311 (or 212-639-9675 if calling from a non-New York City area code) with more detailed information to submit a new complaint.",Naturally Receded (Unobserved),0.8666666666666667
60805402,2024-04-08 09:08:00,2024-04-08 11:20:00,Sewer,Street Flooding (SJ),726 LIBERTY AVENUE,LIBERTY AVENUE,QUINCY AVE,OCEANSIDE AVE,STATEN ISLAND,10305,40.579225668374654,-74.0796052734869,"The Department of Environment Protection inspected your complaint but could not find the problem you reported. If the condition persists, please call 311 (or 212-639-9675 if calling from a non-New York City area code) with more detailed information to submit a new complaint.",Naturally Receded (Unobserved),2.2
60803240,2024-04-07 06:52:00,2024-04-07 11:20:00,Sewer,Street Flooding (SJ),,,,,BROOKLYN,11217,40.6863108535291,-73.97443910984222,"The Department of Environment Protection inspected your complaint but could not find the problem you reported. If the condition persists, please call 311 (or 212-639-9675 if calling from a non-New York City area code) with more detailed information to submit a new complaint.",Naturally Receded (Unobserved),4.466666666666667
60774943,2024-04-04 09:32:00,2024-04-04 10:00:00,Sewer,Street Flooding (SJ),181 MEAGHER AVENUE,MEAGHER AVENUE,HARDING AVE,LAWTON AVE,BRONX,10465,40.81721126308172,-73.81043241949021,The Department of Environmental Protection has investigated this complaint. Surcharge conditions have been confirmed due to rain intensity or volume.,Hydraulic Capacity Surcharge,0.4666666666666667
60768333,2024-04-04 07:44:00,2024-04-04 10:05:00,Sewer,Street Flooding (SJ),21-26 37 STREET,37 STREET,21 AVE,DITMARS BLVD,QUEENS,11105,40.775065452334,-73.90603265756246,"The Department of Environment Protection inspected your complaint but could not find the problem you reported. If the condition persists, please call 311 (or 212-639-9675 if calling from a non-New York City area code) with more detailed information to submit a new complaint.",Naturally Receded (Unobserved),2.35
60759493,2024-04-03 22:26:00,2024-04-04 02:35:00,Sewer,Street Flooding (SJ),196-36 COMO AVENUE,COMO AVENUE,KENO AVE,PINTO ST,QUEENS,11423,40.7221248449684,-73.769687404965,"The Department of Environment Protection inspected your complaint but could not find the problem you reported. If the condition persists, please call 311 (or 212-639-9675 if calling from a non-New York City area code) with more detailed information to submit a new complaint.",Naturally Receded (Unobserved),4.15
60765797,2024-04-03 20:20:00,2024-04-04 04:40:00,Sewer,Street Flooding (SJ),41-16 47 STREET,47 STREET,SKILLMAN AVE,43 AVE,QUEENS,11104,40.746193781023806,-73.9171528706801,"The Department of Environment Protection inspected your complaint but could not find the problem you reported. If the condition persists, please call 311 (or 212-639-9675 if calling from a non-New York City area code) with more detailed information to submit a new complaint.",Naturally Receded (Unobserved),8.333333333333334
60764532,2024-04-03 19:23:00,2024-04-03 20:00:00,Sewer,Street Flooding (SJ),80 PIONEER STREET,PIONEER STREET,RICHARDS ST,VAN BRUNT ST,BROOKLYN,11231,40.67808170251611,-74.0097991149441,"The Department of Environment Protection inspected your complaint but could not find the problem you reported. If the condition persists, please call 311 (or 212-639-9675 if calling from a non-New York City area code) with more detailed information to submit a new complaint.",Naturally Receded (Unobserved),0.6166666666666667
60760745,2024-04-03 18:32:00,2024-04-03 20:20:00,Sewer,Street Flooding (SJ),1911 AVENUE I,AVENUE I,E 19 ST,OCEAN AVE,BROOKLYN,11230,40.62801229343619,-73.95778517700062,"The Department of Environment Protection inspected your complaint but could not find the problem you reported. If the condition persists, please call 311 (or 212-639-9675 if calling from a non-New York City area code) with more detailed information to submit a new complaint.",Naturally Receded (Unobserved),1.8
60759496,2024-04-03 18:08:00,2024-04-04 03:35:00,Sewer,Street Flooding (SJ),32-21 78 STREET,78 STREET,32 AVE,NORTHERN BLVD,QUEENS,11370,40.756573006208555,-73.88932863140512,"The Department of Environment Protection inspected your complaint but could not find the problem you reported. If the condition persists, please call 311 (or 212-639-9675 if calling from a non-New York City area code) with more detailed information to submit a new complaint.",Naturally Receded (Unobserved),9.45
60764534,2024-04-03 16:53:00,2024-04-03 18:20:00,Sewer,Street Flooding (SJ),,,,,BROOKLYN,11230,40.62997984853332,-73.97499387970765,"The Department of Environment Protection inspected your complaint but could not find the problem you reported. If the condition persists, please call 311 (or 212-639-9675 if calling from a non-New York City area code) with more detailed information to submit a new complaint.",Naturally Receded (Unobserved),1.45
60763273,2024-04-03 16:38:00,2024-04-04 02:05:00,Sewer,Street Flooding (SJ),144-53 69 ROAD,69 ROAD,MAIN ST,147 ST,QUEENS,11367,40.731010258171764,-73.82276490942083,"The Department of Environment Protection inspected your complaint but could not find the problem you reported. If the condition persists, please call 311 (or 212-639-9675 if calling from a non-New York City area code) with more detailed information to submit a new complaint.",Naturally Receded (Unobserved),9.45
60762021,2024-04-03 15:41:00,2024-04-04 03:05:00,Sewer,Street Flooding (SJ),,,,,QUEENS,11373,40.73652171957164,-73.87009290804018,"The Department of Environment Protection inspected your complaint but could not find the problem you reported. If the condition persists, please call 311 (or 212-639-9675 if calling from a non-New York City area code) with more detailed information to submit a new complaint.",Naturally Receded (Unobserved),11.4
60765800,2024-04-03 10:59:00,2024-04-03 11:50:00,Sewer,Street Flooding (SJ),1911 OCEAN AVENUE,OCEAN AVENUE,AVENUE N,AVENUE O,BROOKLYN,11230,40.615173605513455,-73.9543895294816,"The Department of Environment Protection inspected your complaint but could not find the problem you reported. If the condition persists, please call 311 (or 212-639-9675 if calling from a non-New York City area code) with more detailed information to submit a new complaint.",Naturally Receded (Unobserved),0.85
60760749,2024-04-03 10:02:00,2024-04-03 19:00:00,Sewer,Street Flooding (SJ),1968 RICHMOND ROAD,RICHMOND ROAD,HUNTER AVE,BEDFORD AVE,STATEN ISLAND,10306,40.58327810816495,-74.10843651289021,"The Department of Environment Protection inspected your complaint but could not find the problem you reported. If the condition persists, please call 311 (or 212-639-9675 if calling from a non-New York City area code) with more detailed information to submit a new complaint.",Naturally Receded (Unobserved),8.966666666666667
60758213,2024-04-03 09:08:00,2024-04-03 11:45:00,Sewer,Street Flooding (SJ),21-47 35 STREET,35 STREET,21 AVE,DITMARS BLVD,QUEENS,11105,40.77581339472376,-73.9077321758656,"The Department of Environment Protection inspected your complaint but could not find the problem you reported. If the condition persists, please call 311 (or 212-639-9675 if calling from a non-New York City area code) with more detailed information to submit a new complaint.",Naturally Receded (Unobserved),2.6166666666666667
60758203,2024-04-03 08:56:00,2024-04-03 10:00:00,Sewer,Street Flooding (SJ),7603 11 AVENUE,11 AVENUE,76 ST,77 ST,BROOKLYN,11228,40.622266278696294,-74.01254304098721,"The Department of Environment Protection inspected your complaint but could not find the problem you reported. If the condition persists, please call 311 (or 212-639-9675 if calling from a non-New York City area code) with more detailed information to submit a new complaint.",Naturally Receded (Unobserved),1.0666666666666667
60756026,2024-04-02 23:59:00,2024-04-03 07:55:00,Sewer,Street Flooding (SJ),5803 19 AVENUE,19 AVENUE,58 ST,59 ST,BROOKLYN,11204,40.621755316708736,-73.98398811301023,"The Department of Environment Protection inspected your complaint but could not find the problem you reported. If the condition persists, please call 311 (or 212-639-9675 if calling from a non-New York City area code) with more detailed information to submit a new complaint.",Naturally Receded (Unobserved),7.933333333333334
60757137,2024-04-02 16:11:00,2024-04-03 03:15:00,Sewer,Street Flooding (SJ),1053 WARING AVENUE,WARING AVENUE,WILLIAMSBRIDGE RD,LURTING AVE,BRONX,10469,40.86116965271885,-73.85742761552636,"The Department of Environment Protection inspected your complaint but could not find the problem you reported. If the condition persists, please call 311 (or 212-639-9675 if calling from a non-New York City area code) with more detailed information to submit a new complaint.",Naturally Receded (Unobserved),11.066666666666666
60717960,2024-03-29 09:20:00,2024-03-29 12:20:00,Sewer,Street Flooding (SJ),2055 EAST   64 STREET,EAST   64 STREET,AVENUE T,AVENUE U,BROOKLYN,11234,40.616972297766665,-73.91303051278008,"The Department of Environment Protection inspected your complaint but could not find the problem you reported. If the condition persists, please call 311 (or 212-639-9675 if calling from a non-New York City area code) with more detailed information to submit a new complaint.",Naturally Receded (Unobserved),3.0
60708874,2024-03-28 12:44:00,2024-03-28 15:00:00,Sewer,Street Flooding (SJ),,,,,BROOKLYN,11206,40.7005922223428,-73.95028822120643,"The Department of Environment Protection inspected your complaint but could not find the problem you reported. If the condition persists, please call 311 (or 212-639-9675 if calling from a non-New York City area code) with more detailed information to submit a new complaint.",Naturally Receded (Unobserved),2.2666666666666666
60709890,2024-03-28 11:32:00,2024-03-28 13:25:00,Sewer,Street Flooding (SJ),45-01 QUEENS BOULEVARD,QUEENS BOULEVARD,45 ST,46 ST,QUEENS,11104,40.743255808651206,-73.91948780566948,"The Department of Environment Protection inspected your complaint but could not find the problem you reported. If the condition persists, please call 311 (or 212-639-9675 if calling from a non-New York City area code) with more detailed information to submit a new complaint.",Naturally Receded (Unobserved),1.8833333333333333
60699521,2024-03-27 08:35:00,2024-03-27 12:20:00,Sewer,Street Flooding (SJ),61-28 214 STREET,214 STREET,HORACE HARDING EXPY SR S,64 AVE,QUEENS,11364,40.74653983152486,-73.76307795711479,"The Department of Environment Protection inspected your complaint but could not find the problem you reported. If the condition persists, please call 311 (or 212-639-9675 if calling from a non-New York City area code) with more detailed information to submit a new complaint.",Naturally Receded (Unobserved),3.75
60689497,2024-03-26 10:11:00,2024-03-26 12:30:00,Sewer,Street Flooding (SJ),82-04 37 AVENUE,37 AVENUE,82 ST,83 ST,QUEENS,11372,40.74975544072108,-73.88414278340198,"The Department of Environment Protection inspected your complaint but could not find the problem you reported. If the condition persists, please call 311 (or 212-639-9675 if calling from a non-New York City area code) with more detailed information to submit a new complaint.",Naturally Receded (Unobserved),2.316666666666667
60684429,2024-03-25 10:14:00,2024-03-25 11:40:00,Sewer,Street Flooding (SJ),7-14 130 STREET,130 STREET,7 AVE,9 AVE,QUEENS,11356,40.79035786309085,-73.83812851616939,"The Department of Environment Protection inspected your complaint but could not find the problem you reported. If the condition persists, please call 311 (or 212-639-9675 if calling from a non-New York City area code) with more detailed information to submit a new complaint.",Naturally Receded (Unobserved),1.4333333333333333
60678490,2024-03-24 12:50:00,2024-03-24 16:30:00,Sewer,Street Flooding (SJ),45 THAYER PLACE,THAYER PLACE,THOLLEN ST,BEND,STATEN ISLAND,10306,40.55474172888925,-74.13082396307203,"The Department of Environment Protection inspected your complaint but could not find the problem you reported. If the condition persists, please call 311 (or 212-639-9675 if calling from a non-New York City area code) with more detailed information to submit a new complaint.",Naturally Receded (Unobserved),3.6666666666666665
60675602,2024-03-24 03:02:00,2024-03-24 09:40:00,Sewer,Street Flooding (SJ),5822 19 AVENUE,19 AVENUE,58 ST,59 ST,BROOKLYN,11204,40.621686710930284,-73.98408899164579,"The Department of Environment Protection inspected your complaint but could not find the problem you reported. If the condition persists, please call 311 (or 212-639-9675 if calling from a non-New York City area code) with more detailed information to submit a new complaint.",Naturally Receded (Unobserved),6.633333333333334
60664742,2024-03-23 19:44:00,2024-03-24 01:50:00,Sewer,Street Flooding (SJ),,,,,BROOKLYN,11234,40.609055345623396,-73.93676057112185,"The Department of Environment Protection inspected your complaint but could not find the problem you reported. If the condition persists, please call 311 (or 212-639-9675 if calling from a non-New York City area code) with more detailed information to submit a new complaint.",Naturally Receded (Unobserved),6.1
60667819,2024-03-23 16:26:00,2024-03-23 21:20:00,Sewer,Street Flooding (SJ),159-24 HIGHLAND AVENUE,HIGHLAND AVENUE,PARSONS BLVD,BEND,QUEENS,11432,40.70834420233174,-73.80265171739015,"The Department of Environment Protection inspected your complaint but could not find the problem you reported. If the condition persists, please call 311 (or 212-639-9675 if calling from a non-New York City area code) with more detailed information to submit a new complaint.",Naturally Receded (Unobserved),4.9
60666793,2024-03-23 16:08:00,2024-03-23 17:00:00,Sewer,Street Flooding (SJ),3124 CHURCH AVENUE,CHURCH AVENUE,E 31 ST,E 32 ST,BROOKLYN,11226,40.65086150769759,-73.94828913127711,"The Department of Environment Protection inspected your complaint but could not find the problem you reported. If the condition persists, please call 311 (or 212-639-9675 if calling from a non-New York City area code) with more detailed information to submit a new complaint.",Naturally Receded (Unobserved),0.8666666666666667
60665764,2024-03-23 16:02:00,2024-03-23 21:30:00,Sewer,Street Flooding (SJ),491 WILLOW ROAD EAST,WILLOW ROAD EAST,CASWELL AVE,NINA AVE,STATEN ISLAND,10314,40.61258464426118,-74.1518093690515,"The Department of Environment Protection inspected your complaint but could not find the problem you reported. If the condition persists, please call 311 (or 212-639-9675 if calling from a non-New York City area code) with more detailed information to submit a new complaint.",Naturally Receded (Unobserved),5.466666666666667
60670743,2024-03-23 15:56:00,2024-03-23 18:15:00,Sewer,Street Flooding (SJ),469 4 AVENUE,4 AVENUE,11 ST,12 ST,BROOKLYN,11215,40.669054100420105,-73.98978766179435,"The Department of Environment Protection inspected your complaint but could not find the problem you reported. If the condition persists, please call 311 (or 212-639-9675 if calling from a non-New York City area code) with more detailed information to submit a new complaint.",Naturally Receded (Unobserved),2.316666666666667
60663731,2024-03-23 15:32:00,2024-03-23 22:00:00,Sewer,Street Flooding (SJ),471-01 WILLOW ROAD EAST,WILLOW ROAD EAST,BEND,NINA AVE,STATEN ISLAND,10314,40.61382441199101,-74.15247491998231,"The Department of Environment Protection inspected your complaint but could not find the problem you reported. If the condition persists, please call 311 (or 212-639-9675 if calling from a non-New York City area code) with more detailed information to submit a new complaint.",Naturally Receded (Unobserved),6.466666666666667
60667821,2024-03-23 15:32:00,2024-03-23 20:20:00,Sewer,Street Flooding (SJ),10 ASTOR AVENUE,ASTOR AVENUE,BEND,DEAD END,STATEN ISLAND,10314,40.614816883755886,-74.15938914776166,"The Department of Environment Protection inspected your complaint but could not find the problem you reported. If the condition persists, please call 311 (or 212-639-9675 if calling from a non-New York City area code) with more detailed information to submit a new complaint.",Naturally Receded (Unobserved),4.8
60668788,2024-03-23 15:32:00,2024-03-23 21:00:00,Sewer,Street Flooding (SJ),491 WILLOW ROAD EAST,WILLOW ROAD EAST,CASWELL AVE,NINA AVE,STATEN ISLAND,10314,40.61258464426118,-74.1518093690515,"The Department of Environment Protection inspected your complaint but could not find the problem you reported. If the condition persists, please call 311 (or 212-639-9675 if calling from a non-New York City area code) with more detailed information to submit a new complaint.",Naturally Receded (Unobserved),5.466666666666667
60670744,2024-03-23 15:20:00,2024-03-23 17:40:00,Sewer,Street Flooding (SJ),141 HAVEN AVENUE,HAVEN AVENUE,ADAMS AVE,HUNTER AVE,STATEN ISLAND,10306,40.57890373939722,-74.09834244727871,"The Department of Environment Protection inspected your complaint but could not find the problem you reported. If the condition persists, please call 311 (or 212-639-9675 if calling from a non-New York City area code) with more detailed information to submit a new complaint.",Naturally Receded (Unobserved),2.3333333333333335
60668790,2024-03-23 15:02:00,2024-03-23 19:15:00,Sewer,Street Flooding (SJ),69-03 HARROW STREET,HARROW STREET,69 AVE,70 AVE,QUEENS,11375,40.716685296256664,-73.85187111740491,"The Department of Environment Protection inspected your complaint but could not find the problem you reported. If the condition persists, please call 311 (or 212-639-9675 if calling from a non-New York City area code) with more detailed information to submit a new complaint.",Naturally Receded (Unobserved),4.216666666666667
60667822,2024-03-23 14:59:00,2024-03-23 18:05:00,Sewer,Street Flooding (SJ),,,,,BROOKLYN,11224,40.57700523348181,-74.00215988647736,"The Department of Environment Protection inspected your complaint but could not find the problem you reported. If the condition persists, please call 311 (or 212-639-9675 if calling from a non-New York City area code) with more detailed information to submit a new complaint.",Naturally Receded (Unobserved),3.1
60665770,2024-03-23 14:38:00,2024-03-23 16:25:00,Sewer,Street Flooding (SJ),1155 DE KALB AVENUE,DE KALB AVENUE,BROADWAY,BUSHWICK AVE,BROOKLYN,11221,40.69450695303183,-73.9291065933853,"The Department of Environment Protection inspected your complaint but could not find the problem you reported. If the condition persists, please call 311 (or 212-639-9675 if calling from a non-New York City area code) with more detailed information to submit a new complaint.",Naturally Receded (Unobserved),1.7833333333333334
60669718,2024-03-23 14:35:00,2024-03-23 16:25:00,Sewer,Street Flooding (SJ),820 CATON AVENUE,CATON AVENUE,E 8 ST,E 8 ST,BROOKLYN,11218,40.647880759780115,-73.97243219344485,"The Department of Environment Protection inspected your complaint but could not find the problem you reported. If the condition persists, please call 311 (or 212-639-9675 if calling from a non-New York City area code) with more detailed information to submit a new complaint.",Naturally Receded (Unobserved),1.8333333333333333
60663733,2024-03-23 13:59:00,2024-03-23 21:35:00,Sewer,Street Flooding (SJ),85-70 159 STREET,159 STREET,BEND,PARSONS BLVD,QUEENS,11432,40.71038259337021,-73.80530405822743,"The Department of Environment Protection inspected your complaint but could not find the problem you reported. If the condition persists, please call 311 (or 212-639-9675 if calling from a non-New York City area code) with more detailed information to submit a new complaint.",Naturally Receded (Unobserved),7.6
60668794,2024-03-23 13:50:00,2024-03-23 20:25:00,Sewer,Street Flooding (SJ),2928 WEST    5 STREET,WEST    5 STREET,NEPTUNE AVE,W BRIGHTON AVE,BROOKLYN,11224,40.57822610767071,-73.9723457475236,"The Department of Environment Protection inspected your complaint but could not find the problem you reported. If the condition persists, please call 311 (or 212-639-9675 if calling from a non-New York City area code) with more detailed information to submit a new complaint.",Naturally Receded (Unobserved),6.583333333333333
60670733,2024-03-23 10:59:00,2024-03-23 12:55:00,Sewer,Street Flooding (SJ),12-15 160 STREET,160 STREET,12 AVE,12 RD,QUEENS,11357,40.790696502126046,-73.80188395652515,"The Department of Environment Protection inspected your complaint but could not find the problem you reported. If the condition persists, please call 311 (or 212-639-9675 if calling from a non-New York City area code) with more detailed information to submit a new complaint.",Naturally Receded (Unobserved),1.9333333333333333
60665753,2024-03-23 09:59:00,2024-03-23 11:15:00,Sewer,Street Flooding (SJ),61-28 214 STREET,214 STREET,HORACE HARDING EXPY SR S,64 AVE,QUEENS,11364,40.74653983152486,-73.76307795711479,"The Department of Environment Protection inspected your complaint but could not find the problem you reported. If the condition persists, please call 311 (or 212-639-9675 if calling from a non-New York City area code) with more detailed information to submit a new complaint.",Naturally Receded (Unobserved),1.2666666666666666
60631209,2024-03-19 08:41:00,2024-03-19 12:00:00,Sewer,Street Flooding (SJ),,,,,QUEENS,11367,40.73134175228967,-73.82414955948047,"The Department of Environment Protection inspected your complaint but could not find the problem you reported. If the condition persists, please call 311 (or 212-639-9675 if calling from a non-New York City area code) with more detailed information to submit a new complaint.",Naturally Receded (Unobserved),3.316666666666667
60595669,2024-03-15 14:53:00,2024-03-15 19:35:00,Sewer,Street Flooding (SJ),6222 STRICKLAND AVENUE,STRICKLAND AVENUE,MILL AVE,E 63 ST,BROOKLYN,11234,40.61391091086354,-73.91179548108398,"The Department of Environment Protection inspected your complaint but could not find the problem you reported. If the condition persists, please call 311 (or 212-639-9675 if calling from a non-New York City area code) with more detailed information to submit a new complaint.",Naturally Receded (Unobserved),4.7
60565516,2024-03-12 10:29:00,2024-03-12 13:20:00,Sewer,Street Flooding (SJ),71-06 31 AVENUE,31 AVENUE,71 ST,72 ST,QUEENS,11370,40.75816850574411,-73.8960831594566,"The Department of Environment Protection inspected your complaint but could not find the problem you reported. If the condition persists, please call 311 (or 212-639-9675 if calling from a non-New York City area code) with more detailed information to submit a new complaint.",Naturally Receded (Unobserved),2.85
60534396,2024-03-09 23:38:00,2024-03-10 08:15:00,Sewer,Street Flooding (SJ),153-02 35 AVENUE,35 AVENUE,153 ST,154 ST,QUEENS,11354,40.76608426600925,-73.81162846519864,"The Department of Environment Protection inspected your complaint but could not find the problem you reported. If the condition persists, please call 311 (or 212-639-9675 if calling from a non-New York City area code) with more detailed information to submit a new complaint.",Naturally Receded (Unobserved),8.616666666666667
60531700,2024-03-09 22:35:00,2024-03-10 01:15:00,Sewer,Street Flooding (SJ),1610 MATTHEWS AVENUE,MATTHEWS AVENUE,DEAD END,VAN NEST AVE,BRONX,10462,40.84445061038331,-73.86107773648337,"The Department of Environment Protection inspected your complaint but could not find the problem you reported. If the condition persists, please call 311 (or 212-639-9675 if calling from a non-New York City area code) with more detailed information to submit a new complaint.",Naturally Receded (Unobserved),2.6666666666666665
60531702,2024-03-09 21:53:00,2024-03-10 05:35:00,Sewer,Street Flooding (SJ),5712 19 AVENUE,19 AVENUE,55 ST,58 ST,BROOKLYN,11204,40.6222410765094,-73.98350529490601,"The Department of Environment Protection inspected your complaint but could not find the problem you reported. If the condition persists, please call 311 (or 212-639-9675 if calling from a non-New York City area code) with more detailed information to submit a new complaint.",Naturally Receded (Unobserved),7.7
60536257,2024-03-09 20:56:00,2024-03-10 05:00:00,Sewer,Street Flooding (SJ),,,,,BROOKLYN,11219,40.633135936981645,-73.99049571181587,"The Department of Environment Protection inspected your complaint but could not find the problem you reported. If the condition persists, please call 311 (or 212-639-9675 if calling from a non-New York City area code) with more detailed information to submit a new complaint.",Naturally Receded (Unobserved),8.066666666666666
60532589,2024-03-09 16:14:00,2024-03-09 17:35:00,Sewer,Street Flooding (SJ),1142 DE KALB AVENUE,DE KALB AVENUE,BROADWAY,BUSHWICK AVE,BROOKLYN,11221,40.69444658591721,-73.92913550679575,"The Department of Environment Protection inspected your complaint but could not find the problem you reported. If the condition persists, please call 311 (or 212-639-9675 if calling from a non-New York City area code) with more detailed information to submit a new complaint.",Naturally Receded (Unobserved),1.35
60514614,2024-03-07 16:38:00,2024-03-07 18:50:00,Sewer,Street Flooding (SJ),196-54 48 AVENUE,48 AVENUE,197 ST,198 ST,QUEENS,11365,40.751191775655,-73.78233833949825,"The Department of Environment Protection inspected your complaint but could not find the problem you reported. If the condition persists, please call 311 (or 212-639-9675 if calling from a non-New York City area code) with more detailed information to submit a new complaint.",Naturally Receded (Unobserved),2.2
60512219,2024-03-07 15:29:00,2024-03-07 18:20:00,Sewer,Street Flooding (SJ),17 ZEBRA PLACE,ZEBRA PLACE,ARTHUR KILL RD,VETERANS RD W,STATEN ISLAND,10309,40.55235719786358,-74.21873040900451,"The Department of Environment Protection inspected your complaint but could not find the problem you reported. If the condition persists, please call 311 (or 212-639-9675 if calling from a non-New York City area code) with more detailed information to submit a new complaint.",Naturally Receded (Unobserved),2.85
60520785,2024-03-07 12:47:00,2024-03-07 13:30:00,Sewer,Street Flooding (SJ),46-45 189 STREET,189 STREET,46 RD,47 AVE,QUEENS,11358,40.75197071170714,-73.79091865346979,"The Department of Environment Protection inspected your complaint but could not find the problem you reported. If the condition persists, please call 311 (or 212-639-9675 if calling from a non-New York City area code) with more detailed information to submit a new complaint.",Naturally Receded (Unobserved),0.7166666666666667
60520786,2024-03-07 12:32:00,2024-03-07 14:00:00,Sewer,Street Flooding (SJ),41-26 GLEANE STREET,GLEANE STREET,BRITTON AVE,ELMHURST AVE,QUEENS,11373,40.74601992177061,-73.87889104453701,"The Department of Environment Protection inspected your complaint but could not find the problem you reported. If the condition persists, please call 311 (or 212-639-9675 if calling from a non-New York City area code) with more detailed information to submit a new complaint.",Naturally Receded (Unobserved),1.4666666666666666
60513403,2024-03-07 09:44:00,2024-03-07 12:05:00,Sewer,Street Flooding (SJ),1435 HANCOCK STREET,HANCOCK STREET,IRVING AVE,WYCKOFF AVE,BROOKLYN,11237,40.696294690468136,-73.90720391697477,"The Department of Environment Protection inspected your complaint but could not find the problem you reported. If the condition persists, please call 311 (or 212-639-9675 if calling from a non-New York City area code) with more detailed information to submit a new complaint.",Naturally Receded (Unobserved),2.35
60519541,2024-03-07 08:32:00,2024-03-07 18:50:00,Sewer,Street Flooding (SJ),244 SHELDON AVENUE,SHELDON AVENUE,ARDEN AVE,JEFFERSON BLVD,STATEN ISLAND,10312,40.54678464042181,-74.1846804651744,"The Department of Environment Protection inspected your complaint but could not find the problem you reported. If the condition persists, please call 311 (or 212-639-9675 if calling from a non-New York City area code) with more detailed information to submit a new complaint.",Naturally Receded (Unobserved),10.3
60503977,2024-03-06 23:44:00,2024-03-07 10:05:00,Sewer,Street Flooding (SJ),42-02 217 STREET,217 STREET,DEAD END,43 AVE,QUEENS,11361,40.763295998624784,-73.76548390880687,"The Department of Environment Protection inspected your complaint but could not find the problem you reported. If the condition persists, please call 311 (or 212-639-9675 if calling from a non-New York City area code) with more detailed information to submit a new complaint.",Naturally Receded (Unobserved),10.35
60502810,2024-03-06 23:26:00,2024-03-07 02:45:00,Sewer,Street Flooding (SJ),3942 KINGS HIGHWAY,KINGS HIGHWAY,OVERBAUGH PL,E 40 ST,BROOKLYN,11234,40.623615819891704,-73.93557962182786,"The Department of Environment Protection inspected your complaint but could not find the problem you reported. If the condition persists, please call 311 (or 212-639-9675 if calling from a non-New York City area code) with more detailed information to submit a new complaint.",Naturally Receded (Unobserved),3.316666666666667
60508682,2024-03-06 21:35:00,2024-03-06 22:20:00,Sewer,Street Flooding (SJ),359 EAST  204 STREET,EAST  204 STREET,HULL AVE,DECATUR AVE,BRONX,10467,40.871932794128256,-73.87757336531755,The Department of Environmental Protection has investigated this complaint. Surcharge conditions have been confirmed due to rain intensity or volume.,Hydraulic Capacity Surcharge,0.75
60511060,2024-03-06 20:41:00,2024-03-07 05:45:00,Sewer,Street Flooding (SJ),212-57 JAMAICA AVENUE,JAMAICA AVENUE,HEMPSTEAD AVE,213 ST,QUEENS,11428,40.71604597189212,-73.74530479537597,"The Department of Environment Protection inspected your complaint but could not find the problem you reported. If the condition persists, please call 311 (or 212-639-9675 if calling from a non-New York City area code) with more detailed information to submit a new complaint.",Naturally Receded (Unobserved),9.066666666666666
60505166,2024-03-06 20:35:00,2024-03-07 05:25:00,Sewer,Street Flooding (SJ),212-10 110 AVENUE,110 AVENUE,212 ST,213 ST,QUEENS,11429,40.70771743257062,-73.74490018421983,"The Department of Environment Protection inspected your complaint but could not find the problem you reported. If the condition persists, please call 311 (or 212-639-9675 if calling from a non-New York City area code) with more detailed information to submit a new complaint.",Naturally Receded (Unobserved),8.833333333333334
60503978,2024-03-06 20:14:00,2024-03-06 22:40:00,Sewer,Street Flooding (SJ),50 AVENUE V,AVENUE V,W 12 ST,W 11 ST,BROOKLYN,11223,40.59377192611545,-73.98259414510775,"The Department of Environment Protection inspected your complaint but could not find the problem you reported. If the condition persists, please call 311 (or 212-639-9675 if calling from a non-New York City area code) with more detailed information to submit a new complaint.",Naturally Receded (Unobserved),2.433333333333333
60505167,2024-03-06 19:47:00,2024-03-07 04:30:00,Sewer,Street Flooding (SJ),109-98 204 STREET,204 STREET,HOLLIS AVE,111 AVE,QUEENS,11412,40.706443581767964,-73.753593877307,"The Department of Environment Protection inspected your complaint but could not find the problem you reported. If the condition persists, please call 311 (or 212-639-9675 if calling from a non-New York City area code) with more detailed information to submit a new complaint.",Naturally Receded (Unobserved),8.716666666666667
60506392,2024-03-06 19:32:00,2024-03-07 04:00:00,Sewer,Street Flooding (SJ),99-37 164 AVENUE,164 AVENUE,HAWTREE BASIN SHORELINE,104 ST,QUEENS,11414,40.651865211045724,-73.83039910910065,"The Department of Environment Protection inspected your complaint but could not find the problem you reported. If the condition persists, please call 311 (or 212-639-9675 if calling from a non-New York City area code) with more detailed information to submit a new complaint.",Naturally Receded (Unobserved),8.466666666666667
60506393,2024-03-06 19:32:00,2024-03-07 03:35:00,Sewer,Street Flooding (SJ),FOCH BOULEVARD,FOCH BOULEVARD,157 STREET,GUY R BREWER BOULEVARD,QUEENS,11434,,,"The Department of Environment Protection inspected your complaint but could not find the problem you reported. If the condition persists, please call 311 (or 212-639-9675 if calling from a non-New York City area code) with more detailed information to submit a new complaint.",Naturally Receded (Unobserved),8.05
60508685,2024-03-06 19:32:00,2024-03-06 22:45:00,Sewer,Street Flooding (SJ),,,,,QUEENS,11362,40.75883056696892,-73.72012268388495,"The Department of Environment Protection inspected your complaint but could not find the problem you reported. If the condition persists, please call 311 (or 212-639-9675 if calling from a non-New York City area code) with more detailed information to submit a new complaint.",Naturally Receded (Unobserved),3.216666666666667
60506394,2024-03-06 19:02:00,2024-03-07 03:05:00,Sewer,Street Flooding (SJ),,,,,QUEENS,11434,40.683721531142474,-73.78467504550237,"The Department of Environment Protection inspected your complaint but could not find the problem you reported. If the condition persists, please call 311 (or 212-639-9675 if calling from a non-New York City area code) with more detailed information to submit a new complaint.",Naturally Receded (Unobserved),8.05
60502811,2024-03-06 19:02:00,2024-03-07 02:40:00,Sewer,Street Flooding (SJ),,,,,QUEENS,11414,40.6603082704517,-73.84404519552432,"The Department of Environment Protection inspected your complaint but could not find the problem you reported. If the condition persists, please call 311 (or 212-639-9675 if calling from a non-New York City area code) with more detailed information to submit a new complaint.",Naturally Receded (Unobserved),7.633333333333334
60509861,2024-03-06 18:56:00,2024-03-07 02:10:00,Sewer,Street Flooding (SJ),95-06 VAN WYCK EXPRESSWAY,VAN WYCK EXPRESSWAY,VAN WYCK EP SB EN ATLANTIC AVE,97 AVE,QUEENS,11419,40.69609840881955,-73.81335164520945,"The Department of Environment Protection inspected your complaint but could not find the problem you reported. If the condition persists, please call 311 (or 212-639-9675 if calling from a non-New York City area code) with more detailed information to submit a new complaint.",Naturally Receded (Unobserved),7.233333333333333
60505168,2024-03-06 18:53:00,2024-03-07 01:45:00,Sewer,Street Flooding (SJ),22-26 LORETTA ROAD,LORETTA ROAD,BEACH 22 ST,PRESIDENT ST,QUEENS,11691,40.603109875352345,-73.755919912341,"The Department of Environment Protection inspected your complaint but could not find the problem you reported. If the condition persists, please call 311 (or 212-639-9675 if calling from a non-New York City area code) with more detailed information to submit a new complaint.",Naturally Receded (Unobserved),6.866666666666666
60506395,2024-03-06 18:53:00,2024-03-06 20:00:00,Sewer,Street Flooding (SJ),,,,,BROOKLYN,11215,40.67266899063328,-73.99001422165605,"The Department of Environment Protection inspected your complaint but could not find the problem you reported. If the condition persists, please call 311 (or 212-639-9675 if calling from a non-New York City area code) with more detailed information to submit a new complaint.",Naturally Receded (Unobserved),1.1166666666666667
60503981,2024-03-06 18:50:00,2024-03-07 01:15:00,Sewer,Street Flooding (SJ),,,,,QUEENS,11417,40.68070005471548,-73.84464287635403,"The Department of Environment Protection inspected your complaint but could not find the problem you reported. If the condition persists, please call 311 (or 212-639-9675 if calling from a non-New York City area code) with more detailed information to submit a new complaint.",Naturally Receded (Unobserved),6.416666666666667
60511061,2024-03-06 18:35:00,2024-03-07 00:45:00,Sewer,Street Flooding (SJ),601 BEACH   25 STREET,BEACH   25 STREET,FAR ROCKAWAY BLVD,BEACH CHANNEL DR,QUEENS,11691,40.600058867895434,-73.76173238524463,"The Department of Environment Protection inspected your complaint but could not find the problem you reported. If the condition persists, please call 311 (or 212-639-9675 if calling from a non-New York City area code) with more detailed information to submit a new complaint.",Naturally Receded (Unobserved),6.166666666666667
60509862,2024-03-06 18:29:00,2024-03-07 03:00:00,Sewer,Street Flooding (SJ),,,,,QUEENS,11421,40.685963501028816,-73.85652941717375,"The Department of Environment Protection inspected your complaint but could not find the problem you reported. If the condition persists, please call 311 (or 212-639-9675 if calling from a non-New York City area code) with more detailed information to submit a new complaint.",Naturally Receded (Unobserved),8.516666666666667
60503983,2024-03-06 18:26:00,2024-03-07 00:20:00,Sewer,Street Flooding (SJ),312 BEACH   15 STREET,BEACH   15 STREET,HEYSON RD,NEW HAVEN AVE,QUEENS,11691,40.59816260274674,-73.74902414283108,"The Department of Environment Protection inspected your complaint but could not find the problem you reported. If the condition persists, please call 311 (or 212-639-9675 if calling from a non-New York City area code) with more detailed information to submit a new complaint.",Naturally Receded (Unobserved),5.9
60505169,2024-03-06 17:59:00,2024-03-07 04:30:00,Sewer,Street Flooding (SJ),85-53 104 STREET,104 STREET,85 AVE,86 AVE,QUEENS,11418,40.69761267720874,-73.84414185589797,"The Department of Environment Protection inspected your complaint but could not find the problem you reported. If the condition persists, please call 311 (or 212-639-9675 if calling from a non-New York City area code) with more detailed information to submit a new complaint.",Naturally Receded (Unobserved),10.516666666666667
60502812,2024-03-06 17:47:00,2024-03-06 21:55:00,Sewer,Street Flooding (SJ),18-17 26 AVENUE,26 AVENUE,18 ST,21 ST,QUEENS,11102,40.773935694594655,-73.9263827916174,"The Department of Environment Protection inspected your complaint but could not find the problem you reported. If the condition persists, please call 311 (or 212-639-9675 if calling from a non-New York City area code) with more detailed information to submit a new complaint.",Naturally Receded (Unobserved),4.133333333333334
60503986,2024-03-06 17:41:00,2024-03-06 18:55:00,Sewer,Street Flooding (SJ),,,,,BROOKLYN,11208,40.684646804915964,-73.86869042127645,"The Department of Environment Protection inspected your complaint but could not find the problem you reported. If the condition persists, please call 311 (or 212-639-9675 if calling from a non-New York City area code) with more detailed information to submit a new complaint.",Naturally Receded (Unobserved),1.2333333333333334
60503985,2024-03-06 17:41:00,2024-03-06 18:50:00,Sewer,Street Flooding (SJ),453 81 STREET,81 STREET,4 AVE,5 AVE,BROOKLYN,11209,40.62571158453752,-74.02553407950114,"The Department of Environment Protection inspected your complaint but could not find the problem you reported. If the condition persists, please call 311 (or 212-639-9675 if calling from a non-New York City area code) with more detailed information to submit a new complaint.",Naturally Receded (Unobserved),1.15
60509865,2024-03-06 17:38:00,2024-03-06 21:15:00,Sewer,Street Flooding (SJ),,,,,QUEENS,11377,40.73701262476248,-73.89992307725316,"The Department of Environment Protection inspected your complaint but could not find the problem you reported. If the condition persists, please call 311 (or 212-639-9675 if calling from a non-New York City area code) with more detailed information to submit a new complaint.",Naturally Receded (Unobserved),3.6166666666666667
60503987,2024-03-06 17:38:00,2024-03-06 20:50:00,Sewer,Street Flooding (SJ),,,,,QUEENS,11377,40.73841978671026,-73.89889614004898,"The Department of Environment Protection inspected your complaint but could not find the problem you reported. If the condition persists, please call 311 (or 212-639-9675 if calling from a non-New York City area code) with more detailed information to submit a new complaint.",Naturally Receded (Unobserved),3.2
60505171,2024-03-06 17:35:00,2024-03-06 20:30:00,Sewer,Street Flooding (SJ),,,,,QUEENS,11377,40.73846264907536,-73.90084107604659,"The Department of Environment Protection inspected your complaint but could not find the problem you reported. If the condition persists, please call 311 (or 212-639-9675 if calling from a non-New York City area code) with more detailed information to submit a new complaint.",Naturally Receded (Unobserved),2.9166666666666665
60502813,2024-03-06 17:29:00,2024-03-06 18:20:00,Sewer,Street Flooding (SJ),200 WEST   14 STREET,WEST   14 STREET,7 AVE,8 AVE,MANHATTAN,10011,40.73872491814651,-74.00011186499094,"The Department of Environment Protection inspected your complaint but could not find the problem you reported. If the condition persists, please call 311 (or 212-639-9675 if calling from a non-New York City area code) with more detailed information to submit a new complaint.",Naturally Receded (Unobserved),0.85
60502814,2024-03-06 17:29:00,2024-03-07 04:05:00,Sewer,Street Flooding (SJ),80-01 97 AVENUE,97 AVENUE,80 ST,81 ST,QUEENS,11416,40.682324921086646,-73.85955865511659,"The Department of Environment Protection inspected your complaint but could not find the problem you reported. If the condition persists, please call 311 (or 212-639-9675 if calling from a non-New York City area code) with more detailed information to submit a new complaint.",Naturally Receded (Unobserved),10.6
60506398,2024-03-06 17:23:00,2024-03-06 19:45:00,Sewer,Street Flooding (SJ),,,,,QUEENS,11377,40.742102496087185,-73.90444800082257,"The Department of Environment Protection inspected your complaint but could not find the problem you reported. If the condition persists, please call 311 (or 212-639-9675 if calling from a non-New York City area code) with more detailed information to submit a new complaint.",Naturally Receded (Unobserved),2.3666666666666667
60506399,2024-03-06 17:20:00,2024-03-06 20:00:00,Sewer,Street Flooding (SJ),,,,,QUEENS,11377,40.742805010985386,-73.90427738103688,"The Department of Environment Protection inspected your complaint but could not find the problem you reported. If the condition persists, please call 311 (or 212-639-9675 if calling from a non-New York City area code) with more detailed information to submit a new complaint.",Naturally Receded (Unobserved),2.6666666666666665
60502815,2024-03-06 17:14:00,2024-03-06 20:45:00,Sewer,Street Flooding (SJ),,,,,QUEENS,11101,40.75117133098466,-73.91519409018495,"The Department of Environment Protection inspected your complaint but could not find the problem you reported. If the condition persists, please call 311 (or 212-639-9675 if calling from a non-New York City area code) with more detailed information to submit a new complaint.",Naturally Receded (Unobserved),3.5166666666666666
60509866,2024-03-06 17:11:00,2024-03-06 22:00:00,Sewer,Street Flooding (SJ),,,,,QUEENS,11377,40.739416530657806,-73.9203945917616,"The Department of Environment Protection inspected your complaint but could not find the problem you reported. If the condition persists, please call 311 (or 212-639-9675 if calling from a non-New York City area code) with more detailed information to submit a new complaint.",Naturally Receded (Unobserved),4.816666666666666
60511063,2024-03-06 17:08:00,2024-03-06 18:20:00,Sewer,Street Flooding (SJ),,,,,QUEENS,11377,40.735379554678154,-73.92120408089981,"The Department of Environment Protection inspected your complaint but could not find the problem you reported. If the condition persists, please call 311 (or 212-639-9675 if calling from a non-New York City area code) with more detailed information to submit a new complaint.",Naturally Receded (Unobserved),1.2
60507526,2024-03-06 17:05:00,2024-03-06 18:30:00,Sewer,Street Flooding (SJ),,,,,QUEENS,11377,40.73550094724906,-73.92212046458074,"The Department of Environment Protection inspected your complaint but could not find the problem you reported. If the condition persists, please call 311 (or 212-639-9675 if calling from a non-New York City area code) with more detailed information to submit a new complaint.",Naturally Receded (Unobserved),1.4166666666666667
60503988,2024-03-06 17:05:00,2024-03-06 18:45:00,Sewer,Street Flooding (SJ),,,,,QUEENS,11377,40.73562784131888,-73.92306571229174,"The Department of Environment Protection inspected your complaint but could not find the problem you reported. If the condition persists, please call 311 (or 212-639-9675 if calling from a non-New York City area code) with more detailed information to submit a new complaint.",Naturally Receded (Unobserved),1.6666666666666667
60503989,2024-03-06 16:59:00,2024-03-06 18:30:00,Sewer,Street Flooding (SJ),,,,,QUEENS,11104,40.74645997482455,-73.91708757821527,"The Department of Environment Protection inspected your complaint but could not find the problem you reported. If the condition persists, please call 311 (or 212-639-9675 if calling from a non-New York City area code) with more detailed information to submit a new complaint.",Naturally Receded (Unobserved),1.5166666666666666
60508689,2024-03-06 16:59:00,2024-03-06 18:20:00,Sewer,Street Flooding (SJ),61 WITHERS STREET,WITHERS STREET,BEND,LORIMER ST,BROOKLYN,11211,40.71681123801009,-73.95077033281649,"The Department of Environment Protection inspected your complaint but could not find the problem you reported. If the condition persists, please call 311 (or 212-639-9675 if calling from a non-New York City area code) with more detailed information to submit a new complaint.",Naturally Receded (Unobserved),1.35
60508690,2024-03-06 16:56:00,2024-03-06 18:45:00,Sewer,Street Flooding (SJ),,,,,QUEENS,11104,40.74656493918292,-73.91801495399098,"The Department of Environment Protection inspected your complaint but could not find the problem you reported. If the condition persists, please call 311 (or 212-639-9675 if calling from a non-New York City area code) with more detailed information to submit a new complaint.",Naturally Receded (Unobserved),1.8166666666666667
60507529,2024-03-06 16:38:00,2024-03-06 18:15:00,Sewer,Street Flooding (SJ),550 54 STREET,54 STREET,5 AVE,6 AVE,BROOKLYN,11220,40.642185312595515,-74.01153785370627,"The Department of Environment Protection inspected your complaint but could not find the problem you reported. If the condition persists, please call 311 (or 212-639-9675 if calling from a non-New York City area code) with more detailed information to submit a new complaint.",Naturally Receded (Unobserved),1.6166666666666667
60502818,2024-03-06 16:32:00,2024-03-07 02:20:00,Sewer,Street Flooding (SJ),5901 19 AVENUE,19 AVENUE,59 ST,60 ST,BROOKLYN,11204,40.621198202891556,-73.98456459773816,"The Department of Environment Protection inspected your complaint but could not find the problem you reported. If the condition persists, please call 311 (or 212-639-9675 if calling from a non-New York City area code) with more detailed information to submit a new complaint.",Naturally Receded (Unobserved),9.8
60508694,2024-03-06 14:08:00,2024-03-06 16:50:00,Sewer,Street Flooding (SJ),,,,,BROOKLYN,11203,40.65559299811885,-73.94715739547351,"The Department of Environment Protection inspected your complaint but could not find the problem you reported. If the condition persists, please call 311 (or 212-639-9675 if calling from a non-New York City area code) with more detailed information to submit a new complaint.",Naturally Receded (Unobserved),2.7
60498204,2024-03-05 19:08:00,2024-03-05 21:20:00,Sewer,Street Flooding (SJ),298 10 STREET,10 STREET,4 AVE,5 AVE,BROOKLYN,11215,40.669479436898136,-73.98867731772839,"The Department of Environment Protection inspected your complaint but could not find the problem you reported. If the condition persists, please call 311 (or 212-639-9675 if calling from a non-New York City area code) with more detailed information to submit a new complaint.",Naturally Receded (Unobserved),2.2
60501713,2024-03-05 17:08:00,2024-03-05 20:00:00,Sewer,Street Flooding (SJ),33 NASSAU AVENUE,NASSAU AVENUE,DOBBIN ST,GUERNSEY ST,BROOKLYN,11222,40.72300440283415,-73.95313601519761,"The Department of Environment Protection inspected your complaint but could not find the problem you reported. If the condition persists, please call 311 (or 212-639-9675 if calling from a non-New York City area code) with more detailed information to submit a new complaint.",Naturally Receded (Unobserved),2.8666666666666667
60497104,2024-03-05 15:41:00,2024-03-05 19:10:00,Sewer,Street Flooding (SJ),588 CLASSON AVENUE,CLASSON AVENUE,LEFFERTS PL,ATLANTIC AVE,BROOKLYN,11238,40.68019901696262,-73.95829655433512,"The Department of Environment Protection inspected your complaint but could not find the problem you reported. If the condition persists, please call 311 (or 212-639-9675 if calling from a non-New York City area code) with more detailed information to submit a new complaint.",Naturally Receded (Unobserved),3.4833333333333334
60495937,2024-03-05 14:26:00,2024-03-05 19:25:00,Sewer,Street Flooding (SJ),640 DITMAS AVENUE,DITMAS AVENUE,OCEAN PKWY,E 7 ST,BROOKLYN,11218,40.636209822530674,-73.97197943325529,"The Department of Environment Protection inspected your complaint but could not find the problem you reported. If the condition persists, please call 311 (or 212-639-9675 if calling from a non-New York City area code) with more detailed information to submit a new complaint.",Naturally Receded (Unobserved),4.983333333333333
60497105,2024-03-05 13:20:00,2024-03-05 14:10:00,Sewer,Street Flooding (SJ),5711 19 AVENUE,19 AVENUE,55 ST,58 ST,BROOKLYN,11204,40.62223283955032,-73.98348728569104,"The Department of Environment Protection inspected your complaint but could not find the problem you reported. If the condition persists, please call 311 (or 212-639-9675 if calling from a non-New York City area code) with more detailed information to submit a new complaint.",Naturally Receded (Unobserved),0.8333333333333334
60499349,2024-03-05 13:20:00,2024-03-05 14:40:00,Sewer,Street Flooding (SJ),46-45 189 STREET,189 STREET,46 RD,47 AVE,QUEENS,11358,40.75197071170714,-73.79091865346979,"The Department of Environment Protection inspected your complaint but could not find the problem you reported. If the condition persists, please call 311 (or 212-639-9675 if calling from a non-New York City area code) with more detailed information to submit a new complaint.",Naturally Receded (Unobserved),1.3333333333333333
60499351,2024-03-05 10:26:00,2024-03-05 12:25:00,Sewer,Street Flooding (SJ),,,,,QUEENS,11370,40.7723900732712,-73.89127361040207,"The Department of Environment Protection inspected your complaint but could not find the problem you reported. If the condition persists, please call 311 (or 212-639-9675 if calling from a non-New York City area code) with more detailed information to submit a new complaint.",Naturally Receded (Unobserved),1.9833333333333334
60499352,2024-03-05 10:11:00,2024-03-05 11:00:00,Sewer,Street Flooding (SJ),30-08 154 STREET,154 STREET,BAYSIDE AVE,32 AVE,QUEENS,11354,40.771335209271925,-73.81010449721913,"The Department of Environment Protection inspected your complaint but could not find the problem you reported. If the condition persists, please call 311 (or 212-639-9675 if calling from a non-New York City area code) with more detailed information to submit a new complaint.",Naturally Receded (Unobserved),0.8166666666666667
60498206,2024-03-05 09:44:00,2024-03-05 13:15:00,Sewer,Street Flooding (SJ),,,,,QUEENS,11375,40.715360507788404,-73.85694951603257,"The Department of Environment Protection inspected your complaint but could not find the problem you reported. If the condition persists, please call 311 (or 212-639-9675 if calling from a non-New York City area code) with more detailed information to submit a new complaint.",Naturally Receded (Unobserved),3.5166666666666666
60493645,2024-03-05 09:26:00,2024-03-05 13:45:00,Sewer,Street Flooding (SJ),41-65 WESTMORELAND STREET,WESTMORELAND STREET,41 DR,42 AVE,QUEENS,11363,40.77270015793201,-73.7377698267428,"The Department of Environment Protection inspected your complaint but could not find the problem you reported. If the condition persists, please call 311 (or 212-639-9675 if calling from a non-New York City area code) with more detailed information to submit a new complaint.",Naturally Receded (Unobserved),4.316666666666666
60498207,2024-03-05 08:50:00,2024-03-05 10:35:00,Sewer,Street Flooding (SJ),,,,,QUEENS,11372,40.75023666839561,-73.87966296036056,"The Department of Environment Protection inspected your complaint but could not find the problem you reported. If the condition persists, please call 311 (or 212-639-9675 if calling from a non-New York City area code) with more detailed information to submit a new complaint.",Naturally Receded (Unobserved),1.75
60476405,2024-03-03 00:56:00,2024-03-03 03:00:00,Sewer,Street Flooding (SJ),1173 2 AVENUE,2 AVENUE,E 61 ST,E 62 ST,MANHATTAN,10065,40.76233207001919,-73.96309673654409,"The Department of Environment Protection inspected your complaint but could not find the problem you reported. If the condition persists, please call 311 (or 212-639-9675 if calling from a non-New York City area code) with more detailed information to submit a new complaint.",Naturally Receded (Unobserved),2.066666666666667
60469916,2024-03-02 18:59:00,2024-03-03 03:15:00,Sewer,Street Flooding (SJ),557 BEACH   64 STREET,BEACH   64 STREET,THURSBY AVE,ALMEDA AVE,QUEENS,11692,40.59623935691797,-73.79359561570102,"The Department of Environment Protection inspected your complaint but could not find the problem you reported. If the condition persists, please call 311 (or 212-639-9675 if calling from a non-New York City area code) with more detailed information to submit a new complaint.",Naturally Receded (Unobserved),8.266666666666667
60469013,2024-03-02 16:05:00,2024-03-03 02:30:00,Sewer,Street Flooding (SJ),116-40 219 STREET,219 STREET,116 AVE,LINDEN BLVD,QUEENS,11411,40.696341539640194,-73.74052963702866,"The Department of Environment Protection inspected your complaint but could not find the problem you reported. If the condition persists, please call 311 (or 212-639-9675 if calling from a non-New York City area code) with more detailed information to submit a new complaint.",Naturally Receded (Unobserved),10.416666666666666
60469917,2024-03-02 15:14:00,2024-03-03 02:10:00,Sewer,Street Flooding (SJ),212-59 JAMAICA AVENUE,JAMAICA AVENUE,HEMPSTEAD AVE,213 ST,QUEENS,11428,40.71605142148577,-73.74528673787246,"The Department of Environment Protection inspected your complaint but could not find the problem you reported. If the condition persists, please call 311 (or 212-639-9675 if calling from a non-New York City area code) with more detailed information to submit a new complaint.",Naturally Receded (Unobserved),10.933333333333334
60469918,2024-03-02 13:59:00,2024-03-02 14:30:00,Sewer,Street Flooding (SJ),1558 GREENE AVENUE,GREENE AVENUE,ST NICHOLAS AVE,CYPRESS AVE,BROOKLYN,11237,40.70388629049582,-73.91371059156411,"The Department of Environment Protection inspected your complaint but could not find the problem you reported. If the condition persists, please call 311 (or 212-639-9675 if calling from a non-New York City area code) with more detailed information to submit a new complaint.",Naturally Receded (Unobserved),0.5166666666666667
60450910,2024-02-29 11:26:00,2024-02-29 13:45:00,Sewer,Street Flooding (SJ),165-24 HIGHLAND AVENUE,HIGHLAND AVENUE,UPLAND PKWY,166 ST,QUEENS,11432,40.71099809456219,-73.79773465625505,"The Department of Environment Protection inspected your complaint but could not find the problem you reported. If the condition persists, please call 311 (or 212-639-9675 if calling from a non-New York City area code) with more detailed information to submit a new complaint.",Naturally Receded (Unobserved),2.316666666666667
60453331,2024-02-29 10:50:00,2024-02-29 13:25:00,Sewer,Street Flooding (SJ),,,,,QUEENS,11423,40.719463418478796,-73.77018722435277,"The Department of Environment Protection inspected your complaint but could not find the problem you reported. If the condition persists, please call 311 (or 212-639-9675 if calling from a non-New York City area code) with more detailed information to submit a new complaint.",Naturally Receded (Unobserved),2.5833333333333335
60449662,2024-02-29 08:47:00,2024-02-29 11:25:00,Sewer,Street Flooding (SJ),121 70 STREET,70 STREET,COLONIAL RD,RIDGECREST TER,BROOKLYN,11209,40.636639875914746,-74.03141840269215,"The Department of Environment Protection inspected your complaint but could not find the problem you reported. If the condition persists, please call 311 (or 212-639-9675 if calling from a non-New York City area code) with more detailed information to submit a new complaint.",Naturally Receded (Unobserved),2.6333333333333333
60433006,2024-02-27 23:44:00,2024-02-28 09:55:00,Sewer,Street Flooding (SJ),30-08 154 STREET,154 STREET,BAYSIDE AVE,32 AVE,QUEENS,11354,40.771335209271925,-73.81010449721913,"The Department of Environment Protection inspected your complaint but could not find the problem you reported. If the condition persists, please call 311 (or 212-639-9675 if calling from a non-New York City area code) with more detailed information to submit a new complaint.",Naturally Receded (Unobserved),10.183333333333334
60421918,2024-02-26 09:44:00,2024-02-26 16:40:00,Sewer,Street Flooding (SJ),132-17 METROPOLITAN AVENUE,METROPOLITAN AVENUE,132 ST,KEW GARDENS RD,QUEENS,11418,40.70308581030648,-73.81974466433597,"The Department of Environment Protection inspected your complaint but could not find the problem you reported. If the condition persists, please call 311 (or 212-639-9675 if calling from a non-New York City area code) with more detailed information to submit a new complaint.",Naturally Receded (Unobserved),6.933333333333334
60400187,2024-02-23 11:14:00,2024-02-23 14:05:00,Sewer,Street Flooding (SJ),62-49 82 STREET,82 STREET,62 AVE,JUNIPER BLVD N,QUEENS,11379,40.722784326632855,-73.87516684227946,"The Department of Environment Protection inspected your complaint but could not find the problem you reported. If the condition persists, please call 311 (or 212-639-9675 if calling from a non-New York City area code) with more detailed information to submit a new complaint.",Naturally Receded (Unobserved),2.85
60375483,2024-02-20 11:11:00,2024-02-20 12:45:00,Sewer,Street Flooding (SJ),25-71 126 STREET,126 STREET,25 RD,26 AVE,QUEENS,11354,40.77488109302966,-73.84267927870422,"The Department of Environment Protection inspected your complaint but could not find the problem you reported. If the condition persists, please call 311 (or 212-639-9675 if calling from a non-New York City area code) with more detailed information to submit a new complaint.",Naturally Receded (Unobserved),1.5666666666666667
60359393,2024-02-19 21:08:00,2024-02-20 01:20:00,Sewer,Street Flooding (SJ),307 BEACH   90 STREET,BEACH   90 STREET,ROCKAWAY FRWY,BEACH CHANNEL DR,QUEENS,11693,40.58806271196606,-73.81460411167656,"The Department of Environment Protection inspected your complaint but could not find the problem you reported. If the condition persists, please call 311 (or 212-639-9675 if calling from a non-New York City area code) with more detailed information to submit a new complaint.",Naturally Receded (Unobserved),4.2
60215660,2024-02-02 18:56:00,2024-02-03 01:50:00,Sewer,Street Flooding (SJ),79-12 69 AVENUE,69 AVENUE,79 ST,80 ST,QUEENS,11379,40.70979593313714,-73.87250396188671,"The Department of Environment Protection inspected your complaint but could not find the problem you reported. If the condition persists, please call 311 (or 212-639-9675 if calling from a non-New York City area code) with more detailed information to submit a new complaint.",Naturally Receded (Unobserved),6.9
60211073,2024-02-02 17:05:00,2024-02-03 01:20:00,Sewer,Street Flooding (SJ),,,,,QUEENS,11370,40.75699024428535,-73.89226249452321,"The Department of Environment Protection inspected your complaint but could not find the problem you reported. If the condition persists, please call 311 (or 212-639-9675 if calling from a non-New York City area code) with more detailed information to submit a new complaint.",Naturally Receded (Unobserved),8.25
60184646,2024-01-30 09:41:00,2024-01-30 12:05:00,Sewer,Street Flooding (SJ),1621 41 STREET,41 STREET,16 AVE,DAHILL RD,BROOKLYN,11218,40.63508889928951,-73.98011535181192,"The Department of Environment Protection inspected your complaint but could not find the problem you reported. If the condition persists, please call 311 (or 212-639-9675 if calling from a non-New York City area code) with more detailed information to submit a new complaint.",Naturally Receded (Unobserved),2.4
60177901,2024-01-29 14:08:00,2024-01-29 17:10:00,Sewer,Street Flooding (SJ),84-19 133 AVENUE,133 AVENUE,84 ST,85 ST,QUEENS,11417,40.6740728682166,-73.85199099649682,"The Department of Environment Protection inspected your complaint but could not find the problem you reported. If the condition persists, please call 311 (or 212-639-9675 if calling from a non-New York City area code) with more detailed information to submit a new complaint.",Naturally Receded (Unobserved),3.033333333333333
60171200,2024-01-29 09:32:00,2024-01-29 10:20:00,Sewer,Street Flooding (SJ),24-44 26 STREET,26 STREET,24 AVE,HOYT AVE N,QUEENS,11102,40.77352493702312,-73.91959562748755,"The Department of Environment Protection inspected your complaint but could not find the problem you reported. If the condition persists, please call 311 (or 212-639-9675 if calling from a non-New York City area code) with more detailed information to submit a new complaint.",Naturally Receded (Unobserved),0.8
60164800,2024-01-28 14:50:00,2024-01-28 19:50:00,Sewer,Street Flooding (SJ),1488 83 STREET,83 STREET,14 AVE,15 AVE,BROOKLYN,11228,40.613228089471356,-74.00790587227696,"The Department of Environment Protection inspected your complaint but could not find the problem you reported. If the condition persists, please call 311 (or 212-639-9675 if calling from a non-New York City area code) with more detailed information to submit a new complaint.",Naturally Receded (Unobserved),5.0
60159265,2024-01-27 05:11:00,2024-01-27 09:30:00,Sewer,Street Flooding (SJ),100-19 158 AVENUE,158 AVENUE,100 ST,101 ST,QUEENS,11414,40.661825109175304,-73.8335204225835,"The Department of Environment Protection inspected your complaint but could not find the problem you reported. If the condition persists, please call 311 (or 212-639-9675 if calling from a non-New York City area code) with more detailed information to submit a new complaint.",Naturally Receded (Unobserved),4.316666666666666
60140183,2024-01-25 10:44:00,2024-01-25 12:50:00,Sewer,Street Flooding (SJ),55 FLEET STREET,FLEET STREET,FLATBUSH AVENUE EXTENSION,DEAD END,BROOKLYN,11201,40.69092081080677,-73.9823668509261,"The Department of Environment Protection inspected your complaint but could not find the problem you reported. If the condition persists, please call 311 (or 212-639-9675 if calling from a non-New York City area code) with more detailed information to submit a new complaint.",Naturally Receded (Unobserved),2.1
60129957,2024-01-24 12:44:00,2024-01-24 18:00:00,Sewer,Street Flooding (SJ),,,,,BROOKLYN,11207,40.66256408733816,-73.89144901789771,"The Department of Environment Protection inspected your complaint but could not find the problem you reported. If the condition persists, please call 311 (or 212-639-9675 if calling from a non-New York City area code) with more detailed information to submit a new complaint.",Naturally Receded (Unobserved),5.266666666666667
60118730,2024-01-23 23:56:00,2024-01-24 09:30:00,Sewer,Street Flooding (SJ),215-73 26 AVENUE,26 AVENUE,BEND,27 AVE,QUEENS,11360,40.77984229219342,-73.77141954333203,"The Department of Environment Protection inspected your complaint but could not find the problem you reported. If the condition persists, please call 311 (or 212-639-9675 if calling from a non-New York City area code) with more detailed information to submit a new complaint.",Naturally Receded (Unobserved),9.566666666666666
60116160,2024-01-23 12:50:00,2024-01-23 13:25:00,Sewer,Street Flooding (SJ),218-22 STEWART ROAD,STEWART ROAD,UNION TPKE,219 ST,QUEENS,11427,40.734365363552406,-73.75196069330713,"The Department of Environment Protection inspected your complaint but could not find the problem you reported. If the condition persists, please call 311 (or 212-639-9675 if calling from a non-New York City area code) with more detailed information to submit a new complaint.",Naturally Receded (Unobserved),0.5833333333333334
60116161,2024-01-23 03:14:00,2024-01-23 09:50:00,Sewer,Street Flooding (SJ),1953 EAST   35 STREET,EAST   35 STREET,FILLMORE AVE,AVENUE S,BROOKLYN,11234,40.610055033667294,-73.9329455361534,"The Department of Environment Protection inspected your complaint but could not find the problem you reported. If the condition persists, please call 311 (or 212-639-9675 if calling from a non-New York City area code) with more detailed information to submit a new complaint.",Naturally Receded (Unobserved),6.6
60097429,2024-01-21 13:29:00,2024-01-21 14:35:00,Sewer,Street Flooding (SJ),,,,,QUEENS,11373,40.733094754904734,-73.88411041122596,"The Department of Environment Protection inspected your complaint but could not find the problem you reported. If the condition persists, please call 311 (or 212-639-9675 if calling from a non-New York City area code) with more detailed information to submit a new complaint.",Naturally Receded (Unobserved),1.1
60074926,2024-01-19 12:02:00,2024-01-19 14:00:00,Sewer,Street Flooding (SJ),101-38 METROPOLITAN AVENUE,METROPOLITAN AVENUE,70 DR,71 AVE,QUEENS,11375,40.71055299208446,-73.85148436483047,"The Department of Environment Protection inspected your complaint but could not find the problem you reported. If the condition persists, please call 311 (or 212-639-9675 if calling from a non-New York City area code) with more detailed information to submit a new complaint.",Naturally Receded (Unobserved),1.9666666666666666
60036028,2024-01-16 13:08:00,2024-01-16 13:55:00,Sewer,Street Flooding (SJ),31-03 30 AVENUE,30 AVENUE,31 ST,32 ST,QUEENS,11102,40.76683440421159,-73.92125350794487,"The Department of Environment Protection inspected your complaint but could not find the problem you reported. If the condition persists, please call 311 (or 212-639-9675 if calling from a non-New York City area code) with more detailed information to submit a new complaint.",Naturally Receded (Unobserved),0.7833333333333333
60033689,2024-01-15 12:47:00,2024-01-15 13:55:00,Sewer,Street Flooding (SJ),42-02 217 STREET,217 STREET,DEAD END,43 AVE,QUEENS,11361,40.763295998624784,-73.76548390880687,"The Department of Environment Protection inspected your complaint but could not find the problem you reported. If the condition persists, please call 311 (or 212-639-9675 if calling from a non-New York City area code) with more detailed information to submit a new complaint.",Naturally Receded (Unobserved),1.1333333333333333
60020549,2024-01-14 00:11:00,2024-01-14 08:25:00,Sewer,Street Flooding (SJ),5900 19 AVENUE,19 AVENUE,59 ST,60 ST,BROOKLYN,11204,40.621209184474225,-73.98458260617292,"The Department of Environment Protection inspected your complaint but could not find the problem you reported. If the condition persists, please call 311 (or 212-639-9675 if calling from a non-New York City area code) with more detailed information to submit a new complaint.",Naturally Receded (Unobserved),8.233333333333333
60010617,2024-01-13 17:08:00,2024-01-13 17:45:00,Sewer,Street Flooding (SJ),2464 EAST   28 STREET,EAST   28 STREET,AVENUE X,AVENUE Y,BROOKLYN,11235,40.59230128023752,-73.94232141763695,"The Department of Environment Protection inspected your complaint but could not find the problem you reported. If the condition persists, please call 311 (or 212-639-9675 if calling from a non-New York City area code) with more detailed information to submit a new complaint.",Naturally Receded (Unobserved),0.6166666666666667
60017547,2024-01-13 14:53:00,2024-01-13 18:45:00,Sewer,Street Flooding (SJ),2847 WEST   21 STREET,WEST   21 STREET,NEPTUNE AVE,MERMAID AVE,BROOKLYN,11224,40.57747675133202,-73.98817453801946,"The Department of Environment Protection inspected your complaint but could not find the problem you reported. If the condition persists, please call 311 (or 212-639-9675 if calling from a non-New York City area code) with more detailed information to submit a new complaint.",Naturally Receded (Unobserved),3.8666666666666667
60011601,2024-01-13 13:29:00,2024-01-13 15:55:00,Sewer,Street Flooding (SJ),8602 AVENUE N,AVENUE N,E 86 ST,E 87 ST,BROOKLYN,11236,40.63023521039243,-73.89964727145087,"The Department of Environment Protection inspected your complaint but could not find the problem you reported. If the condition persists, please call 311 (or 212-639-9675 if calling from a non-New York City area code) with more detailed information to submit a new complaint.",Naturally Receded (Unobserved),2.433333333333333
60013559,2024-01-13 11:53:00,2024-01-13 16:45:00,Sewer,Street Flooding (SJ),124 GELDNER AVENUE,GELDNER AVENUE,SYDNEY PL,WALDEN AVE,STATEN ISLAND,10306,40.57854169806681,-74.12105366084165,"The Department of Environment Protection inspected your complaint but could not find the problem you reported. If the condition persists, please call 311 (or 212-639-9675 if calling from a non-New York City area code) with more detailed information to submit a new complaint.",Naturally Receded (Unobserved),4.866666666666666
60013560,2024-01-13 11:29:00,2024-01-13 17:15:00,Sewer,Street Flooding (SJ),126 FOX LANE,FOX LANE,CEDAR GROVE AVE,HETT AVE,STATEN ISLAND,10306,40.55254737886675,-74.11396430846739,"The Department of Environment Protection inspected your complaint but could not find the problem you reported. If the condition persists, please call 311 (or 212-639-9675 if calling from a non-New York City area code) with more detailed information to submit a new complaint.",Naturally Receded (Unobserved),5.766666666666667
60017550,2024-01-13 11:11:00,2024-01-13 11:50:00,Sewer,Street Flooding (SJ),,,,,BROOKLYN,11224,40.578478729219846,-73.98945592154143,"The Department of Environment Protection inspected your complaint but could not find the problem you reported. If the condition persists, please call 311 (or 212-639-9675 if calling from a non-New York City area code) with more detailed information to submit a new complaint.",Naturally Receded (Unobserved),0.65
60016555,2024-01-13 11:08:00,2024-01-13 14:00:00,Sewer,Street Flooding (SJ),15 BEAUMONT STREET,BEAUMONT STREET,SHORE BLVD,HAMPTON AVE,BROOKLYN,11235,40.58130173080969,-73.9517810299963,"The Department of Environment Protection inspected your complaint but could not find the problem you reported. If the condition persists, please call 311 (or 212-639-9675 if calling from a non-New York City area code) with more detailed information to submit a new complaint.",Naturally Receded (Unobserved),2.8666666666666667
60017551,2024-01-13 11:08:00,2024-01-13 11:40:00,Sewer,Street Flooding (SJ),2401 NEPTUNE AVENUE,NEPTUNE AVENUE,W 24 ST,W 25 ST,BROOKLYN,11224,40.57818798749955,-73.99202987775246,"The Department of Environment Protection inspected your complaint but could not find the problem you reported. If the condition persists, please call 311 (or 212-639-9675 if calling from a non-New York City area code) with more detailed information to submit a new complaint.",Naturally Receded (Unobserved),0.5333333333333333
60013562,2024-01-13 11:02:00,2024-01-13 13:50:00,Sewer,Street Flooding (SJ),,,,,BROOKLYN,11235,40.58174722291622,-73.95381114609643,"The Department of Environment Protection inspected your complaint but could not find the problem you reported. If the condition persists, please call 311 (or 212-639-9675 if calling from a non-New York City area code) with more detailed information to submit a new complaint.",Naturally Receded (Unobserved),2.8
60016543,2024-01-13 10:59:00,2024-01-13 12:00:00,Sewer,Street Flooding (SJ),147 CEDAR GROVE AVENUE,CEDAR GROVE AVENUE,GARIBALDI AVE,CEDAR GROVE CT,STATEN ISLAND,10306,40.56103846362786,-74.10073464541262,"The Department of Environmental Protection has investigated this complaint. Surcharge conditions have been confirmed, due to either a pump station malfunction, high tides, water main break, or another issue.",Hydraulic Capacity Surcharge,1.0166666666666666
60016556,2024-01-13 10:53:00,2024-01-13 11:30:00,Sewer,Street Flooding (SJ),2328 MERMAID AVENUE,MERMAID AVENUE,W 23 ST,W 24 ST,BROOKLYN,11224,40.57598928164313,-73.99047504549893,"The Department of Environment Protection inspected your complaint but could not find the problem you reported. If the condition persists, please call 311 (or 212-639-9675 if calling from a non-New York City area code) with more detailed information to submit a new complaint.",Naturally Receded (Unobserved),0.6166666666666667
60010626,2024-01-13 10:50:00,2024-01-13 13:30:00,Sewer,Street Flooding (SJ),714 HAMPTON AVENUE,HAMPTON AVENUE,OCEAN AVE,FALMOUTH ST,BROOKLYN,11235,40.57990548040469,-73.94746927672132,"The Department of Environment Protection inspected your complaint but could not find the problem you reported. If the condition persists, please call 311 (or 212-639-9675 if calling from a non-New York City area code) with more detailed information to submit a new complaint.",Naturally Receded (Unobserved),2.6666666666666665
60013564,2024-01-13 10:23:00,2024-01-13 16:15:00,Sewer,Street Flooding (SJ),210 CLINTON WHARF,CLINTON WHARF,FERRIS ST,DEAD END,BROOKLYN,11231,40.68101267946068,-74.01405394736683,"The Department of Environment Protection inspected your complaint but could not find the problem you reported. If the condition persists, please call 311 (or 212-639-9675 if calling from a non-New York City area code) with more detailed information to submit a new complaint.",Naturally Receded (Unobserved),5.866666666666666
60014536,2024-01-13 10:23:00,2024-01-13 12:00:00,Sewer,Street Flooding (SJ),143 CEDAR GROVE AVENUE,CEDAR GROVE AVENUE,GARIBALDI AVE,CEDAR GROVE CT,STATEN ISLAND,10306,40.56117306319381,-74.10061608268373,"The Department of Environmental Protection has investigated this complaint. Surcharge conditions have been confirmed, due to either a pump station malfunction, high tides, water main break, or another issue.",Hydraulic Capacity Surcharge,1.6166666666666667
60011592,2024-01-13 10:17:00,2024-01-13 17:30:00,Sewer,Street Flooding (SJ),147 CEDAR GROVE AVENUE,CEDAR GROVE AVENUE,GARIBALDI AVE,CEDAR GROVE CT,STATEN ISLAND,10306,40.56103846362786,-74.10073464541262,"The Department of Environment Protection inspected your complaint but could not find the problem you reported. If the condition persists, please call 311 (or 212-639-9675 if calling from a non-New York City area code) with more detailed information to submit a new complaint.",Naturally Receded (Unobserved),7.216666666666667
60017543,2024-01-13 10:14:00,2024-01-13 15:50:00,Sewer,Street Flooding (SJ),160 IMLAY STREET,IMLAY STREET,COMMERCE ST,VERONA ST,BROOKLYN,11231,40.68065900995755,-74.01019969373112,"The Department of Environment Protection inspected your complaint but could not find the problem you reported. If the condition persists, please call 311 (or 212-639-9675 if calling from a non-New York City area code) with more detailed information to submit a new complaint.",Naturally Receded (Unobserved),5.6
60012532,2024-01-13 10:11:00,2024-01-13 13:05:00,Sewer,Street Flooding (SJ),37 WEST END AVENUE,WEST END AVENUE,OCEAN CT,HAMPTON AVE,BROOKLYN,11235,40.58057509964369,-73.95358155646896,"The Department of Environment Protection inspected your complaint but could not find the problem you reported. If the condition persists, please call 311 (or 212-639-9675 if calling from a non-New York City area code) with more detailed information to submit a new complaint.",Naturally Receded (Unobserved),2.9
60010611,2024-01-13 10:05:00,2024-01-13 12:45:00,Sewer,Street Flooding (SJ),38 EXETER STREET,EXETER STREET,OCEAN AVENUE PEDESTRIAN BRDG,HAMPTON AVE,BROOKLYN,11235,40.58107268823851,-73.9489479712719,"The Department of Environment Protection inspected your complaint but could not find the problem you reported. If the condition persists, please call 311 (or 212-639-9675 if calling from a non-New York City area code) with more detailed information to submit a new complaint.",Naturally Receded (Unobserved),2.6666666666666665
60013553,2024-01-13 09:53:00,2024-01-13 10:40:00,Sewer,Street Flooding (SJ),2869 WEST   21 STREET,WEST   21 STREET,NEPTUNE AVE,MERMAID AVE,BROOKLYN,11224,40.57711443024366,-73.988106205651,"The Department of Environment Protection inspected your complaint but could not find the problem you reported. If the condition persists, please call 311 (or 212-639-9675 if calling from a non-New York City area code) with more detailed information to submit a new complaint.",Naturally Receded (Unobserved),0.7833333333333333
60014550,2024-01-13 09:47:00,2024-01-13 10:20:00,Sewer,Street Flooding (SJ),3052 WEST   21 STREET,WEST   21 STREET,SURF AVE,BOARDWALK W,BROOKLYN,11224,40.57349945285178,-73.98744091929757,"The Department of Environment Protection inspected your complaint but could not find the problem you reported. If the condition persists, please call 311 (or 212-639-9675 if calling from a non-New York City area code) with more detailed information to submit a new complaint.",Naturally Receded (Unobserved),0.55
60010614,2024-01-13 09:44:00,2024-01-13 12:35:00,Sewer,Street Flooding (SJ),16 AMHERST STREET,AMHERST STREET,SHORE BLVD,HAMPTON AVE,BROOKLYN,11235,40.58120879953288,-73.95272430702047,"The Department of Environment Protection inspected your complaint but could not find the problem you reported. If the condition persists, please call 311 (or 212-639-9675 if calling from a non-New York City area code) with more detailed information to submit a new complaint.",Naturally Receded (Unobserved),2.85
60011595,2024-01-13 09:38:00,2024-01-13 10:10:00,Sewer,Street Flooding (SJ),2885 WEST   20 STREET,WEST   20 STREET,NEPTUNE AVE,MERMAID AVE,BROOKLYN,11224,40.57696883512431,-73.98699389063678,"The Department of Environment Protection inspected your complaint but could not find the problem you reported. If the condition persists, please call 311 (or 212-639-9675 if calling from a non-New York City area code) with more detailed information to submit a new complaint.",Naturally Receded (Unobserved),0.5333333333333333
60012534,2024-01-13 09:26:00,2024-01-13 19:10:00,Sewer,Street Flooding (SJ),135 FLAGG PLACE,FLAGG PLACE,EASTENTRY RD,WESTENTRY RD,STATEN ISLAND,10304,40.587953808001735,-74.10406241395192,"The Department of Environment Protection inspected your complaint but could not find the problem you reported. If the condition persists, please call 311 (or 212-639-9675 if calling from a non-New York City area code) with more detailed information to submit a new complaint.",Naturally Receded (Unobserved),9.733333333333333
60011597,2024-01-13 09:26:00,2024-01-13 10:00:00,Sewer,Street Flooding (SJ),,,,,BROOKLYN,11224,40.57627450465428,-73.98795516481685,"The Department of Environment Protection inspected your complaint but could not find the problem you reported. If the condition persists, please call 311 (or 212-639-9675 if calling from a non-New York City area code) with more detailed information to submit a new complaint.",Naturally Receded (Unobserved),0.5666666666666667
60014551,2024-01-13 09:23:00,2024-01-13 18:00:00,Sewer,Street Flooding (SJ),318 COLONY AVENUE,COLONY AVENUE,LINCOLN AVE,GREELEY AVE,STATEN ISLAND,10306,40.57093671483971,-74.09368738104274,"The Department of Environment Protection inspected your complaint but could not find the problem you reported. If the condition persists, please call 311 (or 212-639-9675 if calling from a non-New York City area code) with more detailed information to submit a new complaint.",Naturally Receded (Unobserved),8.616666666666667
60016552,2024-01-13 09:17:00,2024-01-13 19:30:00,Sewer,Street Flooding (SJ),36 LIVINGSTON COURT,LIVINGSTON COURT,ARLINGTON CT,BARD AVE,STATEN ISLAND,10310,40.642631256943865,-74.10877078954668,"The Department of Environment Protection inspected your complaint but could not find the problem you reported. If the condition persists, please call 311 (or 212-639-9675 if calling from a non-New York City area code) with more detailed information to submit a new complaint.",Naturally Receded (Unobserved),10.216666666666667
60016553,2024-01-13 09:11:00,2024-01-13 12:25:00,Sewer,Street Flooding (SJ),42 FALMOUTH STREET,FALMOUTH STREET,SHORE BLVD,HAMPTON AVE,BROOKLYN,11235,40.58088786801678,-73.94692130089165,"The Department of Environment Protection inspected your complaint but could not find the problem you reported. If the condition persists, please call 311 (or 212-639-9675 if calling from a non-New York City area code) with more detailed information to submit a new complaint.",Naturally Receded (Unobserved),3.2333333333333334
60013554,2024-01-13 08:50:00,2024-01-13 17:45:00,Sewer,Street Flooding (SJ),327 COLONY AVENUE,COLONY AVENUE,LINCOLN AVE,GREELEY AVE,STATEN ISLAND,10306,40.57078286775653,-74.09385634070814,"The Department of Environment Protection inspected your complaint but could not find the problem you reported. If the condition persists, please call 311 (or 212-639-9675 if calling from a non-New York City area code) with more detailed information to submit a new complaint.",Naturally Receded (Unobserved),8.916666666666666
60014552,2024-01-13 05:14:00,2024-01-13 06:45:00,Sewer,Street Flooding (SJ),,,,,QUEENS,11385,40.70262579461624,-73.87939545646849,"The Department of Environment Protection inspected your complaint but could not find the problem you reported. If the condition persists, please call 311 (or 212-639-9675 if calling from a non-New York City area code) with more detailed information to submit a new complaint.",Naturally Receded (Unobserved),1.5166666666666666
60013555,2024-01-13 02:23:00,2024-01-13 05:55:00,Sewer,Street Flooding (SJ),153-02 35 AVENUE,35 AVENUE,153 ST,154 ST,QUEENS,11354,40.76608426600925,-73.81162846519864,"The Department of Environment Protection inspected your complaint but could not find the problem you reported. If the condition persists, please call 311 (or 212-639-9675 if calling from a non-New York City area code) with more detailed information to submit a new complaint.",Naturally Receded (Unobserved),3.533333333333333
59998506,2024-01-11 20:59:00,2024-01-12 07:50:00,Sewer,Street Flooding (SJ),5818 19 AVENUE,19 AVENUE,58 ST,59 ST,BROOKLYN,11204,40.62170317718391,-73.98407097661297,"The Department of Environment Protection inspected your complaint but could not find the problem you reported. If the condition persists, please call 311 (or 212-639-9675 if calling from a non-New York City area code) with more detailed information to submit a new complaint.",Naturally Receded (Unobserved),10.85
59978849,2024-01-10 15:47:00,2024-01-10 20:45:00,Sewer,Street Flooding (SJ),,,,,QUEENS,11412,40.699792153733675,-73.77182744747716,"The Department of Environment Protection inspected your complaint but could not find the problem you reported. If the condition persists, please call 311 (or 212-639-9675 if calling from a non-New York City area code) with more detailed information to submit a new complaint.",Naturally Receded (Unobserved),4.966666666666667
59989222,2024-01-10 10:41:00,2024-01-10 14:00:00,Sewer,Street Flooding (SJ),,,,,QUEENS,11360,40.775316621617854,-73.78740811768182,"The Department of Environment Protection inspected your complaint but could not find the problem you reported. If the condition persists, please call 311 (or 212-639-9675 if calling from a non-New York City area code) with more detailed information to submit a new complaint.",Naturally Receded (Unobserved),3.316666666666667
59987706,2024-01-10 09:56:00,2024-01-10 11:00:00,Sewer,Street Flooding (SJ),38-21 48 AVENUE,48 AVENUE,38 ST,39 ST,QUEENS,11101,40.740255656558645,-73.9275458985201,"The Department of Environment Protection inspected your complaint but could not find the problem you reported. If the condition persists, please call 311 (or 212-639-9675 if calling from a non-New York City area code) with more detailed information to submit a new complaint.",Naturally Receded (Unobserved),1.0666666666666667
59987710,2024-01-10 07:20:00,2024-01-10 10:00:00,Sewer,Street Flooding (SJ),46-04 SPRINGFIELD BOULEVARD,SPRINGFIELD BOULEVARD,46 AVE,47 AVE,QUEENS,11361,40.75924652633203,-73.76233609287212,"The Department of Environment Protection inspected your complaint but could not find the problem you reported. If the condition persists, please call 311 (or 212-639-9675 if calling from a non-New York City area code) with more detailed information to submit a new complaint.",Naturally Receded (Unobserved),2.6666666666666665
59974865,2024-01-09 22:02:00,2024-01-10 05:25:00,Sewer,Street Flooding (SJ),154-40 21 AVENUE,21 AVENUE,154 ST,157 ST,QUEENS,11357,40.77939939227451,-73.80852165092556,"The Department of Environment Protection inspected your complaint but could not find the problem you reported. If the condition persists, please call 311 (or 212-639-9675 if calling from a non-New York City area code) with more detailed information to submit a new complaint.",Naturally Receded (Unobserved),7.383333333333334
59977530,2024-01-09 21:56:00,2024-01-10 01:45:00,Sewer,Street Flooding (SJ),465 WILLOUGHBY AVENUE,WILLOUGHBY AVENUE,NOSTRAND AVE,MARCY AVE,BROOKLYN,11206,40.6936811670719,-73.95091723121556,"The Department of Environment Protection inspected your complaint but could not find the problem you reported. If the condition persists, please call 311 (or 212-639-9675 if calling from a non-New York City area code) with more detailed information to submit a new complaint.",Naturally Receded (Unobserved),3.816666666666667
59973586,2024-01-09 18:17:00,2024-01-09 19:05:00,Sewer,Street Flooding (SJ),150 SCHENCK AVENUE,SCHENCK AVENUE,FULTON ST,ATLANTIC AVE,BROOKLYN,11207,40.67762028733769,-73.88970841468908,"The Department of Environment Protection inspected your complaint but could not find the problem you reported. If the condition persists, please call 311 (or 212-639-9675 if calling from a non-New York City area code) with more detailed information to submit a new complaint.",Naturally Receded (Unobserved),0.8
59970943,2024-01-09 14:50:00,2024-01-09 16:45:00,Sewer,Street Flooding (SJ),,,,,BROOKLYN,11210,40.622105572641146,-73.94496852735656,"The Department of Environment Protection inspected your complaint but could not find the problem you reported. If the condition persists, please call 311 (or 212-639-9675 if calling from a non-New York City area code) with more detailed information to submit a new complaint.",Naturally Receded (Unobserved),1.9166666666666667
59977532,2024-01-09 09:29:00,2024-01-09 12:45:00,Sewer,Street Flooding (SJ),,,,,BROOKLYN,11208,40.675276957054116,-73.8623458337343,"The Department of Environment Protection inspected your complaint but could not find the problem you reported. If the condition persists, please call 311 (or 212-639-9675 if calling from a non-New York City area code) with more detailed information to submit a new complaint.",Naturally Receded (Unobserved),3.2666666666666666
59953421,2024-01-07 13:47:00,2024-01-07 17:20:00,Sewer,Street Flooding (SJ),1476 EAST  105 STREET,EAST  105 STREET,FLATLANDS 10 ST,SEAVIEW AVE,BROOKLYN,11236,40.63804052435921,-73.88412776457896,"The Department of Environment Protection inspected your complaint but could not find the problem you reported. If the condition persists, please call 311 (or 212-639-9675 if calling from a non-New York City area code) with more detailed information to submit a new complaint.",Naturally Receded (Unobserved),3.55
59952660,2024-01-07 09:35:00,2024-01-07 18:15:00,Sewer,Street Flooding (SJ),15-01 NEW HAVEN AVENUE,NEW HAVEN AVENUE,BEACH 15 ST,OSTEND PL,QUEENS,11691,40.5988734867235,-73.74901426871995,"The Department of Environment Protection inspected your complaint but could not find the problem you reported. If the condition persists, please call 311 (or 212-639-9675 if calling from a non-New York City area code) with more detailed information to submit a new complaint.",Naturally Receded (Unobserved),8.666666666666666
59955082,2024-01-07 08:47:00,2024-01-07 17:25:00,Sewer,Street Flooding (SJ),114-41 122 STREET,122 STREET,LINDEN BLVD,HAWTREE CREEK RD,QUEENS,11420,40.678785468619864,-73.81746689329401,"The Department of Environment Protection inspected your complaint but could not find the problem you reported. If the condition persists, please call 311 (or 212-639-9675 if calling from a non-New York City area code) with more detailed information to submit a new complaint.",Naturally Receded (Unobserved),8.633333333333333
59954255,2024-01-07 00:08:00,2024-01-07 11:25:00,Sewer,Street Flooding (SJ),1884 58 STREET,58 STREET,DAHL CT,19 AVE,BROOKLYN,11204,40.62201060872753,-73.98417897038773,"The Department of Environment Protection inspected your complaint but could not find the problem you reported. If the condition persists, please call 311 (or 212-639-9675 if calling from a non-New York City area code) with more detailed information to submit a new complaint.",Naturally Receded (Unobserved),11.283333333333333
59946059,2024-01-06 22:59:00,2024-01-07 01:40:00,Sewer,Street Flooding (SJ),71-06 31 AVENUE,31 AVENUE,71 ST,72 ST,QUEENS,11370,40.75816850574411,-73.8960831594566,"The Department of Environment Protection inspected your complaint but could not find the problem you reported. If the condition persists, please call 311 (or 212-639-9675 if calling from a non-New York City area code) with more detailed information to submit a new complaint.",Naturally Receded (Unobserved),2.683333333333333
59924254,2024-01-04 11:47:00,2024-01-04 13:15:00,Sewer,Street Flooding (SJ),108-36 63 ROAD,63 ROAD,108 ST,110 ST,QUEENS,11375,40.73462429006765,-73.84916828941955,"The Department of Environment Protection inspected your complaint but could not find the problem you reported. If the condition persists, please call 311 (or 212-639-9675 if calling from a non-New York City area code) with more detailed information to submit a new complaint.",Naturally Receded (Unobserved),1.4666666666666666
59906026,2024-01-02 20:50:00,2024-01-03 07:25:00,Sewer,Street Flooding (SJ),5800 19 AVENUE,19 AVENUE,58 ST,59 ST,BROOKLYN,11204,40.62177453175238,-73.98399891507682,"The Department of Environment Protection inspected your complaint but could not find the problem you reported. If the condition persists, please call 311 (or 212-639-9675 if calling from a non-New York City area code) with more detailed information to submit a new complaint.",Naturally Receded (Unobserved),10.583333333333334
59903502,2024-01-02 16:26:00,2024-01-03 01:25:00,Sewer,Street Flooding (SJ),150-42 24 ROAD,24 ROAD,150 ST,MURRAY ST,QUEENS,11357,40.77639993531981,-73.81388118211126,"The Department of Environment Protection inspected your complaint but could not find the problem you reported. If the condition persists, please call 311 (or 212-639-9675 if calling from a non-New York City area code) with more detailed information to submit a new complaint.",Naturally Receded (Unobserved),8.983333333333333
59900029,2024-01-01 12:42:00,2024-01-01 13:15:00,Sewer,Street Flooding (SJ),62-49 82 STREET,82 STREET,62 AVE,JUNIPER BLVD N,QUEENS,11379,40.722784326632855,-73.87516684227946,"The Department of Environment Protection inspected your complaint but could not find the problem you reported. If the condition persists, please call 311 (or 212-639-9675 if calling from a non-New York City area code) with more detailed information to submit a new complaint.",Naturally Receded (Unobserved),0.55
59891266,2023-12-31 05:02:00,2023-12-31 06:20:00,Sewer,Street Flooding (SJ),5 STATE ROAD,STATE ROAD,BAYSIDE AVE,HERO RD,QUEENS,11697,40.56629748227965,-73.8874051386105,"The Department of Environment Protection inspected your complaint but could not find the problem you reported. If the condition persists, please call 311 (or 212-639-9675 if calling from a non-New York City area code) with more detailed information to submit a new complaint.",Naturally Receded (Unobserved),1.3
59875272,2023-12-29 07:44:00,2023-12-29 09:50:00,Sewer,Street Flooding (SJ),15 VESPA AVENUE,VESPA AVENUE,ARDEN AVE,ALMOND ST,STATEN ISLAND,10312,40.55143609244771,-74.19034287476238,"The Department of Environment Protection inspected your complaint but could not find the problem you reported. If the condition persists, please call 311 (or 212-639-9675 if calling from a non-New York City area code) with more detailed information to submit a new complaint.",Naturally Receded (Unobserved),2.1
59861818,2023-12-28 06:53:00,2023-12-28 13:05:00,Sewer,Street Flooding (SJ),87-22 69 AVENUE,69 AVENUE,SYBILLA ST,METROPOLITAN AVE,QUEENS,11375,40.71027301295949,-73.85579176199325,"The Department of Environment Protection inspected your complaint but could not find the problem you reported. If the condition persists, please call 311 (or 212-639-9675 if calling from a non-New York City area code) with more detailed information to submit a new complaint.",Naturally Receded (Unobserved),6.2
59867509,2023-12-28 06:35:00,2023-12-28 14:50:00,Sewer,Street Flooding (SJ),190-18 122 AVENUE,122 AVENUE,LUCAS ST,191 ST,QUEENS,11413,40.68484544052299,-73.75641758376933,"The Department of Environment Protection inspected your complaint but could not find the problem you reported. If the condition persists, please call 311 (or 212-639-9675 if calling from a non-New York City area code) with more detailed information to submit a new complaint.",Naturally Receded (Unobserved),8.25
59862950,2023-12-28 06:14:00,2023-12-28 11:25:00,Sewer,Street Flooding (SJ),,,,,QUEENS,11436,40.66985071087831,-73.8006315535159,"The Department of Environment Protection inspected your complaint but could not find the problem you reported. If the condition persists, please call 311 (or 212-639-9675 if calling from a non-New York City area code) with more detailed information to submit a new complaint.",Naturally Receded (Unobserved),5.183333333333334
59868630,2023-12-28 04:35:00,2023-12-28 05:40:00,Sewer,Street Flooding (SJ),109-29 FRANCIS LEWIS BOULEVARD,FRANCIS LEWIS BOULEVARD,109 AVE,HOLLIS AVE,QUEENS,11429,40.7081107324867,-73.75153899252959,"The Department of Environment Protection inspected your complaint but could not find the problem you reported. If the condition persists, please call 311 (or 212-639-9675 if calling from a non-New York City area code) with more detailed information to submit a new complaint.",Naturally Receded (Unobserved),1.0833333333333333
59862952,2023-12-28 03:08:00,2023-12-28 05:10:00,Sewer,Street Flooding (SJ),,,,,BROOKLYN,11233,40.684879930996935,-73.92310262818476,"The Department of Environment Protection inspected your complaint but could not find the problem you reported. If the condition persists, please call 311 (or 212-639-9675 if calling from a non-New York City area code) with more detailed information to submit a new complaint.",Naturally Receded (Unobserved),2.033333333333333
59862953,2023-12-28 02:20:00,2023-12-28 05:30:00,Sewer,Street Flooding (SJ),5710 19 AVENUE,19 AVENUE,55 ST,58 ST,BROOKLYN,11204,40.62224930933174,-73.98349448611847,"The Department of Environment Protection inspected your complaint but could not find the problem you reported. If the condition persists, please call 311 (or 212-639-9675 if calling from a non-New York City area code) with more detailed information to submit a new complaint.",Naturally Receded (Unobserved),3.1666666666666665
59820689,2023-12-22 17:11:00,2023-12-23 03:35:00,Sewer,Street Flooding (SJ),117-46 140 STREET,140 STREET,FOCH BLVD,120 AVE,QUEENS,11436,40.6778338186228,-73.8013720038416,"The Department of Environment Protection inspected your complaint but could not find the problem you reported. If the condition persists, please call 311 (or 212-639-9675 if calling from a non-New York City area code) with more detailed information to submit a new complaint.",Naturally Receded (Unobserved),10.4
59815793,2023-12-22 08:26:00,2023-12-22 10:25:00,Sewer,Street Flooding (SJ),24-18 169 STREET,169 STREET,24 AVE,24 RD,QUEENS,11357,40.77517732980619,-73.7953697890654,"The Department of Environment Protection inspected your complaint but could not find the problem you reported. If the condition persists, please call 311 (or 212-639-9675 if calling from a non-New York City area code) with more detailed information to submit a new complaint.",Naturally Receded (Unobserved),1.9833333333333334
59794378,2023-12-19 14:23:00,2023-12-19 15:50:00,Sewer,Street Flooding (SJ),157-07 LOCKE AVENUE,LOCKE AVENUE,CROSS ISLAND PKWY SR S,158 ST,QUEENS,11357,40.78539956344802,-73.80534469463169,"The Department of Environment Protection inspected your complaint but could not find the problem you reported. If the condition persists, please call 311 (or 212-639-9675 if calling from a non-New York City area code) with more detailed information to submit a new complaint.",Naturally Receded (Unobserved),1.45
59780391,2023-12-18 14:41:00,2023-12-18 17:30:00,Sewer,Street Flooding (SJ),99 MOFFETT STREET,MOFFETT STREET,PETRUS AVE,ARDEN AVE,STATEN ISLAND,10312,40.54459782298575,-74.17541658067918,"The Department of Environment Protection inspected your complaint but could not find the problem you reported. If the condition persists, please call 311 (or 212-639-9675 if calling from a non-New York City area code) with more detailed information to submit a new complaint.",Naturally Receded (Unobserved),2.816666666666667
59775899,2023-12-18 14:02:00,2023-12-18 18:20:00,Sewer,Street Flooding (SJ),1693 49 STREET,49 STREET,16 AVE,17 AVE,BROOKLYN,11204,40.62984689229707,-73.98352142840015,"The Department of Environment Protection inspected your complaint but could not find the problem you reported. If the condition persists, please call 311 (or 212-639-9675 if calling from a non-New York City area code) with more detailed information to submit a new complaint.",Naturally Receded (Unobserved),4.3
59777360,2023-12-18 12:38:00,2023-12-18 13:45:00,Sewer,Street Flooding (SJ),33-12 213 STREET,213 STREET,33 AVE,33 RD,QUEENS,11361,40.77150592415363,-73.7753148272331,"The Department of Environment Protection inspected your complaint but could not find the problem you reported. If the condition persists, please call 311 (or 212-639-9675 if calling from a non-New York City area code) with more detailed information to submit a new complaint.",Naturally Receded (Unobserved),1.1166666666666667
59774385,2023-12-18 11:20:00,2023-12-18 11:40:00,Sewer,Street Flooding (SJ),,,,,STATEN ISLAND,10308,40.55863938669043,-74.15094183429316,"The Department of Environment Protection inspected your complaint but could not find the problem you reported. If the condition persists, please call 311 (or 212-639-9675 if calling from a non-New York City area code) with more detailed information to submit a new complaint.",Naturally Receded (Unobserved),0.3333333333333333
59778891,2023-12-18 10:44:00,2023-12-18 13:20:00,Sewer,Street Flooding (SJ),101-06 ROCKAWAY BEACH BOULEVARD,ROCKAWAY BEACH BOULEVARD,BEACH 101 ST,BEACH 102 ST,QUEENS,11694,40.58349589769626,-73.82188912937916,"The Department of Environment Protection inspected your complaint but could not find the problem you reported. If the condition persists, please call 311 (or 212-639-9675 if calling from a non-New York City area code) with more detailed information to submit a new complaint.",Naturally Receded (Unobserved),2.6
59783435,2023-12-18 10:05:00,2023-12-18 10:35:00,Sewer,Street Flooding (SJ),84 TWOMBLY AVENUE,TWOMBLY AVENUE,HOPKINS AVE,SPRATT AVE,STATEN ISLAND,10306,40.55817552402137,-74.13318070351305,"The Department of Environment Protection inspected your complaint but could not find the problem you reported. If the condition persists, please call 311 (or 212-639-9675 if calling from a non-New York City area code) with more detailed information to submit a new complaint.",Naturally Receded (Unobserved),0.5
59781902,2023-12-18 09:14:00,2023-12-18 11:15:00,Sewer,Street Flooding (SJ),108-43 63 DRIVE,63 DRIVE,108 ST,110 ST,QUEENS,11375,40.73400601120391,-73.84862844427364,"The Department of Environment Protection inspected your complaint but could not find the problem you reported. If the condition persists, please call 311 (or 212-639-9675 if calling from a non-New York City area code) with more detailed information to submit a new complaint.",Naturally Receded (Unobserved),2.0166666666666666
59772873,2023-12-18 08:59:00,2023-12-18 10:10:00,Sewer,Street Flooding (SJ),162 LAMOKA AVENUE,LAMOKA AVENUE,ABINGDON AVE,NOTRE DAME AVE,STATEN ISLAND,10308,40.55045540781721,-74.15631013054224,"The Department of Environment Protection inspected your complaint but could not find the problem you reported. If the condition persists, please call 311 (or 212-639-9675 if calling from a non-New York City area code) with more detailed information to submit a new complaint.",Naturally Receded (Unobserved),1.1833333333333333
59777354,2023-12-18 08:29:00,2023-12-18 11:05:00,Sewer,Street Flooding (SJ),,,,,BROOKLYN,11229,40.59442730782578,-73.93494884409256,"The Department of Environment Protection inspected your complaint but could not find the problem you reported. If the condition persists, please call 311 (or 212-639-9675 if calling from a non-New York City area code) with more detailed information to submit a new complaint.",Naturally Receded (Unobserved),2.6
59778898,2023-12-18 07:59:00,2023-12-18 10:40:00,Sewer,Street Flooding (SJ),,,,,BROOKLYN,11229,40.60455105793167,-73.94751110731553,"The Department of Environment Protection inspected your complaint but could not find the problem you reported. If the condition persists, please call 311 (or 212-639-9675 if calling from a non-New York City area code) with more detailed information to submit a new complaint.",Naturally Receded (Unobserved),2.683333333333333
59777356,2023-12-18 07:53:00,2023-12-18 10:20:00,Sewer,Street Flooding (SJ),1844 EAST   37 STREET,EAST   37 STREET,AVENUE R,FILLMORE AVE,BROOKLYN,11234,40.61267105228493,-73.9333390992911,"The Department of Environment Protection inspected your complaint but could not find the problem you reported. If the condition persists, please call 311 (or 212-639-9675 if calling from a non-New York City area code) with more detailed information to submit a new complaint.",Naturally Receded (Unobserved),2.45
59772877,2023-12-18 07:44:00,2023-12-18 09:05:00,Sewer,Street Flooding (SJ),,,,,BROOKLYN,11223,40.605174799704486,-73.96341409082903,"The Department of Environment Protection inspected your complaint but could not find the problem you reported. If the condition persists, please call 311 (or 212-639-9675 if calling from a non-New York City area code) with more detailed information to submit a new complaint.",Naturally Receded (Unobserved),1.35
59778899,2023-12-18 07:20:00,2023-12-18 11:35:00,Sewer,Street Flooding (SJ),4108 VICTORY BOULEVARD,VICTORY BOULEVARD,WILD AVE,MELVIN AVE,STATEN ISLAND,10314,40.59170196474724,-74.19064848232307,"The Department of Environment Protection inspected your complaint but could not find the problem you reported. If the condition persists, please call 311 (or 212-639-9675 if calling from a non-New York City area code) with more detailed information to submit a new complaint.",Naturally Receded (Unobserved),4.25
59781897,2023-12-18 02:38:00,2023-12-18 05:25:00,Sewer,Street Flooding (SJ),2750 HOMECREST AVENUE,HOMECREST AVENUE,NASSAU CT,BEND,BROOKLYN,11235,40.58429811390181,-73.95628992267918,"The Department of Environment Protection inspected your complaint but could not find the problem you reported. If the condition persists, please call 311 (or 212-639-9675 if calling from a non-New York City area code) with more detailed information to submit a new complaint.",Naturally Receded (Unobserved),2.783333333333333
59764831,2023-12-16 11:41:00,2023-12-16 13:05:00,Sewer,Street Flooding (SJ),,,,,QUEENS,11370,40.76053430549762,-73.89289929429724,"The Department of Environment Protection inspected your complaint but could not find the problem you reported. If the condition persists, please call 311 (or 212-639-9675 if calling from a non-New York City area code) with more detailed information to submit a new complaint.",Naturally Receded (Unobserved),1.4
59743952,2023-12-14 15:11:00,2023-12-14 18:30:00,Sewer,Street Flooding (SJ),,,,,STATEN ISLAND,10305,40.598611395797526,-74.08075909261628,"The Department of Environment Protection inspected your complaint but could not find the problem you reported. If the condition persists, please call 311 (or 212-639-9675 if calling from a non-New York City area code) with more detailed information to submit a new complaint.",Naturally Receded (Unobserved),3.316666666666667
59711825,2023-12-11 09:41:00,2023-12-11 11:55:00,Sewer,Street Flooding (SJ),108-43 63 DRIVE,63 DRIVE,108 ST,110 ST,QUEENS,11375,40.73400601120391,-73.84862844427364,"The Department of Environment Protection inspected your complaint but could not find the problem you reported. If the condition persists, please call 311 (or 212-639-9675 if calling from a non-New York City area code) with more detailed information to submit a new complaint.",Naturally Receded (Unobserved),2.2333333333333334
59703668,2023-12-11 04:26:00,2023-12-11 06:50:00,Sewer,Street Flooding (SJ),1738 50 STREET,50 STREET,OLD NEW UTRECHT RD,18 AVE,BROOKLYN,11204,40.628372809546846,-73.98263195472786,"The Department of Environment Protection inspected your complaint but could not find the problem you reported. If the condition persists, please call 311 (or 212-639-9675 if calling from a non-New York City area code) with more detailed information to submit a new complaint.",Naturally Receded (Unobserved),2.4
59696975,2023-12-10 23:50:00,2023-12-11 02:15:00,Sewer,Street Flooding (SJ),1382 NOSTRAND AVENUE,NOSTRAND AVENUE,LENOX RD,LINDEN BLVD,BROOKLYN,11226,40.653036054919646,-73.94982271308857,"The Department of Environment Protection inspected your complaint but could not find the problem you reported. If the condition persists, please call 311 (or 212-639-9675 if calling from a non-New York City area code) with more detailed information to submit a new complaint.",Naturally Receded (Unobserved),2.4166666666666665
59695295,2023-12-10 20:59:00,2023-12-10 23:25:00,Sewer,Street Flooding (SJ),360 LINCOLN AVENUE,LINCOLN AVENUE,BOUNDARY AVE,SANILAC ST,STATEN ISLAND,10306,40.57575241006966,-74.1018295606735,"The Department of Environment Protection inspected your complaint but could not find the problem you reported. If the condition persists, please call 311 (or 212-639-9675 if calling from a non-New York City area code) with more detailed information to submit a new complaint.",Naturally Receded (Unobserved),2.433333333333333
59695296,2023-12-10 19:08:00,2023-12-11 04:40:00,Sewer,Street Flooding (SJ),134 HAVEN AVENUE,HAVEN AVENUE,ADAMS AVE,HUNTER AVE,STATEN ISLAND,10306,40.57904112415904,-74.09817345319605,"The Department of Environment Protection inspected your complaint but could not find the problem you reported. If the condition persists, please call 311 (or 212-639-9675 if calling from a non-New York City area code) with more detailed information to submit a new complaint.",Naturally Receded (Unobserved),9.533333333333333
59696146,2023-12-10 12:56:00,2023-12-10 14:20:00,Sewer,Street Flooding (SJ),145-51 224 STREET,224 STREET,145 RD,146 AVE,QUEENS,11413,40.661716508692315,-73.75577395286071,"The Department of Environment Protection inspected your complaint but could not find the problem you reported. If the condition persists, please call 311 (or 212-639-9675 if calling from a non-New York City area code) with more detailed information to submit a new complaint.",Naturally Receded (Unobserved),1.4
59676323,2023-12-08 21:38:00,2023-12-09 08:40:00,Sewer,Street Flooding (SJ),2412 EAST   70 STREET,EAST   70 STREET,AVENUE X,AVENUE Y,BROOKLYN,11234,40.614188777347756,-73.90240157260587,"The Department of Environment Protection inspected your complaint but could not find the problem you reported. If the condition persists, please call 311 (or 212-639-9675 if calling from a non-New York City area code) with more detailed information to submit a new complaint.",Naturally Receded (Unobserved),11.033333333333333
59685534,2023-12-08 10:29:00,2023-12-08 13:10:00,Sewer,Street Flooding (SJ),24-17 169 STREET,169 STREET,24 AVE,24 RD,QUEENS,11357,40.775149844033216,-73.79534821033597,"The Department of Environment Protection inspected your complaint but could not find the problem you reported. If the condition persists, please call 311 (or 212-639-9675 if calling from a non-New York City area code) with more detailed information to submit a new complaint.",Naturally Receded (Unobserved),2.683333333333333
59661820,2023-12-06 13:41:00,2023-12-06 14:35:00,Sewer,Street Flooding (SJ),24-17 169 STREET,169 STREET,24 AVE,24 RD,QUEENS,11357,40.775149844033216,-73.79534821033597,"The Department of Environment Protection inspected your complaint but could not find the problem you reported. If the condition persists, please call 311 (or 212-639-9675 if calling from a non-New York City area code) with more detailed information to submit a new complaint.",Naturally Receded (Unobserved),0.9
59637091,2023-12-04 11:05:00,2023-12-04 13:55:00,Sewer,Street Flooding (SJ),5712 19 AVENUE,19 AVENUE,55 ST,58 ST,BROOKLYN,11204,40.6222410765094,-73.98350529490601,"The Department of Environment Protection inspected your complaint but could not find the problem you reported. If the condition persists, please call 311 (or 212-639-9675 if calling from a non-New York City area code) with more detailed information to submit a new complaint.",Naturally Receded (Unobserved),2.8333333333333335
59639843,2023-12-04 09:38:00,2023-12-04 10:45:00,Sewer,Street Flooding (SJ),,,,,QUEENS,11385,40.69511664556036,-73.90321711048776,"The Department of Environment Protection inspected your complaint but could not find the problem you reported. If the condition persists, please call 311 (or 212-639-9675 if calling from a non-New York City area code) with more detailed information to submit a new complaint.",Naturally Receded (Unobserved),1.1166666666666667
59639844,2023-12-04 07:44:00,2023-12-04 09:25:00,Sewer,Street Flooding (SJ),21-17 31 AVENUE,31 AVENUE,21 ST,23 ST,QUEENS,11106,40.767235075568,-73.92964289300815,"The Department of Environment Protection inspected your complaint but could not find the problem you reported. If the condition persists, please call 311 (or 212-639-9675 if calling from a non-New York City area code) with more detailed information to submit a new complaint.",Naturally Receded (Unobserved),1.6833333333333333
59630678,2023-12-03 22:26:00,2023-12-04 09:40:00,Sewer,Street Flooding (SJ),35-04 153 STREET,153 STREET,35 AVE,NORTHERN BLVD,QUEENS,11354,40.76588422481714,-73.81182758252365,"The Department of Environment Protection inspected your complaint but could not find the problem you reported. If the condition persists, please call 311 (or 212-639-9675 if calling from a non-New York City area code) with more detailed information to submit a new complaint.",Naturally Receded (Unobserved),11.233333333333333
59628898,2023-12-03 12:26:00,2023-12-03 12:45:00,Sewer,Street Flooding (SJ),,,,,QUEENS,11385,40.704627468523576,-73.87244171269093,"The Department of Environment Protection inspected your complaint but could not find the problem you reported. If the condition persists, please call 311 (or 212-639-9675 if calling from a non-New York City area code) with more detailed information to submit a new complaint.",Naturally Receded (Unobserved),0.31666666666666665
59625223,2023-12-03 10:44:00,2023-12-03 12:20:00,Sewer,Street Flooding (SJ),98-11 67 AVENUE,67 AVENUE,AUSTIN ST,WETHEROLE ST,QUEENS,11374,40.72450410399943,-73.85538575802423,"The Department of Environment Protection inspected your complaint but could not find the problem you reported. If the condition persists, please call 311 (or 212-639-9675 if calling from a non-New York City area code) with more detailed information to submit a new complaint.",Naturally Receded (Unobserved),1.6
59605251,2023-12-01 09:29:00,2023-12-01 10:55:00,Sewer,Street Flooding (SJ),69-38 182 STREET,182 STREET,69 AVE,73 AVE,QUEENS,11365,40.73274544010807,-73.78887537648704,"The Department of Environment Protection inspected your complaint but could not find the problem you reported. If the condition persists, please call 311 (or 212-639-9675 if calling from a non-New York City area code) with more detailed information to submit a new complaint.",Naturally Receded (Unobserved),1.4333333333333333
59609289,2023-12-01 09:14:00,2023-12-01 10:10:00,Sewer,Street Flooding (SJ),215 PLACE,215 PLACE,43 AVENUE,NORTHERN BOULEVARD,QUEENS,11361,,,"The Department of Environment Protection inspected your complaint but could not find the problem you reported. If the condition persists, please call 311 (or 212-639-9675 if calling from a non-New York City area code) with more detailed information to submit a new complaint.",Naturally Receded (Unobserved),0.9333333333333333
59602505,2023-11-30 00:50:00,2023-11-30 12:00:00,Sewer,Street Flooding (SJ),,,,,QUEENS,11377,40.76235438712948,-73.89323930154362,"The Department of Environment Protection inspected your complaint but could not find the problem you reported. If the condition persists, please call 311 (or 212-639-9675 if calling from a non-New York City area code) with more detailed information to submit a new complaint.",Naturally Receded (Unobserved),11.166666666666666
59560203,2023-11-27 11:53:00,2023-11-27 14:30:00,Sewer,Street Flooding (SJ),,,,,QUEENS,11101,40.746221675916225,-73.94553005137858,"The Department of Environment Protection inspected your complaint but could not find the problem you reported. If the condition persists, please call 311 (or 212-639-9675 if calling from a non-New York City area code) with more detailed information to submit a new complaint.",Naturally Receded (Unobserved),2.6166666666666667
59560834,2023-11-27 11:05:00,2023-11-27 11:55:00,Sewer,Street Flooding (SJ),5716 19 AVENUE,19 AVENUE,55 ST,58 ST,BROOKLYN,11204,40.62222735462015,-73.98351970729631,"The Department of Environment Protection inspected your complaint but could not find the problem you reported. If the condition persists, please call 311 (or 212-639-9675 if calling from a non-New York City area code) with more detailed information to submit a new complaint.",Naturally Receded (Unobserved),0.8333333333333334
59559572,2023-11-27 09:20:00,2023-11-27 10:45:00,Sewer,Street Flooding (SJ),,,,,QUEENS,11378,40.73204118022564,-73.89912952581331,"The Department of Environment Protection inspected your complaint but could not find the problem you reported. If the condition persists, please call 311 (or 212-639-9675 if calling from a non-New York City area code) with more detailed information to submit a new complaint.",Naturally Receded (Unobserved),1.4166666666666667
59560204,2023-11-27 08:17:00,2023-11-27 10:15:00,Sewer,Street Flooding (SJ),,,,,STATEN ISLAND,10314,40.59982731534111,-74.17822285597472,"The Department of Environment Protection inspected your complaint but could not find the problem you reported. If the condition persists, please call 311 (or 212-639-9675 if calling from a non-New York City area code) with more detailed information to submit a new complaint.",Naturally Receded (Unobserved),1.9666666666666666
59528778,2023-11-23 23:14:00,2023-11-24 00:40:00,Sewer,Street Flooding (SJ),227 MULBERRY STREET,MULBERRY STREET,SPRING ST,PRINCE ST,MANHATTAN,10012,40.72249511372269,-73.99606403277274,"The Department of Environment Protection inspected your complaint but could not find the problem you reported. If the condition persists, please call 311 (or 212-639-9675 if calling from a non-New York City area code) with more detailed information to submit a new complaint.",Naturally Receded (Unobserved),1.4333333333333333
59523060,2023-11-22 09:35:00,2023-11-22 10:20:00,Sewer,Street Flooding (SJ),,,,,BRONX,10475,40.86848119544848,-73.83264872901556,"The Department of Environment Protection inspected your complaint but could not find the problem you reported. If the condition persists, please call 311 (or 212-639-9675 if calling from a non-New York City area code) with more detailed information to submit a new complaint.",Naturally Receded (Unobserved),0.75
59520506,2023-11-22 07:32:00,2023-11-22 11:50:00,Sewer,Street Flooding (SJ),,,,,BROOKLYN,11216,40.682834619852095,-73.94091267354423,"The Department of Environment Protection inspected your complaint but could not find the problem you reported. If the condition persists, please call 311 (or 212-639-9675 if calling from a non-New York City area code) with more detailed information to submit a new complaint.",Naturally Receded (Unobserved),4.3
59520507,2023-11-22 06:44:00,2023-11-22 09:45:00,Sewer,Street Flooding (SJ),108-44 63 ROAD,63 ROAD,108 ST,110 ST,QUEENS,11375,40.73468167443239,-73.84897330946035,"The Department of Environment Protection inspected your complaint but could not find the problem you reported. If the condition persists, please call 311 (or 212-639-9675 if calling from a non-New York City area code) with more detailed information to submit a new complaint.",Naturally Receded (Unobserved),3.0166666666666666
59523061,2023-11-22 06:32:00,2023-11-22 10:20:00,Sewer,Street Flooding (SJ),,,,,QUEENS,11375,40.71836919350643,-73.84055801431353,"The Department of Environment Protection inspected your complaint but could not find the problem you reported. If the condition persists, please call 311 (or 212-639-9675 if calling from a non-New York City area code) with more detailed information to submit a new complaint.",Naturally Receded (Unobserved),3.8
59462482,2023-11-16 10:35:00,2023-11-16 12:10:00,Sewer,Street Flooding (SJ),5912 19 AVENUE,19 AVENUE,59 ST,60 ST,BROOKLYN,11204,40.6211597849803,-73.98463304827399,"The Department of Environment Protection inspected your complaint but could not find the problem you reported. If the condition persists, please call 311 (or 212-639-9675 if calling from a non-New York City area code) with more detailed information to submit a new complaint.",Naturally Receded (Unobserved),1.5833333333333333
59457723,2023-11-15 08:56:00,2023-11-15 10:35:00,Sewer,Street Flooding (SJ),,,,,QUEENS,11362,40.76128192630166,-73.74261218664485,"The Department of Environment Protection inspected your complaint but could not find the problem you reported. If the condition persists, please call 311 (or 212-639-9675 if calling from a non-New York City area code) with more detailed information to submit a new complaint.",Naturally Receded (Unobserved),1.65
59428517,2023-11-14 13:11:00,2023-11-14 14:40:00,Sewer,Street Flooding (SJ),5712 19 AVENUE,19 AVENUE,55 ST,58 ST,BROOKLYN,11204,40.6222410765094,-73.98350529490601,"The Department of Environment Protection inspected your complaint but could not find the problem you reported. If the condition persists, please call 311 (or 212-639-9675 if calling from a non-New York City area code) with more detailed information to submit a new complaint.",Naturally Receded (Unobserved),1.4833333333333334
59411626,2023-11-13 17:32:00,2023-11-14 02:20:00,Sewer,Street Flooding (SJ),80-26 217 STREET,217 STREET,UNION TPKE,82 AVE,QUEENS,11427,40.73388101053901,-73.75392541155382,"The Department of Environment Protection inspected your complaint but could not find the problem you reported. If the condition persists, please call 311 (or 212-639-9675 if calling from a non-New York City area code) with more detailed information to submit a new complaint.",Naturally Receded (Unobserved),8.8
59414484,2023-11-13 16:02:00,2023-11-14 01:50:00,Sewer,Street Flooding (SJ),23-10 160 STREET,160 STREET,23 AVE,24 AVE,QUEENS,11357,40.77687422967891,-73.80362929485713,"The Department of Environment Protection inspected your complaint but could not find the problem you reported. If the condition persists, please call 311 (or 212-639-9675 if calling from a non-New York City area code) with more detailed information to submit a new complaint.",Naturally Receded (Unobserved),9.8
59411627,2023-11-13 15:17:00,2023-11-13 18:15:00,Sewer,Street Flooding (SJ),361 3 AVENUE,3 AVENUE,E 26 ST,E 27 ST,MANHATTAN,10016,40.740883574147055,-73.98163911229788,"The Department of Environment Protection inspected your complaint but could not find the problem you reported. If the condition persists, please call 311 (or 212-639-9675 if calling from a non-New York City area code) with more detailed information to submit a new complaint.",Naturally Receded (Unobserved),2.966666666666667
59379544,2023-11-09 12:02:00,2023-11-09 14:10:00,Sewer,Street Flooding (SJ),3801 OCEAN VIEW AVENUE,OCEAN VIEW AVENUE,HIGHLAND AVE,SEA GATE AVE,BROOKLYN,11224,40.58023559002773,-74.00825836538995,"The Department of Environment Protection inspected your complaint but could not find the problem you reported. If the condition persists, please call 311 (or 212-639-9675 if calling from a non-New York City area code) with more detailed information to submit a new complaint.",Naturally Receded (Unobserved),2.1333333333333333
59361109,2023-11-07 11:35:00,2023-11-07 12:45:00,Sewer,Street Flooding (SJ),199-07 100 AVENUE,100 AVENUE,199 ST,200 ST,QUEENS,11423,40.710385240767785,-73.7601693462561,"The Department of Environment Protection inspected your complaint but could not find the problem you reported. If the condition persists, please call 311 (or 212-639-9675 if calling from a non-New York City area code) with more detailed information to submit a new complaint.",Naturally Receded (Unobserved),1.1666666666666667
59342748,2023-11-06 18:29:00,2023-11-07 01:30:00,Sewer,Street Flooding (SJ),22-15 WHITESTONE EXPRESSWAY,WHITESTONE EXPRESSWAY,22 AVE,22 RD,QUEENS,11357,40.77948168931599,-73.8257917017099,"The Department of Environment Protection inspected your complaint but could not find the problem you reported. If the condition persists, please call 311 (or 212-639-9675 if calling from a non-New York City area code) with more detailed information to submit a new complaint.",Naturally Receded (Unobserved),7.016666666666667
59302748,2023-11-02 11:20:00,2023-11-02 12:30:00,Sewer,Street Flooding (SJ),5812 19 AVENUE,19 AVENUE,58 ST,59 ST,BROOKLYN,11204,40.62172513201763,-73.98404575581452,"The Department of Environment Protection inspected your complaint but could not find the problem you reported. If the condition persists, please call 311 (or 212-639-9675 if calling from a non-New York City area code) with more detailed information to submit a new complaint.",Naturally Receded (Unobserved),1.1666666666666667
59299799,2023-11-01 17:50:00,2023-11-01 22:05:00,Sewer,Street Flooding (SJ),252 BEACH   20 STREET,BEACH   20 STREET,SEAGIRT BLVD,PLAINVIEW AVE,QUEENS,11691,40.596312651759604,-73.75412632187577,The Department of Environmental Protection has investigated this complaint. Surcharge conditions have been confirmed and attributed to grease. Work was performed to relieve the blockage.,Hydraulic Capacity Surcharge,4.25
59301277,2023-11-01 14:26:00,2023-11-01 19:30:00,Sewer,Street Flooding (SJ),1769 KIMBALL STREET,KIMBALL STREET,QUENTIN RD,AVENUE R,BROOKLYN,11234,40.61547589056379,-73.93275279271049,"The Department of Environment Protection inspected your complaint but could not find the problem you reported. If the condition persists, please call 311 (or 212-639-9675 if calling from a non-New York City area code) with more detailed information to submit a new complaint.",Naturally Receded (Unobserved),5.066666666666666
59273254,2023-10-30 09:23:00,2023-10-30 12:50:00,Sewer,Street Flooding (SJ),251 AVENUE C,AVENUE C,E 15 ST,E 16 ST,MANHATTAN,10009,40.72921991703622,-73.9752344585081,"The Department of Environment Protection inspected your complaint but could not find the problem you reported. If the condition persists, please call 311 (or 212-639-9675 if calling from a non-New York City area code) with more detailed information to submit a new complaint.",Naturally Receded (Unobserved),3.45
59273255,2023-10-30 08:20:00,2023-10-30 11:05:00,Sewer,Street Flooding (SJ),,,,,BROOKLYN,11215,40.67096156945796,-73.98821203635606,"The Department of Environment Protection inspected your complaint but could not find the problem you reported. If the condition persists, please call 311 (or 212-639-9675 if calling from a non-New York City area code) with more detailed information to submit a new complaint.",Naturally Receded (Unobserved),2.75
59263671,2023-10-29 11:35:00,2023-10-29 14:15:00,Sewer,Street Flooding (SJ),199-07 100 AVENUE,100 AVENUE,199 ST,200 ST,QUEENS,11423,40.710385240767785,-73.7601693462561,"The Department of Environment Protection inspected your complaint but could not find the problem you reported. If the condition persists, please call 311 (or 212-639-9675 if calling from a non-New York City area code) with more detailed information to submit a new complaint.",Naturally Receded (Unobserved),2.6666666666666665
59244347,2023-10-27 12:02:00,2023-10-27 13:20:00,Sewer,Street Flooding (SJ),18-62 BAY LANE,BAY LANE,212 ST,23 AVE,QUEENS,11360,40.78160175191967,-73.77848722442131,"The Department of Environment Protection inspected your complaint but could not find the problem you reported. If the condition persists, please call 311 (or 212-639-9675 if calling from a non-New York City area code) with more detailed information to submit a new complaint.",Naturally Receded (Unobserved),1.3
59238838,2023-10-26 12:05:00,2023-10-26 13:10:00,Sewer,Street Flooding (SJ),,,,,MANHATTAN,10014,40.735960838182784,-74.0051275341305,"The Department of Environment Protection inspected your complaint but could not find the problem you reported. If the condition persists, please call 311 (or 212-639-9675 if calling from a non-New York City area code) with more detailed information to submit a new complaint.",Naturally Receded (Unobserved),1.0833333333333333
59213783,2023-10-24 11:14:00,2023-10-24 12:10:00,Sewer,Street Flooding (SJ),193-01 53 AVENUE,53 AVENUE,193 ST,194 ST,QUEENS,11365,40.746827724532466,-73.78532280304745,"The Department of Environment Protection inspected your complaint but could not find the problem you reported. If the condition persists, please call 311 (or 212-639-9675 if calling from a non-New York City area code) with more detailed information to submit a new complaint.",Naturally Receded (Unobserved),0.9333333333333333
59215156,2023-10-24 09:44:00,2023-10-24 11:10:00,Sewer,Street Flooding (SJ),154-34 21 AVENUE,21 AVENUE,154 ST,157 ST,QUEENS,11357,40.7793994042737,-73.80852887241298,"The Department of Environment Protection inspected your complaint but could not find the problem you reported. If the condition persists, please call 311 (or 212-639-9675 if calling from a non-New York City area code) with more detailed information to submit a new complaint.",Naturally Receded (Unobserved),1.4333333333333333
59216470,2023-10-24 08:50:00,2023-10-24 11:35:00,Sewer,Street Flooding (SJ),,,,,QUEENS,11361,40.76566277025937,-73.7699628301906,"The Department of Environment Protection inspected your complaint but could not find the problem you reported. If the condition persists, please call 311 (or 212-639-9675 if calling from a non-New York City area code) with more detailed information to submit a new complaint.",Naturally Receded (Unobserved),2.75
59203892,2023-10-23 14:23:00,2023-10-23 21:20:00,Sewer,Street Flooding (SJ),1217 43 STREET,43 STREET,12 AVE,13 AVE,BROOKLYN,11219,40.6393720714562,-73.99023539497237,"The Department of Environment Protection inspected your complaint but could not find the problem you reported. If the condition persists, please call 311 (or 212-639-9675 if calling from a non-New York City area code) with more detailed information to submit a new complaint.",Naturally Receded (Unobserved),6.95
59194579,2023-10-22 22:17:00,2023-10-23 00:45:00,Sewer,Street Flooding (SJ),1922 BOSTON ROAD,BOSTON ROAD,LONGFELLOW AVE,E TREMONT AVE,BRONX,10460,40.83980437778435,-73.88123929660236,"The Department of Environment Protection inspected your complaint but could not find the problem you reported. If the condition persists, please call 311 (or 212-639-9675 if calling from a non-New York City area code) with more detailed information to submit a new complaint.",Naturally Receded (Unobserved),2.466666666666667
59185291,2023-10-21 16:02:00,2023-10-21 20:45:00,Sewer,Street Flooding (SJ),77 BLEEKER STREET,BLEEKER STREET,BROADWAY,MERCER ST,MANHATTAN,10012,40.72663420717547,-73.99604214094772,"The Department of Environment Protection inspected your complaint but could not find the problem you reported. If the condition persists, please call 311 (or 212-639-9675 if calling from a non-New York City area code) with more detailed information to submit a new complaint.",Naturally Receded (Unobserved),4.716666666666667
59178990,2023-10-20 20:56:00,2023-10-21 01:40:00,Sewer,Street Flooding (SJ),90-08 ROCKAWAY BOULEVARD,ROCKAWAY BOULEVARD,102 RD,91 ST,QUEENS,11416,40.68181216956155,-73.84912910048828,"The Department of Environment Protection inspected your complaint but could not find the problem you reported. If the condition persists, please call 311 (or 212-639-9675 if calling from a non-New York City area code) with more detailed information to submit a new complaint.",Naturally Receded (Unobserved),4.733333333333333
59177865,2023-10-20 18:05:00,2023-10-20 19:50:00,Sewer,Street Flooding (SJ),1325 YORK AVENUE,YORK AVENUE,E 70 ST,E 71 ST,MANHATTAN,10021,40.765979461220304,-73.95439455485192,"The Department of Environment Protection inspected your complaint but could not find the problem you reported. If the condition persists, please call 311 (or 212-639-9675 if calling from a non-New York City area code) with more detailed information to submit a new complaint.",Naturally Receded (Unobserved),1.75
59175594,2023-10-20 17:44:00,2023-10-21 02:05:00,Sewer,Street Flooding (SJ),141-53 181 STREET,181 STREET,141 AVE,143 AVE,QUEENS,11413,40.669943546925076,-73.76276605726976,"The Department of Environment Protection inspected your complaint but could not find the problem you reported. If the condition persists, please call 311 (or 212-639-9675 if calling from a non-New York City area code) with more detailed information to submit a new complaint.",Naturally Receded (Unobserved),8.35
59178993,2023-10-20 10:17:00,2023-10-20 11:20:00,Sewer,Street Flooding (SJ),213 STREET,213 STREET,42 AVENUE,43 AVENUE,QUEENS,11361,,,"The Department of Environment Protection inspected your complaint but could not find the problem you reported. If the condition persists, please call 311 (or 212-639-9675 if calling from a non-New York City area code) with more detailed information to submit a new complaint.",Naturally Receded (Unobserved),1.05
59150523,2023-10-18 10:59:00,2023-10-18 12:20:00,Sewer,Street Flooding (SJ),50-23 69 PLACE,69 PLACE,GARFIELD AVE,51 AVE,QUEENS,11377,40.73631112169096,-73.89505276409376,"The Department of Environment Protection inspected your complaint but could not find the problem you reported. If the condition persists, please call 311 (or 212-639-9675 if calling from a non-New York City area code) with more detailed information to submit a new complaint.",Naturally Receded (Unobserved),1.35
59142033,2023-10-17 16:20:00,2023-10-18 03:40:00,Sewer,Street Flooding (SJ),72-15 ALMEDA AVENUE,ALMEDA AVENUE,BEACH 72 ST,BARBADOES DR,QUEENS,11692,40.59667365088896,-73.80173946550946,"The Department of Environment Protection inspected your complaint but could not find the problem you reported. If the condition persists, please call 311 (or 212-639-9675 if calling from a non-New York City area code) with more detailed information to submit a new complaint.",Naturally Receded (Unobserved),11.333333333333334
59146300,2023-10-17 12:32:00,2023-10-17 13:55:00,Sewer,Street Flooding (SJ),149-44 22 AVENUE,22 AVENUE,149 ST,150 ST,QUEENS,11357,40.77899713236224,-73.81600786922895,"The Department of Environment Protection inspected your complaint but could not find the problem you reported. If the condition persists, please call 311 (or 212-639-9675 if calling from a non-New York City area code) with more detailed information to submit a new complaint.",Naturally Receded (Unobserved),1.3833333333333333
59140678,2023-10-17 00:02:00,2023-10-17 08:50:00,Sewer,Street Flooding (SJ),,,,,QUEENS,11378,40.72670092609699,-73.9003282158591,"The Department of Environment Protection inspected your complaint but could not find the problem you reported. If the condition persists, please call 311 (or 212-639-9675 if calling from a non-New York City area code) with more detailed information to submit a new complaint.",Naturally Receded (Unobserved),8.8
59132123,2023-10-16 17:56:00,2023-10-16 20:50:00,Sewer,Street Flooding (SJ),504 GRAND STREET,GRAND STREET,E BROADWAY,ABRAHAM KAZAN ST,MANHATTAN,10002,40.7146712596696,-73.98232810249878,"The Department of Environment Protection inspected your complaint but could not find the problem you reported. If the condition persists, please call 311 (or 212-639-9675 if calling from a non-New York City area code) with more detailed information to submit a new complaint.",Naturally Receded (Unobserved),2.9
59111280,2023-10-14 19:02:00,2023-10-14 20:30:00,Sewer,Street Flooding (SJ),140-64 160 STREET,160 STREET,140 AVE,BELT PARKWAY EXIT 21 A  WB,QUEENS,11434,40.66957370319424,-73.77542389348991,"The Department of Environment Protection inspected your complaint but could not find the problem you reported. If the condition persists, please call 311 (or 212-639-9675 if calling from a non-New York City area code) with more detailed information to submit a new complaint.",Naturally Receded (Unobserved),1.4666666666666666
59111281,2023-10-14 16:08:00,2023-10-14 18:30:00,Sewer,Street Flooding (SJ),171 DUANE STREET,DUANE STREET,STAPLE ST,BEND,MANHATTAN,10013,40.717345605395934,-74.0096858437359,"The Department of Environment Protection inspected your complaint but could not find the problem you reported. If the condition persists, please call 311 (or 212-639-9675 if calling from a non-New York City area code) with more detailed information to submit a new complaint.",Naturally Receded (Unobserved),2.3666666666666667
59115966,2023-10-14 14:11:00,2023-10-14 17:50:00,Sewer,Street Flooding (SJ),148-05 HOOK CREEK BOULEVARD,HOOK CREEK BOULEVARD,148 AVE,148 RD,QUEENS,11422,40.654294190754996,-73.72633484530685,"The Department of Environment Protection inspected your complaint but could not find the problem you reported. If the condition persists, please call 311 (or 212-639-9675 if calling from a non-New York City area code) with more detailed information to submit a new complaint.",Naturally Receded (Unobserved),3.65
59099552,2023-10-13 20:11:00,2023-10-13 21:35:00,Sewer,Street Flooding (SJ),137-35 SAPPHIRE STREET,SAPPHIRE STREET,LINDEN BLVD,LORING AVE,QUEENS,11414,40.669511971653506,-73.85706587337727,"The Department of Environment Protection inspected your complaint but could not find the problem you reported. If the condition persists, please call 311 (or 212-639-9675 if calling from a non-New York City area code) with more detailed information to submit a new complaint.",Naturally Receded (Unobserved),1.4
59102327,2023-10-13 13:56:00,2023-10-13 14:30:00,Sewer,Street Flooding (SJ),29-40 214 STREET,214 STREET,29 AVE,33 AVE,QUEENS,11360,40.77484386646544,-73.7740795994795,"The Department of Environment Protection inspected your complaint but could not find the problem you reported. If the condition persists, please call 311 (or 212-639-9675 if calling from a non-New York City area code) with more detailed information to submit a new complaint.",Naturally Receded (Unobserved),0.5666666666666667
59093065,2023-10-12 16:38:00,2023-10-13 01:10:00,Sewer,Street Flooding (SJ),39-55 GREENPOINT AVENUE,GREENPOINT AVENUE,39 PL,40 ST,QUEENS,11104,40.739217047342834,-73.9258293457637,"The Department of Environment Protection inspected your complaint but could not find the problem you reported. If the condition persists, please call 311 (or 212-639-9675 if calling from a non-New York City area code) with more detailed information to submit a new complaint.",Naturally Receded (Unobserved),8.533333333333333
59075679,2023-10-10 22:50:00,2023-10-11 09:30:00,Sewer,Street Flooding (SJ),48 HARTFORD STREET,HARTFORD STREET,NELSON AVE,CLEVELAND AVE,STATEN ISLAND,10308,40.54303020609238,-74.14408479630922,"The Department of Environment Protection inspected your complaint but could not find the problem you reported. If the condition persists, please call 311 (or 212-639-9675 if calling from a non-New York City area code) with more detailed information to submit a new complaint.",Naturally Receded (Unobserved),10.666666666666666
59054943,2023-10-08 00:17:00,2023-10-08 08:35:00,Sewer,Street Flooding (SJ),48-21 5 STREET,5 STREET,48 AVE,49 AVE,QUEENS,11101,40.74431033295512,-73.9560441975886,"The Department of Environment Protection inspected your complaint but could not find the problem you reported. If the condition persists, please call 311 (or 212-639-9675 if calling from a non-New York City area code) with more detailed information to submit a new complaint.",Naturally Receded (Unobserved),8.3
59049104,2023-10-07 18:26:00,2023-10-07 20:25:00,Sewer,Street Flooding (SJ),133-11 221 STREET,221 STREET,133 AVE,MERRICK BLVD,QUEENS,11413,40.67963900134409,-73.7476935896615,"The Department of Environment Protection inspected your complaint but could not find the problem you reported. If the condition persists, please call 311 (or 212-639-9675 if calling from a non-New York City area code) with more detailed information to submit a new complaint.",Naturally Receded (Unobserved),1.9833333333333334
59045415,2023-10-07 17:17:00,2023-10-07 19:20:00,Sewer,Street Flooding (SJ),2143 83 STREET,83 STREET,21 AVE,BAY PKWY,BROOKLYN,11214,40.6043981582017,-73.99325838927658,"The Department of Environment Protection inspected your complaint but could not find the problem you reported. If the condition persists, please call 311 (or 212-639-9675 if calling from a non-New York City area code) with more detailed information to submit a new complaint.",Naturally Receded (Unobserved),2.05
59049105,2023-10-07 16:08:00,2023-10-07 20:10:00,Sewer,Street Flooding (SJ),138-11 20 AVENUE,20 AVENUE,UNNAMED ST,PETRACCA PL,QUEENS,11356,40.781670005546765,-73.8299746000023,"The Department of Environment Protection inspected your complaint but could not find the problem you reported. If the condition persists, please call 311 (or 212-639-9675 if calling from a non-New York City area code) with more detailed information to submit a new complaint.",Naturally Receded (Unobserved),4.033333333333333
59044444,2023-10-07 14:32:00,2023-10-07 17:35:00,Sewer,Street Flooding (SJ),1820 FLUSHING AVENUE,FLUSHING AVENUE,????????????????????????????,ONDERDONK AVE,QUEENS,11385,40.71092591307725,-73.92035647613966,"The Department of Environment Protection inspected your complaint but could not find the problem you reported. If the condition persists, please call 311 (or 212-639-9675 if calling from a non-New York City area code) with more detailed information to submit a new complaint.",Naturally Receded (Unobserved),3.05
59044446,2023-10-07 12:35:00,2023-10-07 16:45:00,Sewer,Street Flooding (SJ),35-60 95 STREET,95 STREET,35 AVE,37 AVE,QUEENS,11372,40.75274870400857,-73.87255529764317,"The Department of Environment Protection inspected your complaint but could not find the problem you reported. If the condition persists, please call 311 (or 212-639-9675 if calling from a non-New York City area code) with more detailed information to submit a new complaint.",Naturally Receded (Unobserved),4.166666666666667
59042541,2023-10-07 12:08:00,2023-10-07 13:45:00,Sewer,Street Flooding (SJ),,,,,BROOKLYN,11207,40.686417447913385,-73.90868879600058,"The Department of Environment Protection inspected your complaint but could not find the problem you reported. If the condition persists, please call 311 (or 212-639-9675 if calling from a non-New York City area code) with more detailed information to submit a new complaint.",Naturally Receded (Unobserved),1.6166666666666667
59048161,2023-10-07 11:47:00,2023-10-07 14:20:00,Sewer,Street Flooding (SJ),74 BUSHWICK AVENUE,BUSHWICK AVENUE,POWERS ST,GRAND ST,BROOKLYN,11211,40.712557753452934,-73.9409981461936,"The Department of Environment Protection inspected your complaint but could not find the problem you reported. If the condition persists, please call 311 (or 212-639-9675 if calling from a non-New York City area code) with more detailed information to submit a new complaint.",Naturally Receded (Unobserved),2.55
59043436,2023-10-07 11:02:00,2023-10-07 19:20:00,Sewer,Street Flooding (SJ),138-02 230 STREET,230 STREET,138 AVE,139 AVE,QUEENS,11413,40.67083315867553,-73.74371105355438,"The Department of Environment Protection inspected your complaint but could not find the problem you reported. If the condition persists, please call 311 (or 212-639-9675 if calling from a non-New York City area code) with more detailed information to submit a new complaint.",Naturally Receded (Unobserved),8.3
59046338,2023-10-07 10:08:00,2023-10-07 20:15:00,Sewer,Street Flooding (SJ),43D 9 STREET,9 STREET,BODY OF WATER,2 AVE,BROOKLYN,11215,40.673684906162535,-73.99558383942892,"The Department of Environment Protection inspected your complaint but could not find the problem you reported. If the condition persists, please call 311 (or 212-639-9675 if calling from a non-New York City area code) with more detailed information to submit a new complaint.",Naturally Receded (Unobserved),10.116666666666667
59031212,2023-10-05 22:20:00,2023-10-06 09:20:00,Sewer,Street Flooding (SJ),30 WALTON STREET,WALTON STREET,MARCY AVE,UNION AVE,BROOKLYN,11206,40.70110579357051,-73.95098750165432,"The Department of Environment Protection inspected your complaint but could not find the problem you reported. If the condition persists, please call 311 (or 212-639-9675 if calling from a non-New York City area code) with more detailed information to submit a new complaint.",Naturally Receded (Unobserved),11.0
59008729,2023-10-03 16:38:00,2023-10-04 02:40:00,Sewer,Street Flooding (SJ),17-28 149 STREET,149 STREET,17 RD,18 AVE,QUEENS,11357,40.783532523661606,-73.81668503443981,"The Department of Environment Protection inspected your complaint but could not find the problem you reported. If the condition persists, please call 311 (or 212-639-9675 if calling from a non-New York City area code) with more detailed information to submit a new complaint.",Naturally Receded (Unobserved),10.033333333333333
58989235,2023-10-02 13:17:00,2023-10-02 14:15:00,Sewer,Street Flooding (SJ),30-02 82 STREET,82 STREET,30 AVE,31 AVE,QUEENS,11370,40.76105505064827,-73.88637922904309,"The Department of Environment Protection inspected your complaint but could not find the problem you reported. If the condition persists, please call 311 (or 212-639-9675 if calling from a non-New York City area code) with more detailed information to submit a new complaint.",Naturally Receded (Unobserved),0.9666666666666667
58995138,2023-10-02 10:38:00,2023-10-02 11:40:00,Sewer,Street Flooding (SJ),138 WEST   19 STREET,WEST   19 STREET,AVENUE OF THE AMERICAS,7 AVE,MANHATTAN,10011,40.740942600793275,-73.99579590153792,"The Department of Environment Protection inspected your complaint but could not find the problem you reported. If the condition persists, please call 311 (or 212-639-9675 if calling from a non-New York City area code) with more detailed information to submit a new complaint.",Naturally Receded (Unobserved),1.0333333333333334
58996597,2023-10-02 08:20:00,2023-10-02 10:20:00,Sewer,Street Flooding (SJ),74 7 AVENUE,7 AVENUE,W 14 ST,W 15 ST,MANHATTAN,10011,40.739144862925016,-73.99926746011974,"The Department of Environment Protection inspected your complaint but could not find the problem you reported. If the condition persists, please call 311 (or 212-639-9675 if calling from a non-New York City area code) with more detailed information to submit a new complaint.",Naturally Receded (Unobserved),2.0
58978016,2023-10-01 22:44:00,2023-10-02 09:40:00,Sewer,Street Flooding (SJ),1706 8 AVENUE,8 AVENUE,17 ST,18 ST,BROOKLYN,11215,40.65944680507847,-73.9846494583364,"The Department of Environment Protection inspected your complaint but could not find the problem you reported. If the condition persists, please call 311 (or 212-639-9675 if calling from a non-New York City area code) with more detailed information to submit a new complaint.",Naturally Receded (Unobserved),10.933333333333334
58979219,2023-10-01 16:26:00,2023-10-02 00:50:00,Sewer,Street Flooding (SJ),205 WEST   10 STREET,WEST   10 STREET,W 4 ST,BLEECKER ST,MANHATTAN,10014,40.73413013836869,-74.00382118892047,"The Department of Environment Protection inspected your complaint but could not find the problem you reported. If the condition persists, please call 311 (or 212-639-9675 if calling from a non-New York City area code) with more detailed information to submit a new complaint.",Naturally Receded (Unobserved),8.4
58980424,2023-10-01 10:11:00,2023-10-01 13:50:00,Sewer,Street Flooding (SJ),3 WEST  115 STREET,WEST  115 STREET,5 AVE,LENOX AVE,MANHATTAN,10026,40.80008797181835,-73.94724495725916,"The Department of Environment Protection inspected your complaint but could not find the problem you reported. If the condition persists, please call 311 (or 212-639-9675 if calling from a non-New York City area code) with more detailed information to submit a new complaint.",Naturally Receded (Unobserved),3.65
58980426,2023-10-01 04:47:00,2023-10-01 10:45:00,Sewer,Street Flooding (SJ),172 MARLBOROUGH ROAD,MARLBOROUGH ROAD,ALBEMARLE RD,BEVERLEY RD,BROOKLYN,11226,40.645732406176435,-73.96529450998071,"The Department of Environment Protection inspected your complaint but could not find the problem you reported. If the condition persists, please call 311 (or 212-639-9675 if calling from a non-New York City area code) with more detailed information to submit a new complaint.",Naturally Receded (Unobserved),5.966666666666667
58972032,2023-09-30 04:53:00,2023-09-30 16:50:00,Sewer,Street Flooding (SJ),587 10 STREET,10 STREET,7 AVE,8 AVE,BROOKLYN,11215,40.665712566703974,-73.98085597902845,The Department of Environmental Protection has investigated this complaint. Surcharge conditions have been confirmed due to rain intensity or volume.,Hydraulic Capacity Surcharge,11.95
58966884,2023-09-29 20:11:00,2023-09-29 21:30:00,Sewer,Street Flooding (SJ),566 7 STREET,7 STREET,8 AVE,PROSPECT PARK W,BROOKLYN,11215,40.666472206658725,-73.9772150752975,"The Department of Environment Protection inspected your complaint but could not find the problem you reported. If the condition persists, please call 311 (or 212-639-9675 if calling from a non-New York City area code) with more detailed information to submit a new complaint.",Naturally Receded (Unobserved),1.3166666666666667
58956081,2023-09-29 14:26:00,2023-09-29 18:15:00,Sewer,Street Flooding (SJ),550H GRAND STREET,GRAND STREET,GRAND ST,BROOME ST,MANHATTAN,10002,40.714577550856305,-73.9799653845844,"The Department of Environment Protection inspected your complaint but could not find the problem you reported. If the condition persists, please call 311 (or 212-639-9675 if calling from a non-New York City area code) with more detailed information to submit a new complaint.",Naturally Receded (Unobserved),3.816666666666667
58962172,2023-09-29 14:23:00,2023-09-29 21:00:00,Sewer,Street Flooding (SJ),,,,,BRONX,10460,40.84142726397904,-73.86685580506075,The Department of Environmental Protection has investigated this complaint. Surcharge conditions have been confirmed due to rain intensity or volume.,Hydraulic Capacity Surcharge,6.616666666666666
58960701,2023-09-29 13:38:00,2023-09-29 15:30:00,Sewer,Street Flooding (SJ),1723 8 AVENUE,8 AVENUE,17 ST,18 ST,BROOKLYN,11215,40.659128450611355,-73.98495228795878,"The Department of Environment Protection inspected your complaint but could not find the problem you reported. If the condition persists, please call 311 (or 212-639-9675 if calling from a non-New York City area code) with more detailed information to submit a new complaint.",Naturally Receded (Unobserved),1.8666666666666667
58962223,2023-09-29 12:35:00,2023-09-29 18:55:00,Sewer,Street Flooding (SJ),50-51 BROADWAY,BROADWAY,49 ST,51 ST,QUEENS,11377,40.75457881997207,-73.90962765317553,"The Department of Environment Protection inspected your complaint but could not find the problem you reported. If the condition persists, please call 311 (or 212-639-9675 if calling from a non-New York City area code) with more detailed information to submit a new complaint.",Naturally Receded (Unobserved),6.333333333333333
58959195,2023-09-29 12:32:00,2023-09-29 16:40:00,Sewer,Street Flooding (SJ),139-15 20 AVENUE,20 AVENUE,UNNAMED ST,PETRACCA PL,QUEENS,11356,40.78167161295209,-73.82920547794883,"The Department of Environment Protection inspected your complaint but could not find the problem you reported. If the condition persists, please call 311 (or 212-639-9675 if calling from a non-New York City area code) with more detailed information to submit a new complaint.",Naturally Receded (Unobserved),4.133333333333334
58959203,2023-09-29 11:59:00,2023-09-29 19:10:00,Sewer,Street Flooding (SJ),60-20 BROADWAY,BROADWAY,60 ST,61 ST,QUEENS,11377,40.75106457882993,-73.90174627796296,"The Department of Environment Protection inspected your complaint but could not find the problem you reported. If the condition persists, please call 311 (or 212-639-9675 if calling from a non-New York City area code) with more detailed information to submit a new complaint.",Naturally Receded (Unobserved),7.183333333333334
58960662,2023-09-29 11:47:00,2023-09-29 13:40:00,Sewer,Street Flooding (SJ),100 WEST   41 STREET,WEST   41 STREET,AVENUE OF THE AMERICAS,BROADWAY,MANHATTAN,10036,40.75429763528232,-73.98490552384742,"The Department of Environment Protection inspected your complaint but could not find the problem you reported. If the condition persists, please call 311 (or 212-639-9675 if calling from a non-New York City area code) with more detailed information to submit a new complaint.",Naturally Receded (Unobserved),1.8833333333333333
58957661,2023-09-29 11:02:00,2023-09-29 18:50:00,Sewer,Street Flooding (SJ),POST ROAD,POST ROAD,FIELDSTON TERRACE,WEST  252 STREET,BRONX,10471,,,"The Department of Environment Protection inspected your complaint but could not find the problem you reported. If the condition persists, please call 311 (or 212-639-9675 if calling from a non-New York City area code) with more detailed information to submit a new complaint.",Naturally Receded (Unobserved),7.8
58963710,2023-09-29 11:02:00,2023-09-29 17:15:00,Sewer,Street Flooding (SJ),3700 JEROME AVENUE,JEROME AVENUE,JEROME AVENUE LINE,BAINBRIDGE AVE,BRONX,10467,40.8867438487209,-73.87822962433039,The Department of Environmental Protection has investigated this complaint. Surcharge conditions have been confirmed due to rain intensity or volume.,Hydraulic Capacity Surcharge,6.216666666666667
58957663,2023-09-29 10:56:00,2023-09-29 18:55:00,Sewer,Street Flooding (SJ),1136 OGDEN AVENUE,OGDEN AVENUE,W 166 ST,W 167 ST,BRONX,10452,40.836351419307235,-73.92743401911407,The Department of Environmental Protection has investigated this complaint. Surcharge conditions have been confirmed due to rain intensity or volume.,Hydraulic Capacity Surcharge,7.983333333333333
58957664,2023-09-29 10:56:00,2023-09-29 16:55:00,Sewer,Street Flooding (SJ),210 BETTS AVENUE,BETTS AVENUE,GILDERSLEEVE AVE,DEAD END,BRONX,10473,40.8103119559549,-73.85023582999517,The Department of Environmental Protection has investigated this complaint. Surcharge conditions have been confirmed due to rain intensity or volume.,Hydraulic Capacity Surcharge,5.983333333333333
58957671,2023-09-29 10:47:00,2023-09-29 14:30:00,Sewer,Street Flooding (SJ),6 MELROSE LANE,MELROSE LANE,DEAD END,WEST DR,QUEENS,11363,40.77216495361016,-73.75267556373002,"The Department of Environment Protection inspected your complaint but could not find the problem you reported. If the condition persists, please call 311 (or 212-639-9675 if calling from a non-New York City area code) with more detailed information to submit a new complaint.",Naturally Receded (Unobserved),3.716666666666667
58965350,2023-09-29 10:35:00,2023-09-29 18:35:00,Sewer,Street Flooding (SJ),363 RIDER AVENUE,RIDER AVENUE,E 141 ST,E 142 ST,BRONX,10451,40.81463145593298,-73.92582838990016,The Department of Environmental Protection has investigated this complaint. Surcharge conditions have been confirmed due to rain intensity or volume.,Hydraulic Capacity Surcharge,8.0
58960679,2023-09-29 10:23:00,2023-09-29 22:10:00,Sewer,Street Flooding (SJ),3537 MICKLE AVENUE,MICKLE AVENUE,CHESTER ST,NEEDHAM AVE,BRONX,10469,40.8795481925478,-73.8467529713788,"The Department of Environment Protection inspected your complaint but could not find the problem you reported. If the condition persists, please call 311 (or 212-639-9675 if calling from a non-New York City area code) with more detailed information to submit a new complaint.",Naturally Receded (Unobserved),11.783333333333333
58956046,2023-09-29 10:20:00,2023-09-29 20:25:00,Sewer,Street Flooding (SJ),3225 JOHNSON AVENUE,JOHNSON AVENUE,CAMBRIDGE AVE,W 235 ST,BRONX,10463,40.88429212548419,-73.9104241532665,"The Department of Environment Protection inspected your complaint but could not find the problem you reported. If the condition persists, please call 311 (or 212-639-9675 if calling from a non-New York City area code) with more detailed information to submit a new complaint.",Naturally Receded (Unobserved),10.083333333333334
58962187,2023-09-29 10:08:00,2023-09-29 16:00:00,Sewer,Street Flooding (SJ),1 CENTER PLACE,CENTER PLACE,DUSTAN ST,CEDAR GROVE AVE,STATEN ISLAND,10306,40.563516760257734,-74.1010371065717,"The Department of Environment Protection inspected your complaint but could not find the problem you reported. If the condition persists, please call 311 (or 212-639-9675 if calling from a non-New York City area code) with more detailed information to submit a new complaint.",Naturally Receded (Unobserved),5.866666666666666
58960687,2023-09-29 10:08:00,2023-09-29 16:30:00,Sewer,Street Flooding (SJ),1966 RICHMOND ROAD,RICHMOND ROAD,HUNTER AVE,BEDFORD AVE,STATEN ISLAND,10306,40.583300097137645,-74.10840414721713,"The Department of Environment Protection inspected your complaint but could not find the problem you reported. If the condition persists, please call 311 (or 212-639-9675 if calling from a non-New York City area code) with more detailed information to submit a new complaint.",Naturally Receded (Unobserved),6.366666666666666
58963724,2023-09-29 10:02:00,2023-09-29 12:10:00,Sewer,Street Flooding (SJ),45 BANG TERRACE,BANG TERRACE,FINGERBOARD RD,DEAD END,STATEN ISLAND,10305,40.60898069905763,-74.0642081713328,"The Department of Environment Protection inspected your complaint but could not find the problem you reported. If the condition persists, please call 311 (or 212-639-9675 if calling from a non-New York City area code) with more detailed information to submit a new complaint.",Naturally Receded (Unobserved),2.1333333333333333
58963697,2023-09-29 10:02:00,2023-09-29 11:25:00,Sewer,Street Flooding (SJ),182 SOUTH STREET,SOUTH STREET,R F WAGNER SR PL,CATHERINE SLIP,MANHATTAN,10038,40.708878414145865,-73.99855722705524,"The Department of Environment Protection inspected your complaint but could not find the problem you reported. If the condition persists, please call 311 (or 212-639-9675 if calling from a non-New York City area code) with more detailed information to submit a new complaint.",Naturally Receded (Unobserved),1.3833333333333333
58957690,2023-09-29 09:56:00,2023-09-29 13:55:00,Sewer,Street Flooding (SJ),610 UNION AVENUE,UNION AVENUE,N 11 ST,BAYARD ST,BROOKLYN,11211,40.71865364691215,-73.95237429249629,"The Department of Environment Protection inspected your complaint but could not find the problem you reported. If the condition persists, please call 311 (or 212-639-9675 if calling from a non-New York City area code) with more detailed information to submit a new complaint.",Naturally Receded (Unobserved),3.9833333333333334
58962192,2023-09-29 09:53:00,2023-09-29 11:45:00,Sewer,Street Flooding (SJ),110A BROAD STREET,BROAD STREET,QUINN ST,CANAL ST,STATEN ISLAND,10304,40.62479524997262,-74.07895715839975,"The Department of Environment Protection inspected your complaint but could not find the problem you reported. If the condition persists, please call 311 (or 212-639-9675 if calling from a non-New York City area code) with more detailed information to submit a new complaint.",Naturally Receded (Unobserved),1.8666666666666667
58962193,2023-09-29 09:50:00,2023-09-29 18:15:00,Sewer,Street Flooding (SJ),,,,,BRONX,10466,40.889175837266485,-73.84415567193834,The Department of Environmental Protection has investigated this complaint. Surcharge conditions have been confirmed due to rain intensity or volume.,Hydraulic Capacity Surcharge,8.416666666666666
58962194,2023-09-29 09:47:00,2023-09-29 18:45:00,Sewer,Street Flooding (SJ),2265 WESTCHESTER AVENUE,WESTCHESTER AVENUE,WATERBURY AVE,PELHAM LINE,BRONX,10462,40.8345906037867,-73.84935001524146,The Department of Environmental Protection has investigated this complaint. Surcharge conditions have been confirmed due to rain intensity or volume.,Hydraulic Capacity Surcharge,8.966666666666667
58956079,2023-09-29 09:38:00,2023-09-29 19:20:00,Sewer,Street Flooding (SJ),,,,,BRONX,10457,40.84292334753507,-73.90955823631849,The Department of Environmental Protection has investigated this complaint. Surcharge conditions have been confirmed due to rain intensity or volume.,Hydraulic Capacity Surcharge,9.7
58957653,2023-09-29 09:38:00,2023-09-29 10:20:00,Sewer,Street Flooding (SJ),6 AVENUE,6 AVENUE,PACIFIC STREET,DEAN STREET,BROOKLYN,11217,,,"The Department of Environment Protection inspected your complaint but could not find the problem you reported. If the condition persists, please call 311 (or 212-639-9675 if calling from a non-New York City area code) with more detailed information to submit a new complaint.",Naturally Receded (Unobserved),0.7
58966888,2023-09-29 09:29:00,2023-09-29 17:30:00,Sewer,Street Flooding (SJ),601 STICKBALL BOULEVARD,STICKBALL BOULEVARD,RANDALL AVE,SEWARD AVE,BRONX,10473,40.818227227370315,-73.85630208017004,The Department of Environmental Protection has investigated this complaint. Surcharge conditions have been confirmed due to rain intensity or volume.,Hydraulic Capacity Surcharge,8.016666666666667
58962173,2023-09-29 09:20:00,2023-09-29 10:30:00,Sewer,Street Flooding (SJ),160 IMLAY STREET,IMLAY STREET,COMMERCE ST,VERONA ST,BROOKLYN,11231,40.68065900995755,-74.01019969373112,"The Department of Environment Protection inspected your complaint but could not find the problem you reported. If the condition persists, please call 311 (or 212-639-9675 if calling from a non-New York City area code) with more detailed information to submit a new complaint.",Naturally Receded (Unobserved),1.1666666666666667
58966890,2023-09-29 09:17:00,2023-09-29 18:30:00,Sewer,Street Flooding (SJ),770 HAVEMEYER AVENUE,HAVEMEYER AVENUE,VIRGIL PL,LAFAYETTE AVE,BRONX,10473,40.8230965441623,-73.84581710515383,The Department of Environmental Protection has investigated this complaint. Surcharge conditions have been confirmed due to rain intensity or volume.,Hydraulic Capacity Surcharge,9.216666666666667
58960705,2023-09-29 09:17:00,2023-09-29 19:00:00,Sewer,Street Flooding (SJ),50-32 31 AVENUE,31 AVENUE,HOBART ST,51 ST,QUEENS,11377,40.75705602066433,-73.90797834060528,"The Department of Environment Protection inspected your complaint but could not find the problem you reported. If the condition persists, please call 311 (or 212-639-9675 if calling from a non-New York City area code) with more detailed information to submit a new complaint.",Naturally Receded (Unobserved),9.716666666666667
58959134,2023-09-29 09:14:00,2023-09-29 10:30:00,Sewer,Street Flooding (SJ),224 9 STREET,9 STREET,3 AVE,4 AVE,BROOKLYN,11215,40.67090408774954,-73.98987750050192,"The Department of Environment Protection inspected your complaint but could not find the problem you reported. If the condition persists, please call 311 (or 212-639-9675 if calling from a non-New York City area code) with more detailed information to submit a new complaint.",Naturally Receded (Unobserved),1.2666666666666666
58963704,2023-09-29 09:08:00,2023-09-29 09:40:00,Sewer,Street Flooding (SJ),,,,,BROOKLYN,11231,40.681496249864225,-74.00920111176733,"The Department of Environment Protection inspected your complaint but could not find the problem you reported. If the condition persists, please call 311 (or 212-639-9675 if calling from a non-New York City area code) with more detailed information to submit a new complaint.",Naturally Receded (Unobserved),0.5333333333333333
58962174,2023-09-29 09:05:00,2023-09-29 10:20:00,Sewer,Street Flooding (SJ),,,,,BROOKLYN,11231,40.68043117114979,-74.01045203644651,"The Department of Environment Protection inspected your complaint but could not find the problem you reported. If the condition persists, please call 311 (or 212-639-9675 if calling from a non-New York City area code) with more detailed information to submit a new complaint.",Naturally Receded (Unobserved),1.25
58963705,2023-09-29 09:05:00,2023-09-29 09:40:00,Sewer,Street Flooding (SJ),22 2 AVENUE,2 AVENUE,5 ST,6 ST,BROOKLYN,11215,40.67491707849294,-73.99146673860658,"The Department of Environment Protection inspected your complaint but could not find the problem you reported. If the condition persists, please call 311 (or 212-639-9675 if calling from a non-New York City area code) with more detailed information to submit a new complaint.",Naturally Receded (Unobserved),0.5833333333333334
58959136,2023-09-29 09:02:00,2023-09-29 19:30:00,Sewer,Street Flooding (SJ),1918 LACOMBE AVENUE,LACOMBE AVENUE,BOLTON AVE,WHITE PLAINS RD,BRONX,10473,40.81563424371084,-73.85692906736413,The Department of Environmental Protection has investigated this complaint. Surcharge conditions have been confirmed due to rain intensity or volume.,Hydraulic Capacity Surcharge,10.466666666666667
58962221,2023-09-29 08:59:00,2023-09-29 16:00:00,Sewer,Street Flooding (SJ),202 GRAHAM AVENUE,GRAHAM AVENUE,SCHOLES ST,STAGG WALK,BROOKLYN,11206,40.708878253407214,-73.94344329677507,"The Department of Environment Protection inspected your complaint but could not find the problem you reported. If the condition persists, please call 311 (or 212-639-9675 if calling from a non-New York City area code) with more detailed information to submit a new complaint.",Naturally Receded (Unobserved),7.016666666666667
58959137,2023-09-29 08:59:00,2023-09-29 10:30:00,Sewer,Street Flooding (SJ),,,,,BROOKLYN,11231,40.681496249864225,-74.00920111176733,"The Department of Environment Protection inspected your complaint but could not find the problem you reported. If the condition persists, please call 311 (or 212-639-9675 if calling from a non-New York City area code) with more detailed information to submit a new complaint.",Naturally Receded (Unobserved),1.5166666666666666
58959194,2023-09-29 08:56:00,2023-09-29 09:20:00,Sewer,Street Flooding (SJ),48-05 66 STREET,66 STREET,48 AVE,49 AVE,QUEENS,11377,40.73829077710623,-73.89888911875597,"The Department of Environment Protection inspected your complaint but could not find the problem you reported. If the condition persists, please call 311 (or 212-639-9675 if calling from a non-New York City area code) with more detailed information to submit a new complaint.",Naturally Receded (Unobserved),0.4
58960723,2023-09-29 08:56:00,2023-09-29 09:30:00,Sewer,Street Flooding (SJ),35 WEST   19 STREET,WEST   19 STREET,5 AVE,AVENUE OF THE AMERICAS,MANHATTAN,10011,40.739627706065036,-73.99263485353569,The Department of Environmental Protection has investigated this complaint. Surcharge conditions have been confirmed due to rain intensity or volume.,Hydraulic Capacity Surcharge,0.5666666666666667
58966941,2023-09-29 08:50:00,2023-09-29 18:35:00,Sewer,Street Flooding (SJ),32-31 78 STREET,78 STREET,32 AVE,NORTHERN BLVD,QUEENS,11370,40.7563890772188,-73.88929645142524,"The Department of Environment Protection inspected your complaint but could not find the problem you reported. If the condition persists, please call 311 (or 212-639-9675 if calling from a non-New York City area code) with more detailed information to submit a new complaint.",Naturally Receded (Unobserved),9.75
58957713,2023-09-29 08:47:00,2023-09-29 20:15:00,Sewer,Street Flooding (SJ),209 HAWTHORNE STREET,HAWTHORNE STREET,BEDFORD AVE,ROGERS AVE,BROOKLYN,11225,40.65762974601843,-73.9538126693255,"The Department of Environment Protection inspected your complaint but could not find the problem you reported. If the condition persists, please call 311 (or 212-639-9675 if calling from a non-New York City area code) with more detailed information to submit a new complaint.",Naturally Receded (Unobserved),11.466666666666667
58959199,2023-09-29 08:44:00,2023-09-29 20:35:00,Sewer,Street Flooding (SJ),270 MAPLE STREET,MAPLE STREET,ROGERS AVE,NOSTRAND AVE,BROOKLYN,11225,40.6607442668461,-73.9518497572326,The Department of Environmental Protection has investigated this complaint. Surcharge conditions have been confirmed due to rain intensity or volume.,Hydraulic Capacity Surcharge,11.85
58957715,2023-09-29 08:44:00,2023-09-29 10:30:00,Sewer,Street Flooding (SJ),343 4 AVENUE,4 AVENUE,3 ST,5 ST,BROOKLYN,11215,40.67325598910393,-73.98629016268904,"The Department of Environment Protection inspected your complaint but could not find the problem you reported. If the condition persists, please call 311 (or 212-639-9675 if calling from a non-New York City area code) with more detailed information to submit a new complaint.",Naturally Receded (Unobserved),1.7666666666666666
